-- phpMyAdmin SQL Dump
-- version 5.1.1
-- https://www.phpmyadmin.net/
--
-- Host: 127.0.0.1
-- Generation Time: Dec 20, 2023 at 10:53 AM
-- Server version: 10.4.20-MariaDB
-- PHP Version: 7.3.29

SET SQL_MODE = "NO_AUTO_VALUE_ON_ZERO";
START TRANSACTION;
SET time_zone = "+00:00";


/*!40101 SET @OLD_CHARACTER_SET_CLIENT=@@CHARACTER_SET_CLIENT */;
/*!40101 SET @OLD_CHARACTER_SET_RESULTS=@@CHARACTER_SET_RESULTS */;
/*!40101 SET @OLD_COLLATION_CONNECTION=@@COLLATION_CONNECTION */;
/*!40101 SET NAMES utf8mb4 */;

--
-- Database: `tms_ajy`
--

-- --------------------------------------------------------

--
-- Table structure for table `account_groups`
--

CREATE TABLE `account_groups` (
  `id` bigint(20) UNSIGNED NOT NULL,
  `accountgroup_name` varchar(100) COLLATE utf8mb4_unicode_ci NOT NULL,
  `parent_id` int(11) DEFAULT NULL,
  `created` datetime DEFAULT NULL,
  `modified` datetime DEFAULT NULL,
  `status` tinyint(4) NOT NULL DEFAULT 1
) ENGINE=MyISAM DEFAULT CHARSET=utf8mb4 COLLATE=utf8mb4_unicode_ci;

--
-- Dumping data for table `account_groups`
--

INSERT INTO `account_groups` (`id`, `accountgroup_name`, `parent_id`, `created`, `modified`, `status`) VALUES
(1, 'Mishra', 2, '2023-08-11 08:05:08', '2023-08-11 08:05:08', 1),
(2, 'Keshri', 3, '2023-08-11 08:04:56', '2023-08-11 08:04:56', 0);

-- --------------------------------------------------------

--
-- Table structure for table `agents`
--

CREATE TABLE `agents` (
  `id` int(11) NOT NULL,
  `individual_id` int(11) NOT NULL DEFAULT 0,
  `agent_from` varchar(255) NOT NULL,
  `agent_to` varchar(255) NOT NULL,
  `created_by` int(11) NOT NULL,
  `modified_by` int(11) NOT NULL,
  `created` datetime NOT NULL,
  `modified` datetime NOT NULL,
  `status` tinyint(4) NOT NULL DEFAULT 1
) ENGINE=InnoDB DEFAULT CHARSET=latin1;

--
-- Dumping data for table `agents`
--

INSERT INTO `agents` (`id`, `individual_id`, `agent_from`, `agent_to`, `created_by`, `modified_by`, `created`, `modified`, `status`) VALUES
(1, 3, 'surat', 'kolkata', 1, 1, '2023-08-17 12:09:08', '2023-08-17 12:09:08', 0),
(2, 3, 'surat', 'kolkata', 1, 1, '2023-08-17 12:18:01', '2023-08-17 12:18:01', 1);

-- --------------------------------------------------------

--
-- Table structure for table `all_pages`
--

CREATE TABLE `all_pages` (
  `id` int(11) NOT NULL,
  `model_name` varchar(255) DEFAULT NULL,
  `page_title` varchar(255) NOT NULL,
  `page_name` varchar(255) NOT NULL,
  `page_rank` int(11) NOT NULL,
  `status` tinyint(1) NOT NULL DEFAULT 1
) ENGINE=InnoDB DEFAULT CHARSET=latin1;

--
-- Dumping data for table `all_pages`
--

INSERT INTO `all_pages` (`id`, `model_name`, `page_title`, `page_name`, `page_rank`, `status`) VALUES
(1, 'Dashboard', 'Dashboard', 'dashboard', 0, 1),
(2, 'Individuals', 'Show Individuals', 'show-individuals', 0, 1),
(3, NULL, 'Show Customers Individuals', 'show-customers-individuals', 0, 1),
(4, NULL, 'Show Agents Individuals', 'show-agents-individuals', 0, 1),
(5, NULL, 'Show labour individuals', 'show-labourer-individuals', 0, 1),
(6, NULL, 'Show Vendors Individuals', 'show-vendors-individuals', 0, 1),
(7, NULL, 'Show master individuals', 'show-master-individuals', 0, 1),
(8, NULL, 'Show transport ndividuals', 'show-transport-individuals', 0, 1),
(9, NULL, 'Show employee individuals', 'show-employee-individuals', 0, 1),
(10, NULL, 'Edit individual', 'edit-individual', 0, 1),
(11, NULL, 'Update Individual', 'update_individual', 0, 1),
(12, NULL, 'Add individual', 'add-individual', 0, 1),
(13, NULL, 'View persons', 'viewpersons', 0, 1),
(14, NULL, 'Store individual', 'store_individual', 0, 1),
(15, NULL, 'Delete Individual', 'deleteIndividual', 0, 1),
(16, NULL, 'Add customer individual', 'add-customer-individual', 0, 1),
(17, NULL, 'Store customer individual', 'store_customer_individual', 0, 0),
(18, NULL, 'Add master individual', 'add-master-individual', 0, 1),
(19, NULL, 'Store master individual', 'store_master_individual', 0, 1),
(20, NULL, 'Add agent individual', 'add-agent-individual', 0, 1),
(21, NULL, 'Store agent individual', 'store_agent_individual', 0, 1),
(22, NULL, 'Add labour individual', 'add-labourer-individual', 0, 1),
(23, NULL, 'Store labourer individual', 'store_labourer_individual', 0, 1),
(24, NULL, 'Add vendor individual', 'add-vendor-individual', 0, 1),
(25, NULL, 'Store vendor individual', 'store_vendor_individual', 0, 1),
(26, NULL, 'Add employee individual', 'add-employee-individual', 0, 1),
(27, NULL, 'Store employee individual', 'store_employee_individual', 0, 1),
(28, NULL, 'Add transport individual', 'add-transport-individual', 0, 1),
(29, NULL, 'Store transport individual', 'store_transport_individual', 0, 1),
(30, 'Department', 'Show departments', 'show-departments', 0, 1),
(31, NULL, 'Edit department', 'edit-department', 0, 1),
(32, NULL, 'Update department', 'update_department', 0, 1),
(33, NULL, 'Add department', 'add-department', 0, 1),
(34, NULL, 'Store department', 'store_department', 0, 1),
(35, NULL, 'Delete Department', 'deleteDepartment', 0, 1),
(36, 'Persons', 'Show persons', 'show-persons', 0, 1),
(37, NULL, 'Edit person', 'edit-person', 0, 1),
(38, NULL, 'Update person', 'update_person', 0, 1),
(39, NULL, 'Add person', 'add-person', 0, 1),
(40, NULL, 'Store person', 'store_person', 0, 1),
(41, NULL, 'Delete Person', 'deletePerson', 0, 1),
(42, 'Colours', 'Show colours', 'show-colours', 0, 1),
(43, NULL, 'Edit Colour', 'edit-colour', 0, 1),
(44, NULL, 'Update colour', 'update_colour', 0, 1),
(45, NULL, 'Add colour', 'add-colour', 0, 1),
(46, NULL, 'Store colour', 'store_colour', 0, 1),
(47, NULL, 'Delete Colour', 'deleteColour', 0, 1),
(48, 'Warehouse', 'Show warehouses', 'show-warehouses', 0, 1),
(49, NULL, 'Edit warehouse', 'edit-warehouse', 0, 1),
(50, NULL, 'Update warehouse', 'update_warehouse', 0, 1),
(51, NULL, 'Add warehouse', 'add-warehouse', 0, 1),
(52, NULL, 'Store warehouse', 'store_warehouse', 0, 1),
(53, NULL, 'Delete Warehouse', 'deleteWarehouse', 0, 1),
(54, 'Quality', 'show Qualities', 'show-qualities', 0, 1),
(55, NULL, 'Edit quality', 'edit-quality', 0, 1),
(56, NULL, 'Update quality', 'update_quality', 0, 1),
(57, NULL, 'Add quality', 'add-quality', 0, 1),
(58, NULL, 'Store quality', 'store_quality', 0, 1),
(59, NULL, 'Delete Quality', 'deleteQuality', 0, 1),
(60, 'Yarns', 'Show yarns', 'show-yarns', 0, 1),
(61, NULL, 'Edit Yarn', 'edit-yarn', 0, 1),
(62, NULL, 'Update yarn', 'update_yarn', 0, 1),
(63, NULL, 'Add Yarn', 'add-yarn', 0, 1),
(64, NULL, 'Store Yarn', 'store_yarn', 0, 1),
(65, NULL, 'Delete Yarn', 'deleteYarn', 0, 1),
(66, 'Work orders', 'Show workorders', 'show-workorders', 0, 1),
(67, NULL, 'Add workorder', 'add-workorder', 0, 1),
(68, NULL, 'Store workorder', 'store_workorder', 0, 1),
(69, NULL, 'Delete WorkOrder', 'deleteWorkOrder', 0, 1),
(70, NULL, 'Print workorder', 'print-workorder', 0, 1),
(71, NULL, 'Print workorder gatepass', 'print-workorder-gatepass', 0, 1),
(72, NULL, 'Show workorder report', 'show-workorder-report', 0, 1),
(73, NULL, 'Start workorder', 'start-workorder', 0, 1),
(74, NULL, 'Update Start Process', 'update_startprocess', 0, 1),
(75, NULL, 'Update end process', 'update_endprocess', 0, 1),
(76, NULL, 'Update Inspection Process', 'update_inspec_process', 0, 1),
(77, NULL, 'Start Add Work Order', 'start-addworkorder', 0, 1),
(78, NULL, 'Check Warehouse Item Stock', 'check-warehouse-item-stock', 0, 1),
(79, NULL, 'Work Order Details', 'workorder-details', 0, 1),
(80, NULL, 'Start Requisition Process', 'start-requisition-process', 0, 1),
(81, NULL, 'Create Work Order', 'createWorkOrder', 0, 1),
(82, NULL, 'Check WarehouseItem Stock', 'checkWarehouseItemStock', 0, 1),
(83, NULL, 'get Work Order Details', 'getWorkOrderDetails', 0, 1),
(84, NULL, 'Accept Work Order In Warehouse', 'acceptWorkOrderInWarehouse', 0, 1),
(85, NULL, 'Accept work item in warehouse', 'accept_work_item_in_warehouse', 0, 1),
(86, NULL, 'Receive work Item', 'receive-work-item', 0, 1),
(87, NULL, 'Receive work item in warehouse', 'receive_work_item_in_warehouse', 0, 1),
(88, NULL, 'Add work requisition', 'add_work_requisition', 0, 1),
(89, NULL, 'Add work requisition for dyeing', 'add_work_requisition_for_dyeing', 0, 1),
(90, NULL, 'Show Vehicles', 'show-vehicles', 0, 1),
(91, NULL, 'Edit Vehicle', 'edit-vehicle', 0, 1),
(92, NULL, 'Update  Vehicle', 'update_vehicle', 0, 1),
(93, NULL, 'Add Vehicle', 'add-vehicle', 0, 1),
(94, NULL, 'Store Vehicle', 'store_vehicle', 0, 1),
(95, NULL, 'Delete Vehicle', 'deleteVehicle', 0, 1),
(96, NULL, 'Show Banks', 'show-banks', 0, 1),
(97, NULL, 'Edit Bank', 'edit-bank', 0, 1),
(98, NULL, 'Update Bank', 'update_bank', 0, 1),
(99, NULL, 'Add Bank', 'add-bank', 0, 1),
(100, NULL, 'Store Bank', 'store_bank', 0, 1),
(101, NULL, 'Delete Bank', 'deleteBank', 0, 1),
(102, NULL, 'Show Warehouse Compartment', 'show-warehousecompartment', 0, 1),
(103, NULL, 'Edit Warehousecompartment', 'edit-warehousecompartment', 0, 1),
(104, NULL, 'Update Warehouse Compartment', 'update_warehousecompartment', 0, 1),
(105, NULL, 'Add Warehouse Compartment', 'add-warehousecompartment', 0, 1),
(106, NULL, 'Store Warehouse Compartment', 'store_warehousecompartment', 0, 1),
(107, NULL, 'Delete Warehouse Compartment', 'deletewarehouseCompartment', 0, 1),
(108, NULL, 'Show  Bank Accounts', 'show-bankaccounts', 0, 1),
(109, NULL, 'Edit Bank Account', 'edit-bankaccount', 0, 1),
(110, NULL, 'Update Bank Account', 'update_bankaccount', 0, 1),
(111, NULL, 'Add Bank Account', 'add-bankaccount', 0, 1),
(112, NULL, 'Store Bank Account', 'store_bankaccount', 0, 1),
(113, NULL, 'Delete Bank Account', 'deleteBankAccount', 0, 1),
(114, NULL, 'Show Account Groups', 'show-accountgroups', 0, 1),
(115, NULL, 'Edit Account Group', 'edit-accountgroup', 0, 1),
(116, NULL, 'Update Account Group', 'update_accountgroup', 0, 1),
(117, NULL, 'Add Account Group', 'add-accountgroup', 0, 1),
(118, NULL, 'Store Account Group', 'store_accountgroup', 0, 1),
(119, NULL, 'Delete Account Group', 'deleteAccountGroup', 0, 1),
(120, NULL, 'Show Brands', 'show-brands', 0, 1),
(121, NULL, 'Edit Brand', 'edit-brand', 0, 1),
(122, NULL, 'Update Brand', 'update_brand', 0, 1),
(123, NULL, 'Add Brand', 'add-brand', 0, 1),
(124, NULL, 'Store Brand', 'store_brand', 0, 1),
(125, NULL, 'Delete Brand', 'deleteBrand', 0, 1),
(126, NULL, 'Show Machines', 'show-machines', 0, 1),
(127, NULL, 'Edit Machine', 'edit-machine', 0, 1),
(128, NULL, 'Update Machine', 'update_machine', 0, 1),
(129, NULL, 'Add Machine', 'add-machine', 0, 1),
(130, NULL, 'Store Machine', 'store_machine', 0, 1),
(131, NULL, 'Delete Machine', 'deleteMachine', 0, 1),
(132, NULL, 'Show Unit Types', 'show-unittypes', 0, 1),
(133, NULL, 'Edit Unit Type', 'edit-unittype', 0, 1),
(134, NULL, 'Update Unit Type', 'update_unittype', 0, 1),
(135, NULL, 'Add Unit Type', 'add-unittype', 0, 1),
(136, NULL, 'store_unittype', 'Store Unit type', 0, 1),
(137, NULL, 'Delete Unit Type', 'deleteUnitType', 0, 1),
(138, NULL, 'show Item Types', 'show-itemtypes', 0, 1),
(139, NULL, 'Edit Item Types', 'edit-itemtype', 0, 1),
(140, NULL, 'Update Item Types', 'update_itemtype', 0, 1),
(141, NULL, 'Add Item type', 'add-itemtype', 0, 1),
(142, NULL, 'Store Item type', 'store_itemtype', 0, 1),
(143, NULL, 'Delete Item Type', 'deleteItemType', 0, 1),
(144, NULL, 'Show items', 'show-items', 0, 1);

-- --------------------------------------------------------

--
-- Table structure for table `bank`
--

CREATE TABLE `bank` (
  `id` bigint(20) UNSIGNED NOT NULL,
  `bank_name` varchar(100) COLLATE utf8mb4_unicode_ci NOT NULL,
  `created` datetime DEFAULT NULL,
  `modified` datetime DEFAULT NULL,
  `status` tinyint(4) NOT NULL DEFAULT 1
) ENGINE=MyISAM DEFAULT CHARSET=utf8mb4 COLLATE=utf8mb4_unicode_ci;

--
-- Dumping data for table `bank`
--

INSERT INTO `bank` (`id`, `bank_name`, `created`, `modified`, `status`) VALUES
(1, 'Union', '2023-08-11 07:54:57', '2023-08-11 07:54:57', 1),
(3, 'boi', '2023-08-11 07:55:22', '2023-08-11 07:55:22', 1),
(4, 'bob', '2023-08-11 07:55:34', '2023-08-11 07:55:34', 1),
(5, 'pnb', '2023-08-11 07:55:47', '2023-08-11 07:55:47', 1),
(6, 'axis', '2023-08-11 12:42:20', '2023-08-11 12:42:20', 1);

-- --------------------------------------------------------

--
-- Table structure for table `bank_accounts`
--

CREATE TABLE `bank_accounts` (
  `id` bigint(20) UNSIGNED NOT NULL,
  `bank_id` int(11) DEFAULT NULL,
  `account_number` varchar(15) COLLATE utf8mb4_unicode_ci NOT NULL,
  `account_name` varchar(100) COLLATE utf8mb4_unicode_ci NOT NULL,
  `ifsc_code` varchar(100) COLLATE utf8mb4_unicode_ci NOT NULL,
  `bank_branch` varchar(100) COLLATE utf8mb4_unicode_ci NOT NULL,
  `bank_address` varchar(100) COLLATE utf8mb4_unicode_ci NOT NULL,
  `created` datetime DEFAULT NULL,
  `modified` datetime DEFAULT NULL,
  `status` tinyint(4) NOT NULL DEFAULT 1
) ENGINE=MyISAM DEFAULT CHARSET=utf8mb4 COLLATE=utf8mb4_unicode_ci;

--
-- Dumping data for table `bank_accounts`
--

INSERT INTO `bank_accounts` (`id`, `bank_id`, `account_number`, `account_name`, `ifsc_code`, `bank_branch`, `bank_address`, `created`, `modified`, `status`) VALUES
(1, 2, '736276426342', 'Shivam', 'sbi3434', 'mg', 'mg road', '2023-08-11 07:59:42', '2023-08-11 07:59:42', 1),
(2, 1, '7324673645', 'manish', 'un4354', 'bb', 'burra Bazar', '2023-08-11 08:00:52', '2023-08-11 08:00:52', 1);

-- --------------------------------------------------------

--
-- Table structure for table `bims`
--

CREATE TABLE `bims` (
  `id` bigint(20) UNSIGNED NOT NULL,
  `name` varchar(255) COLLATE utf8mb4_unicode_ci DEFAULT NULL,
  `created` datetime DEFAULT NULL,
  `modified` datetime DEFAULT NULL,
  `status` tinyint(4) NOT NULL DEFAULT 1
) ENGINE=MyISAM DEFAULT CHARSET=utf8mb4 COLLATE=utf8mb4_unicode_ci;

-- --------------------------------------------------------

--
-- Table structure for table `brands`
--

CREATE TABLE `brands` (
  `id` bigint(20) UNSIGNED NOT NULL,
  `brand_name` varchar(100) COLLATE utf8mb4_unicode_ci NOT NULL,
  `created` datetime DEFAULT NULL,
  `modified` datetime DEFAULT NULL,
  `status` tinyint(4) NOT NULL DEFAULT 1
) ENGINE=InnoDB DEFAULT CHARSET=utf8mb4 COLLATE=utf8mb4_unicode_ci;

--
-- Dumping data for table `brands`
--

INSERT INTO `brands` (`id`, `brand_name`, `created`, `modified`, `status`) VALUES
(0, 'Tata', '2023-11-03 13:30:04', '2023-11-03 13:30:04', 1),
(0, 'Mahindra', '2023-11-03 13:30:16', '2023-11-03 13:30:16', 1),
(0, 'Maruti', '2023-11-03 13:33:03', '2023-11-03 13:33:03', 1);

-- --------------------------------------------------------

--
-- Table structure for table `chemicals`
--

CREATE TABLE `chemicals` (
  `id` bigint(20) UNSIGNED NOT NULL,
  `chemical_name` varchar(100) COLLATE utf8mb4_unicode_ci NOT NULL,
  `created` datetime DEFAULT NULL,
  `modified` datetime DEFAULT NULL,
  `status` tinyint(4) NOT NULL DEFAULT 1
) ENGINE=MyISAM DEFAULT CHARSET=utf8mb4 COLLATE=utf8mb4_unicode_ci;

-- --------------------------------------------------------

--
-- Table structure for table `cities`
--

CREATE TABLE `cities` (
  `id` int(11) NOT NULL,
  `name` varchar(30) NOT NULL,
  `state_id` int(11) NOT NULL,
  `created` datetime DEFAULT NULL,
  `modified` datetime DEFAULT NULL,
  `status` tinyint(4) NOT NULL DEFAULT 1
) ENGINE=InnoDB DEFAULT CHARSET=latin1;

--
-- Dumping data for table `cities`
--

INSERT INTO `cities` (`id`, `name`, `state_id`, `created`, `modified`, `status`) VALUES
(10, 'Faridabad', 13, NULL, NULL, 1),
(11, 'Palwal', 13, NULL, NULL, 1),
(12, 'Hathin', 13, NULL, NULL, 1),
(13, 'Hassanpur', 13, NULL, NULL, 1),
(14, 'Gurgaon', 13, NULL, NULL, 1),
(15, 'Sohna', 13, NULL, NULL, 1),
(16, 'Ferozepur Jhirka', 13, NULL, NULL, 1),
(17, 'Dharuhera', 13, NULL, NULL, 1),
(18, 'Nuh', 13, NULL, NULL, 1),
(19, 'Narnaul', 13, NULL, NULL, 1),
(20, 'Bhiwani', 13, NULL, NULL, 1),
(21, 'Kanina', 13, NULL, NULL, 1),
(22, 'Loharu', 13, NULL, NULL, 1),
(23, 'Rewari', 13, NULL, NULL, 1),
(24, 'Charkhi Dadri', 13, NULL, NULL, 1),
(25, 'Bawal', 13, NULL, NULL, 1),
(26, 'Pataudi', 13, NULL, NULL, 1),
(27, 'Rohtak', 13, NULL, NULL, 1),
(28, 'Jhajjar', 13, NULL, NULL, 1),
(29, 'Kalanaur', 13, NULL, NULL, 1),
(30, 'Beri', 13, NULL, NULL, 1),
(31, 'Gohana', 13, NULL, NULL, 1),
(32, 'Sonepat', 13, NULL, NULL, 1),
(33, 'Bahadurgarh', 13, NULL, NULL, 1),
(34, 'Hissar', 13, NULL, NULL, 1),
(35, 'Bawani Khera', 13, NULL, NULL, 1),
(36, 'Hansi', 13, NULL, NULL, 1),
(37, 'Narnaund', 13, NULL, NULL, 1),
(38, 'Tosham', 13, NULL, NULL, 1),
(39, 'Fatehbad', 13, NULL, NULL, 1),
(40, 'Fatehabad', 13, NULL, NULL, 1),
(41, 'Sirsa', 13, NULL, NULL, 1),
(42, 'Rania', 13, NULL, NULL, 1),
(43, 'Ladwa', 13, NULL, NULL, 1),
(44, 'Ellenabad', 13, NULL, NULL, 1),
(45, 'Mandi Dabwali', 13, NULL, NULL, 1),
(46, 'Safidon', 13, NULL, NULL, 1),
(47, 'Jakhal Mandi', 13, NULL, NULL, 1),
(48, 'Barwala', 13, NULL, NULL, 1),
(49, 'Julana', 13, NULL, NULL, 1),
(50, 'Jind', 13, NULL, NULL, 1),
(51, 'Uchana', 13, NULL, NULL, 1),
(52, 'Narwana', 13, NULL, NULL, 1),
(53, 'Tohana', 13, NULL, NULL, 1),
(54, 'Kaithal', 13, NULL, NULL, 1),
(55, 'Ganaur', 13, NULL, NULL, 1),
(56, 'Karnal', 13, NULL, NULL, 1),
(57, 'Kurukshetra', 13, NULL, NULL, 1),
(58, 'Pundri', 13, NULL, NULL, 1),
(59, 'Assandh', 13, NULL, NULL, 1),
(60, 'Panipat', 13, NULL, NULL, 1),
(61, 'Samalkha', 13, NULL, NULL, 1),
(62, 'Gharaunda', 13, NULL, NULL, 1),
(63, 'Nilokheri', 13, NULL, NULL, 1),
(64, 'Pehowa', 13, NULL, NULL, 1),
(65, 'Radaur', 13, NULL, NULL, 1),
(66, 'Ambala', 13, NULL, NULL, 1),
(67, 'Mustafabad', 13, NULL, NULL, 1),
(68, 'Kalka', 13, NULL, NULL, 1),
(69, 'Panchkula', 13, NULL, NULL, 1),
(70, 'Pinjore', 13, NULL, NULL, 1),
(71, 'Naraingarh', 13, NULL, NULL, 1),
(72, 'Raipur Rani', 13, NULL, NULL, 1),
(73, 'Yamunanagar', 13, NULL, NULL, 1),
(74, 'Jagadhri', 13, NULL, NULL, 1),
(75, 'Bilaspur', 13, NULL, NULL, 1),
(76, 'Chhachhrauli', 13, NULL, NULL, 1),
(77, 'Rupnagar', 32, NULL, NULL, 1),
(78, 'Morinda', 32, NULL, NULL, 1),
(79, 'Kurali', 32, NULL, NULL, 1),
(80, 'Anandpur Sahib', 32, NULL, NULL, 1),
(81, 'Nangal', 32, NULL, NULL, 1),
(82, 'Kharar', 32, NULL, NULL, 1),
(83, 'Patiala', 32, NULL, NULL, 1),
(84, 'Rajpura', 32, NULL, NULL, 1),
(85, 'Fatehgarh Sahib', 32, NULL, NULL, 1),
(86, 'Ghanaur', 32, NULL, NULL, 1),
(87, 'Ludhiana', 32, NULL, NULL, 1),
(88, 'Raikot', 32, NULL, NULL, 1),
(89, 'Samrala', 32, NULL, NULL, 1),
(90, 'Machhiwara', 32, NULL, NULL, 1),
(91, 'Kapurthala', 32, NULL, NULL, 1),
(92, 'Jandiala', 32, NULL, NULL, 1),
(93, 'Nakodar', 32, NULL, NULL, 1),
(94, 'Payal', 32, NULL, NULL, 1),
(95, 'Ferozepur', 32, NULL, NULL, 1),
(96, 'Moga', 32, NULL, NULL, 1),
(97, 'Badhni Kalan', 32, NULL, NULL, 1),
(98, 'Dharamkot', 32, NULL, NULL, 1),
(99, 'Makhu', 32, NULL, NULL, 1),
(100, 'Zira', 32, NULL, NULL, 1),
(101, 'Talwandi Bhai', 32, NULL, NULL, 1),
(102, 'Amritsar', 32, NULL, NULL, 1),
(103, 'Ajnala', 32, NULL, NULL, 1),
(104, 'Bhikhiwind', 32, NULL, NULL, 1),
(105, 'Patti', 32, NULL, NULL, 1),
(106, 'Khem Karan', 32, NULL, NULL, 1),
(107, 'Batala', 32, NULL, NULL, 1),
(108, 'Gurdaspur', 32, NULL, NULL, 1),
(109, 'Kalanaur', 32, NULL, NULL, 1),
(110, 'Dhariwal', 32, NULL, NULL, 1),
(111, 'Sri Hargobindpur', 32, NULL, NULL, 1),
(112, 'Qadian', 32, NULL, NULL, 1),
(113, 'Dina Nagar', 32, NULL, NULL, 1),
(114, 'Majitha', 32, NULL, NULL, 1),
(115, 'Fatehgarh Churian', 32, NULL, NULL, 1),
(116, 'Dera Baba Nanak', 32, NULL, NULL, 1),
(117, 'Jalandhar', 32, NULL, NULL, 1),
(118, 'Hoshiarpur', 32, NULL, NULL, 1),
(119, 'Hariana', 32, NULL, NULL, 1),
(120, 'Mukerian', 32, NULL, NULL, 1),
(121, 'Hajipur', 32, NULL, NULL, 1),
(122, 'Alawalpur', 32, NULL, NULL, 1),
(123, 'Banga', 32, NULL, NULL, 1),
(124, 'Phagwara', 32, NULL, NULL, 1),
(125, 'Goraya', 32, NULL, NULL, 1),
(126, 'Phillaur', 32, NULL, NULL, 1),
(127, 'Nawanshahr', 32, NULL, NULL, 1),
(128, 'Rahon', 32, NULL, NULL, 1),
(129, 'Begowal', 32, NULL, NULL, 1),
(130, 'Nabha', 32, NULL, NULL, 1),
(131, 'Sultanpur Lodhi', 32, NULL, NULL, 1),
(132, 'Shahkot', 32, NULL, NULL, 1),
(133, 'Kartarpur', 32, NULL, NULL, 1),
(134, 'Dhilwan', 32, NULL, NULL, 1),
(135, 'Pathankot', 32, NULL, NULL, 1),
(136, 'Sujanpur', 32, NULL, NULL, 1),
(137, 'Mahilpur', 32, NULL, NULL, 1),
(138, 'Samana', 32, NULL, NULL, 1),
(139, 'Ghagga', 32, NULL, NULL, 1),
(140, 'Sanaur', 32, NULL, NULL, 1),
(141, 'Amloh', 32, NULL, NULL, 1),
(142, 'Sangrur', 32, NULL, NULL, 1),
(143, 'Ahmedgarh', 32, NULL, NULL, 1),
(144, 'Malerkotla', 32, NULL, NULL, 1),
(145, 'Dhuri', 32, NULL, NULL, 1),
(146, 'Bhawanigarh', 32, NULL, NULL, 1),
(147, 'Sunam', 32, NULL, NULL, 1),
(148, 'Cheema', 32, NULL, NULL, 1),
(149, 'Lehragaga', 32, NULL, NULL, 1),
(150, 'Akalgarh', 32, NULL, NULL, 1),
(151, 'Dirba', 32, NULL, NULL, 1),
(152, 'Barnala', 32, NULL, NULL, 1),
(153, 'Bhadaur', 32, NULL, NULL, 1),
(154, 'Dhanaula', 32, NULL, NULL, 1),
(155, 'Longowal', 32, NULL, NULL, 1),
(156, 'Bhatinda', 32, NULL, NULL, 1),
(157, 'Rampura Phul', 32, NULL, NULL, 1),
(158, 'Jaitu', 32, NULL, NULL, 1),
(159, 'Faridkot', 32, NULL, NULL, 1),
(160, 'Raman', 32, NULL, NULL, 1),
(161, 'Sangat', 32, NULL, NULL, 1),
(162, 'Budhlada', 32, NULL, NULL, 1),
(163, 'Bhikhi', 32, NULL, NULL, 1),
(164, 'Mansa', 32, NULL, NULL, 1),
(165, 'Sardulgarh', 32, NULL, NULL, 1),
(166, 'Maur', 32, NULL, NULL, 1),
(167, 'Jalalabad', 32, NULL, NULL, 1),
(168, 'Bariwala', 32, NULL, NULL, 1),
(169, 'Muktsar', 32, NULL, NULL, 1),
(170, 'Gidderbaha', 32, NULL, NULL, 1),
(171, 'Malout', 32, NULL, NULL, 1),
(172, 'Abohar', 32, NULL, NULL, 1),
(173, 'Chandigarh', 32, NULL, NULL, 1),
(174, 'Shimla', 14, NULL, NULL, 1),
(175, 'Jutogh', 14, NULL, NULL, 1),
(176, 'Theog', 14, NULL, NULL, 1),
(177, 'Jubbal', 14, NULL, NULL, 1),
(178, 'Rohru', 14, NULL, NULL, 1),
(179, 'Narkanda', 14, NULL, NULL, 1),
(180, 'Jammu', 15, NULL, NULL, 1),
(181, 'Ghaziabad', 38, NULL, NULL, 1),
(182, 'Ramnagar', 38, NULL, NULL, 1),
(183, 'Loni', 38, NULL, NULL, 1),
(184, 'Modinagar', 38, NULL, NULL, 1),
(185, 'Mohiuddinpur', 38, NULL, NULL, 1),
(186, 'Muradnagar', 38, NULL, NULL, 1),
(187, 'Gautam Buddha Nagar', 38, NULL, NULL, 1),
(188, 'Noida', 38, NULL, NULL, 1),
(189, 'Aligarh', 2, NULL, NULL, 1),
(190, 'Pilkhana', 38, NULL, NULL, 1),
(191, 'Gonda', 38, NULL, NULL, 1),
(192, 'Iglas', 38, NULL, NULL, 1),
(193, 'Kauriaganj', 38, NULL, NULL, 1),
(194, 'Khair', 38, NULL, NULL, 1),
(195, 'Atrauli', 38, NULL, NULL, 1),
(196, 'Bulandshahar', 2, NULL, NULL, 1),
(197, 'Anupshahr', 38, NULL, NULL, 1),
(198, 'Dibai', 38, NULL, NULL, 1),
(199, 'Shikarpur', 38, NULL, NULL, 1),
(200, 'Pahasu', 38, NULL, NULL, 1),
(201, 'Bahjoi', 38, NULL, NULL, 1),
(202, 'Bilari', 38, NULL, NULL, 1),
(203, 'Chandausi', 38, NULL, NULL, 1),
(204, 'Moradabad', 2, NULL, NULL, 1),
(205, 'Kundarki', 38, NULL, NULL, 1),
(206, 'Narauli', 38, NULL, NULL, 1),
(207, 'Khurja', 38, NULL, NULL, 1),
(208, 'Jewar', 38, NULL, NULL, 1),
(209, 'Jahangirpur', 38, NULL, NULL, 1),
(210, 'Dankaur', 38, NULL, NULL, 1),
(211, 'Sikandrabad', 38, NULL, NULL, 1),
(212, 'Mathura', 38, NULL, NULL, 1),
(213, 'Kanth', 38, NULL, NULL, 1),
(214, 'Hasayan', 38, NULL, NULL, 1),
(215, 'Mursan', 38, NULL, NULL, 1),
(216, 'Jasrana', 38, NULL, NULL, 1),
(217, 'Firozabad', 2, NULL, NULL, 1),
(218, 'Farukhabad', 2, NULL, NULL, 1),
(219, 'Amanpur', 38, NULL, NULL, 1),
(220, 'Nawabganj', 38, NULL, NULL, 1),
(221, 'Kanpur', 38, NULL, NULL, 1),
(222, 'Armapur Estate', 38, NULL, NULL, 1),
(223, 'Akbarpur', 38, NULL, NULL, 1),
(224, 'Pukhrayan', 38, NULL, NULL, 1),
(225, 'Amraudha', 38, NULL, NULL, 1),
(226, 'Bithoor', 38, NULL, NULL, 1),
(227, 'Ghatampur', 38, NULL, NULL, 1),
(228, 'Rura', 38, NULL, NULL, 1),
(229, 'Rasulabad', 38, NULL, NULL, 1),
(230, 'Jhinjhak', 38, NULL, NULL, 1),
(231, 'Fatehgarh', 38, NULL, NULL, 1),
(232, 'Gursahaiganj', 38, NULL, NULL, 1),
(233, 'Faizabad', 38, NULL, NULL, 1),
(234, 'Kamalganj', 38, NULL, NULL, 1),
(235, 'Kannauj', 38, NULL, NULL, 1),
(236, 'Saurikh', 38, NULL, NULL, 1),
(237, 'Sikanderpur', 38, NULL, NULL, 1),
(238, 'Talgram', 38, NULL, NULL, 1),
(239, 'Unnao', 38, NULL, NULL, 1),
(240, 'Maurawan', 38, NULL, NULL, 1),
(241, 'Purwa', 38, NULL, NULL, 1),
(242, 'Mohan', 38, NULL, NULL, 1),
(243, 'Gangaghat', 38, NULL, NULL, 1),
(244, 'Allahabad', 2, NULL, NULL, 1),
(245, 'Katra', 38, NULL, NULL, 1),
(246, 'Rajapur', 38, NULL, NULL, 1),
(247, 'Ranipur', 38, NULL, NULL, 1),
(248, 'Bharatganj', 38, NULL, NULL, 1),
(249, 'Shankargarh', 38, NULL, NULL, 1),
(250, 'Sikandra', 38, NULL, NULL, 1),
(251, 'Bharwari', 38, NULL, NULL, 1),
(252, 'Chail', 38, NULL, NULL, 1),
(253, 'Karari', 38, NULL, NULL, 1),
(254, 'Phulpur', 38, NULL, NULL, 1),
(255, 'Fatehpur', 38, NULL, NULL, 1),
(256, 'Ghazipur', 38, NULL, NULL, 1),
(257, 'Bindki', 38, NULL, NULL, 1),
(258, 'Khaga', 38, NULL, NULL, 1),
(259, 'Harduaganj', 38, NULL, NULL, 1),
(260, 'Varanasi', 38, NULL, NULL, 1),
(261, 'Baragaon', 38, NULL, NULL, 1),
(262, 'Gangapur', 38, NULL, NULL, 1),
(263, 'Gopiganj', 38, NULL, NULL, 1),
(264, 'Khamaria', 38, NULL, NULL, 1),
(265, 'Suriyawan', 38, NULL, NULL, 1),
(266, 'Nai Bazar', 38, NULL, NULL, 1),
(267, 'Mirzapur', 38, NULL, NULL, 1),
(268, 'Baraut', 38, NULL, NULL, 1),
(269, 'Handia', 38, NULL, NULL, 1),
(270, 'Jhusi', 38, NULL, NULL, 1),
(271, 'Chitrakoot', 38, NULL, NULL, 1),
(272, 'Ayodhya', 38, NULL, NULL, 1),
(273, 'Deoria', 38, NULL, NULL, 1),
(274, 'Shahganj', 38, NULL, NULL, 1),
(275, 'Bikapur', 38, NULL, NULL, 1),
(276, 'Banki', 38, NULL, NULL, 1),
(277, 'Barabanki', 38, NULL, NULL, 1),
(278, 'Satrikh', 38, NULL, NULL, 1),
(279, 'Dewa', 38, NULL, NULL, 1),
(280, 'Zaidpur', 38, NULL, NULL, 1),
(281, 'Lucknow', 2, NULL, NULL, 1),
(282, 'Wazirganj', 38, NULL, NULL, 1),
(283, 'Malihabad', 38, NULL, NULL, 1),
(284, 'Amethi', 38, NULL, NULL, 1),
(285, 'Haidergarh', 38, NULL, NULL, 1),
(286, 'Nagram', 38, NULL, NULL, 1),
(287, 'Rae Bareli', 38, NULL, NULL, 1),
(288, 'Raibareilly', 38, NULL, NULL, 1),
(289, 'Salon', 38, NULL, NULL, 1),
(290, 'Dalmau', 38, NULL, NULL, 1),
(291, 'Lalganj', 38, NULL, NULL, 1),
(292, 'Bachhrawan', 38, NULL, NULL, 1),
(293, 'Jais', 38, NULL, NULL, 1),
(294, 'Bhagwant Nagar', 38, NULL, NULL, 1),
(295, 'Obra', 38, NULL, NULL, 1),
(296, 'Ahraura', 38, NULL, NULL, 1),
(297, 'Chunar', 38, NULL, NULL, 1),
(298, 'Chakia', 38, NULL, NULL, 1),
(299, 'Bisauli', 38, NULL, NULL, 1),
(300, 'Zamania', 38, NULL, NULL, 1),
(301, 'Rampur', 38, NULL, NULL, 1),
(302, 'Mohammadabad', 38, NULL, NULL, 1),
(303, 'Talbehat', 38, NULL, NULL, 1),
(304, 'Hardoi', 38, NULL, NULL, 1),
(305, 'Pali', 38, NULL, NULL, 1),
(306, 'Shahabad', 38, NULL, NULL, 1),
(307, 'Sandila', 38, NULL, NULL, 1),
(308, 'Bilgram', 38, NULL, NULL, 1),
(309, 'Madhoganj', 38, NULL, NULL, 1),
(310, 'Mallawan', 38, NULL, NULL, 1),
(311, 'Beniganj', 38, NULL, NULL, 1),
(312, 'Gausganj', 38, NULL, NULL, 1),
(313, 'Sandi', 38, NULL, NULL, 1),
(314, 'Gopamau', 38, NULL, NULL, 1),
(315, 'Pihani', 38, NULL, NULL, 1),
(316, 'Bangarmau', 38, NULL, NULL, 1),
(317, 'Safipur', 38, NULL, NULL, 1),
(318, 'Bareilly', 38, NULL, NULL, 1),
(319, 'Baheri', 38, NULL, NULL, 1),
(320, 'Aonla', 38, NULL, NULL, 1),
(321, 'Aliganj', 38, NULL, NULL, 1),
(322, 'Faridpur', 38, NULL, NULL, 1),
(323, 'Mirganj', 38, NULL, NULL, 1),
(324, 'Shahi', 38, NULL, NULL, 1),
(325, 'Milak', 38, NULL, NULL, 1),
(326, 'Amroha', 38, NULL, NULL, 1),
(327, 'Gajraula', 38, NULL, NULL, 1),
(328, 'Ujhari', 38, NULL, NULL, 1),
(329, 'Sirsi', 38, NULL, NULL, 1),
(330, 'Sambhal', 38, NULL, NULL, 1),
(331, 'Thakurdwara', 38, NULL, NULL, 1),
(332, 'Bilaspur', 38, NULL, NULL, 1),
(333, 'Suar', 38, NULL, NULL, 1),
(334, 'Tanda', 38, NULL, NULL, 1),
(335, 'Hapur', 38, NULL, NULL, 1),
(336, 'Babugarh', 38, NULL, NULL, 1),
(337, 'Meerut', 2, NULL, NULL, 1),
(338, 'Pilkhuwa', 38, NULL, NULL, 1),
(339, 'Aurangabad', 38, NULL, NULL, 1),
(340, 'Bugrasi', 38, NULL, NULL, 1),
(341, 'Khanpur', 38, NULL, NULL, 1),
(342, 'Saidpur', 38, NULL, NULL, 1),
(343, 'Saharanpur', 2, NULL, NULL, 1),
(344, 'Ambehta', 38, NULL, NULL, 1),
(345, 'Gangoh', 38, NULL, NULL, 1),
(346, 'Nakur', 38, NULL, NULL, 1),
(347, 'Nanauta', 38, NULL, NULL, 1),
(348, 'Deoband', 38, NULL, NULL, 1),
(349, 'Ailum', 38, NULL, NULL, 1),
(350, 'Jalalabad', 38, NULL, NULL, 1),
(351, 'Jhinjhana', 38, NULL, NULL, 1),
(352, 'Kairana', 38, NULL, NULL, 1),
(353, 'Muzaffarnagar', 2, NULL, NULL, 1),
(354, 'Shamli', 38, NULL, NULL, 1),
(355, 'Thana Bhawan', 38, NULL, NULL, 1),
(356, 'Un', 38, NULL, NULL, 1),
(357, 'Mawana', 38, NULL, NULL, 1),
(358, 'Hastinapur', 38, NULL, NULL, 1),
(359, 'Aminagar Sarai', 38, NULL, NULL, 1),
(360, 'Chhaprauli', 38, NULL, NULL, 1),
(361, 'Khatauli', 38, NULL, NULL, 1),
(362, 'Budhana', 38, NULL, NULL, 1),
(363, 'Shahpur', 38, NULL, NULL, 1),
(364, 'Sisauli', 38, NULL, NULL, 1),
(365, 'Sitapur', 38, NULL, NULL, 1),
(366, 'Khairabad', 38, NULL, NULL, 1),
(367, 'Laharpur', 38, NULL, NULL, 1),
(368, 'Maholi', 38, NULL, NULL, 1),
(369, 'Biswan', 38, NULL, NULL, 1),
(370, 'Jahangirabad', 38, NULL, NULL, 1),
(371, 'Pilibhit', 38, NULL, NULL, 1),
(372, 'Puranpur', 38, NULL, NULL, 1),
(373, 'Sultanpur', 38, NULL, NULL, 1),
(374, 'Bilsanda', 38, NULL, NULL, 1),
(375, 'Barkhera', 38, NULL, NULL, 1),
(376, 'Basti', 38, NULL, NULL, 1),
(377, 'Harraiya', 38, NULL, NULL, 1),
(378, 'Bansi', 38, NULL, NULL, 1),
(379, 'Hariharpur', 38, NULL, NULL, 1),
(380, 'Maghar', 38, NULL, NULL, 1),
(381, 'Khalilabad', 38, NULL, NULL, 1),
(382, 'Tetri Bazar', 38, NULL, NULL, 1),
(383, 'Sahjanwa', 38, NULL, NULL, 1),
(384, 'Kushinagar', 38, NULL, NULL, 1),
(385, 'Bahadurganj', 38, NULL, NULL, 1),
(386, 'Sadat', 38, NULL, NULL, 1),
(387, 'Amila', 38, NULL, NULL, 1),
(388, 'Ghosi', 38, NULL, NULL, 1),
(389, 'Kopaganj', 38, NULL, NULL, 1),
(390, 'Ballia', 38, NULL, NULL, 1),
(391, 'Bajna', 38, NULL, NULL, 1),
(392, 'Raya', 38, NULL, NULL, 1),
(393, 'Baldeo', 38, NULL, NULL, 1),
(394, 'Gokul', 38, NULL, NULL, 1),
(395, 'Mahaban', 38, NULL, NULL, 1),
(396, 'Barsana', 38, NULL, NULL, 1),
(397, 'Radhakund', 38, NULL, NULL, 1),
(398, 'Agra', 2, NULL, NULL, 1),
(399, 'Dayalbagh', 38, NULL, NULL, 1),
(400, 'Bah', 38, NULL, NULL, 1),
(401, 'Fatehpur Sikri', 38, NULL, NULL, 1),
(402, 'Fatehabad', 38, NULL, NULL, 1),
(403, 'Pinahat', 38, NULL, NULL, 1),
(404, 'Tundla', 38, NULL, NULL, 1),
(405, 'Lalitpur', 38, NULL, NULL, 1),
(406, 'Alwar', 33, NULL, NULL, 1),
(407, 'Khairthal', 33, NULL, NULL, 1),
(408, 'Kishangarh', 33, NULL, NULL, 1),
(409, 'Tijara', 33, NULL, NULL, 1),
(410, 'Baran', 33, NULL, NULL, 1),
(411, 'Jaipur', 33, NULL, NULL, 1),
(412, 'Bagru', 33, NULL, NULL, 1),
(413, 'Viratnagar', 33, NULL, NULL, 1),
(414, 'Kotputli', 33, NULL, NULL, 1),
(415, 'Dausa', 33, NULL, NULL, 1),
(416, 'Bandikui', 33, NULL, NULL, 1),
(417, 'Jobner', 33, NULL, NULL, 1),
(418, 'Lalsot', 33, NULL, NULL, 1),
(419, 'Didwana', 33, NULL, NULL, 1),
(420, 'Kishangarh Renwal', 33, NULL, NULL, 1),
(421, 'Nagaur', 33, NULL, NULL, 1),
(422, 'Chomu', 33, NULL, NULL, 1),
(423, 'Chaksu', 33, NULL, NULL, 1),
(424, 'Tonk', 33, NULL, NULL, 1),
(425, 'Uniara', 33, NULL, NULL, 1),
(426, 'Malpura', 33, NULL, NULL, 1),
(427, 'Deoli', 33, NULL, NULL, 1),
(428, 'Ajmer', 33, NULL, NULL, 1),
(429, 'Bhilwara', 33, NULL, NULL, 1),
(430, 'Pushkar', 33, NULL, NULL, 1),
(431, 'Sarwar', 33, NULL, NULL, 1),
(432, 'Kekri', 33, NULL, NULL, 1),
(433, 'Jahazpur', 33, NULL, NULL, 1),
(434, 'Nasirabad', 33, NULL, NULL, 1),
(435, 'Beawar', 33, NULL, NULL, 1),
(436, 'Rajsamand', 33, NULL, NULL, 1),
(437, 'Pali', 33, NULL, NULL, 1),
(438, 'Rani', 33, NULL, NULL, 1),
(439, 'Bali', 33, NULL, NULL, 1),
(440, 'Sadri', 33, NULL, NULL, 1),
(441, 'Sumerpur', 33, NULL, NULL, 1),
(442, 'Jalore', 33, NULL, NULL, 1),
(443, 'Sirohi', 33, NULL, NULL, 1),
(444, 'Pindwara', 33, NULL, NULL, 1),
(445, 'Udaipur', 33, NULL, NULL, 1),
(446, 'Sheoganj', 33, NULL, NULL, 1),
(447, 'Gulabpura', 33, NULL, NULL, 1),
(448, 'Asind', 33, NULL, NULL, 1),
(449, 'Shahpura', 33, NULL, NULL, 1),
(450, 'Mandalgarh', 33, NULL, NULL, 1),
(451, 'Chechat', 33, NULL, NULL, 1),
(452, 'Bari Sadri', 33, NULL, NULL, 1),
(453, 'Salumbar', 33, NULL, NULL, 1),
(454, 'Nathdwara', 33, NULL, NULL, 1),
(455, 'Bhinder', 33, NULL, NULL, 1),
(456, 'Dhariawad', 33, NULL, NULL, 1),
(457, 'Dungarpur', 33, NULL, NULL, 1),
(458, 'Sagwara', 33, NULL, NULL, 1),
(459, 'Galiakot', 33, NULL, NULL, 1),
(460, 'Kherli', 33, NULL, NULL, 1),
(461, 'Mahwa', 33, NULL, NULL, 1),
(462, 'Swaimadhopur', 33, NULL, NULL, 1),
(463, 'Phalodi', 33, NULL, NULL, 1),
(464, 'Mahu Kalan', 33, NULL, NULL, 1),
(465, 'Sikar', 33, NULL, NULL, 1),
(466, 'Hindaun', 33, NULL, NULL, 1),
(467, 'Karanpur', 33, NULL, NULL, 1),
(468, 'Bundi', 33, NULL, NULL, 1),
(469, 'Keshoraipatan', 33, NULL, NULL, 1),
(470, 'Lakheri', 33, NULL, NULL, 1),
(471, 'Kota', 33, NULL, NULL, 1),
(472, 'Chhabra', 33, NULL, NULL, 1),
(473, 'Sangod', 33, NULL, NULL, 1),
(474, 'Jhalawar', 33, NULL, NULL, 1),
(475, 'Bakani', 33, NULL, NULL, 1),
(476, 'Aklera', 33, NULL, NULL, 1),
(477, 'Pirawa', 33, NULL, NULL, 1),
(478, 'Manohar Thana', 33, NULL, NULL, 1),
(479, 'Bhawani Mandi', 33, NULL, NULL, 1),
(480, 'Ramganj Mandi', 33, NULL, NULL, 1),
(481, 'Suket', 33, NULL, NULL, 1),
(482, 'Banswara', 33, NULL, NULL, 1),
(483, 'Kushalgarh', 33, NULL, NULL, 1),
(484, 'Dholpur', 33, NULL, NULL, 1),
(485, 'Rajakhera', 33, NULL, NULL, 1),
(486, 'Churu', 33, NULL, NULL, 1),
(487, 'Ratannagar', 33, NULL, NULL, 1),
(488, 'Ratangarh', 33, NULL, NULL, 1),
(489, 'Jhunjhunu', 33, NULL, NULL, 1),
(490, 'Bissau', 33, NULL, NULL, 1),
(491, 'Taranagar', 33, NULL, NULL, 1),
(492, 'Sardarshahar', 33, NULL, NULL, 1),
(493, 'Bidasar', 33, NULL, NULL, 1),
(494, 'Chhapar', 33, NULL, NULL, 1),
(495, 'Sujangarh', 33, NULL, NULL, 1),
(496, 'Rajaldesar', 33, NULL, NULL, 1),
(497, 'Losal', 33, NULL, NULL, 1),
(498, 'Khandela', 33, NULL, NULL, 1),
(499, 'Sri Madhopur', 33, NULL, NULL, 1),
(500, 'Chirawa', 33, NULL, NULL, 1),
(501, 'Surajgarh', 33, NULL, NULL, 1),
(502, 'Pilani', 33, NULL, NULL, 1),
(503, 'Nawalgarh', 33, NULL, NULL, 1),
(504, 'Udaipurwati', 33, NULL, NULL, 1),
(505, 'Khetri', 33, NULL, NULL, 1),
(506, 'Mandawa', 33, NULL, NULL, 1),
(507, 'Mukandgarh', 33, NULL, NULL, 1),
(508, 'Bikaner', 33, NULL, NULL, 1),
(509, 'Nokha', 33, NULL, NULL, 1),
(510, 'Ganganagar', 33, NULL, NULL, 1),
(511, 'Gajsinghpur', 33, NULL, NULL, 1),
(512, 'Padampur', 33, NULL, NULL, 1),
(513, 'Raisinghnagar', 33, NULL, NULL, 1),
(514, 'Sadulshahar', 33, NULL, NULL, 1),
(515, 'Hanumangarh', 33, NULL, NULL, 1),
(516, 'Nohar', 33, NULL, NULL, 1),
(517, 'Anupgarh', 33, NULL, NULL, 1),
(518, 'Pilibanga', 33, NULL, NULL, 1),
(519, 'Suratgarh', 33, NULL, NULL, 1),
(520, 'Kuchera', 33, NULL, NULL, 1),
(521, 'Makrana', 33, NULL, NULL, 1),
(522, 'Merta City', 33, NULL, NULL, 1),
(523, 'Parbatsar', 33, NULL, NULL, 1),
(524, 'Jodhpur', 33, NULL, NULL, 1),
(525, 'Bilara', 33, NULL, NULL, 1),
(526, 'Sanchore', 33, NULL, NULL, 1),
(527, 'Barmer', 33, NULL, NULL, 1),
(528, 'Balotra', 33, NULL, NULL, 1),
(529, 'Jaisalmer', 33, NULL, NULL, 1),
(530, 'Pokaran', 33, NULL, NULL, 1),
(531, 'Pauri Garwhal', 2, NULL, NULL, 1),
(532, 'Jhansi', 21, NULL, NULL, 1),
(533, 'Garautha', 21, NULL, NULL, 1),
(534, 'Mauranipur', 21, NULL, NULL, 1),
(535, 'Jhnsi', 21, NULL, NULL, 1),
(536, 'Maruanipur', 21, NULL, NULL, 1),
(537, 'Moth', 21, NULL, NULL, 1),
(538, 'Konch', 21, NULL, NULL, 1),
(539, 'Nepanagar', 21, NULL, NULL, 1),
(540, 'Harsud', 21, NULL, NULL, 1),
(541, 'Khandwa', 21, NULL, NULL, 1),
(542, 'Pandhana', 21, NULL, NULL, 1),
(543, 'Burhanpur', 21, NULL, NULL, 1),
(544, 'Khaknar', 21, NULL, NULL, 1),
(545, 'Naya Harsud', 21, NULL, NULL, 1),
(546, 'Kasarawad', 21, NULL, NULL, 1),
(547, 'Kasrawad', 21, NULL, NULL, 1),
(548, 'Khargone', 21, NULL, NULL, 1),
(549, 'Barwaha', 21, NULL, NULL, 1),
(550, 'Bhikangaon', 21, NULL, NULL, 1),
(551, 'Dhar', 21, NULL, NULL, 1),
(552, 'Maheshwar', 21, NULL, NULL, 1),
(553, 'Maheashwar', 21, NULL, NULL, 1),
(554, 'Jhirniya', 21, NULL, NULL, 1),
(555, 'Jhiranya', 21, NULL, NULL, 1),
(556, 'Jhirnia', 21, NULL, NULL, 1),
(557, 'Segaon', 21, NULL, NULL, 1),
(558, 'Bhagwanpura', 21, NULL, NULL, 1),
(559, 'Bhagawanpura', 21, NULL, NULL, 1),
(560, 'Rajpur', 21, NULL, NULL, 1),
(561, 'Barwani', 21, NULL, NULL, 1),
(562, 'Niwali', 21, NULL, NULL, 1),
(563, 'Thikari', 21, NULL, NULL, 1),
(564, 'Anjad', 21, NULL, NULL, 1),
(565, 'Katni', 21, NULL, NULL, 1),
(566, 'Sendhwa', 21, NULL, NULL, 1),
(567, 'Pansemal', 21, NULL, NULL, 1),
(568, 'Sendhawa', 21, NULL, NULL, 1),
(569, 'Indore', 21, NULL, NULL, 1),
(570, 'Depalpur', 21, NULL, NULL, 1),
(571, 'Mhow', 21, NULL, NULL, 1),
(572, 'Sanwer', 21, NULL, NULL, 1),
(573, 'Dhjar', 21, NULL, NULL, 1),
(574, 'Sardarpur', 21, NULL, NULL, 1),
(575, 'Kukshai', 21, NULL, NULL, 1),
(576, 'Kukshi', 21, NULL, NULL, 1),
(577, 'Manawar', 21, NULL, NULL, 1),
(578, 'Dharampuri', 21, NULL, NULL, 1),
(579, 'Badnawar', 21, NULL, NULL, 1),
(580, 'Dewas', 21, NULL, NULL, 1),
(581, 'Bagli', 21, NULL, NULL, 1),
(582, 'Sonkutch', 21, NULL, NULL, 1),
(583, 'Kannod', 21, NULL, NULL, 1),
(584, 'Khategaon', 21, NULL, NULL, 1),
(585, 'Ujjain', 21, NULL, NULL, 1),
(586, 'Ghatiya', 21, NULL, NULL, 1),
(587, 'Badnagar', 21, NULL, NULL, 1),
(588, 'Nagda', 21, NULL, NULL, 1),
(589, 'Khacharod', 21, NULL, NULL, 1),
(590, 'Bhatpachlana', 21, NULL, NULL, 1),
(591, 'Piploda Baghla', 21, NULL, NULL, 1),
(592, 'Polai Kalan', 21, NULL, NULL, 1),
(593, 'Mahidpur', 21, NULL, NULL, 1),
(594, 'Jharda', 21, NULL, NULL, 1),
(595, 'Tajpur', 21, NULL, NULL, 1),
(596, 'Tarana', 21, NULL, NULL, 1),
(597, 'Runija', 21, NULL, NULL, 1),
(598, 'Bajna', 21, NULL, NULL, 1),
(599, 'Ratlam', 21, NULL, NULL, 1),
(600, 'Sailana', 21, NULL, NULL, 1),
(601, 'Alot', 21, NULL, NULL, 1),
(602, 'Alote', 21, NULL, NULL, 1),
(603, 'Piploda', 21, NULL, NULL, 1),
(604, 'Jaora', 21, NULL, NULL, 1),
(605, 'Jhabua', 21, NULL, NULL, 1),
(606, 'Meghnagar', 21, NULL, NULL, 1),
(607, 'Petlawad', 21, NULL, NULL, 1),
(608, 'Thandla', 21, NULL, NULL, 1),
(609, 'Petlawada', 21, NULL, NULL, 1),
(610, 'Bhavra', 21, NULL, NULL, 1),
(611, 'Alirajpur', 21, NULL, NULL, 1),
(612, 'Ranapur', 21, NULL, NULL, 1),
(613, 'Mandsaur', 21, NULL, NULL, 1),
(614, 'Manasa', 21, NULL, NULL, 1),
(615, 'Jawad', 21, NULL, NULL, 1),
(616, 'Mandasur', 21, NULL, NULL, 1),
(617, 'Neemuch', 21, NULL, NULL, 1),
(618, 'Malhargarh', 21, NULL, NULL, 1),
(619, 'Sitamau', 21, NULL, NULL, 1),
(620, 'Malahargarh', 21, NULL, NULL, 1),
(621, 'Bhanpura', 21, NULL, NULL, 1),
(622, 'Garoth', 21, NULL, NULL, 1),
(623, 'Suwasara Mandi', 21, NULL, NULL, 1),
(624, 'Betul', 21, NULL, NULL, 1),
(625, 'Bhainsdehi', 21, NULL, NULL, 1),
(626, 'Bahinsdehi', 21, NULL, NULL, 1),
(627, 'Amal', 21, NULL, NULL, 1),
(628, 'Shahpur', 21, NULL, NULL, 1),
(629, 'Shahpura', 21, NULL, NULL, 1),
(630, 'Amla', 21, NULL, NULL, 1),
(631, 'Multai', 21, NULL, NULL, 1),
(632, 'Mulati', 21, NULL, NULL, 1),
(633, 'Parasia', 21, NULL, NULL, 1),
(634, 'Babai', 21, NULL, NULL, 1),
(635, 'Hoshangabad', 21, NULL, NULL, 1),
(636, 'Timarni', 21, NULL, NULL, 1),
(637, 'Itarsi', 21, NULL, NULL, 1),
(638, 'Seoni Malwa', 21, NULL, NULL, 1),
(639, 'Harda', 21, NULL, NULL, 1),
(640, 'Khirkiya', 21, NULL, NULL, 1),
(641, 'Khirkiyan', 21, NULL, NULL, 1),
(642, 'Sohagpur', 21, NULL, NULL, 1),
(643, 'Piparia', 21, NULL, NULL, 1),
(644, 'Pipariya', 21, NULL, NULL, 1),
(645, 'Bankhedi', 21, NULL, NULL, 1),
(646, 'Gadarwara', 21, NULL, NULL, 1),
(647, 'Huzur', 21, NULL, NULL, 1),
(648, 'Bhopal', 21, NULL, NULL, 1),
(649, 'Vidisha', 21, NULL, NULL, 1),
(650, 'Nateran', 21, NULL, NULL, 1),
(651, 'Lateri', 21, NULL, NULL, 1),
(652, 'Gyaraspur', 21, NULL, NULL, 1),
(653, 'Basoda', 21, NULL, NULL, 1),
(654, 'Kurwai', 21, NULL, NULL, 1),
(655, 'Sironj', 21, NULL, NULL, 1),
(656, 'Bina', 21, NULL, NULL, 1),
(657, 'Gairatganj', 21, NULL, NULL, 1),
(658, 'Goharganj', 21, NULL, NULL, 1),
(659, 'Raisen', 21, NULL, NULL, 1),
(660, 'Baraily', 21, NULL, NULL, 1),
(661, 'Udaipura', 21, NULL, NULL, 1),
(662, 'Silwani', 21, NULL, NULL, 1),
(663, 'Begamganj', 21, NULL, NULL, 1),
(664, 'Shajapur', 21, NULL, NULL, 1),
(665, 'Berchha', 21, NULL, NULL, 1),
(666, 'Shujalpur', 21, NULL, NULL, 1),
(667, 'Sundersi', 21, NULL, NULL, 1),
(668, 'Awantipur Barodiya', 21, NULL, NULL, 1),
(669, 'Kalisindh', 21, NULL, NULL, 1),
(670, 'Akodia', 21, NULL, NULL, 1),
(671, 'Moman Badodiya', 21, NULL, NULL, 1),
(672, 'Barodia Kumaria', 21, NULL, NULL, 1),
(673, 'Salsalai', 21, NULL, NULL, 1),
(674, 'Agar', 21, NULL, NULL, 1),
(675, 'Kanad', 21, NULL, NULL, 1),
(676, 'Kalapipal', 21, NULL, NULL, 1),
(677, 'Jamner', 21, NULL, NULL, 1),
(678, 'Khokra Kalan', 21, NULL, NULL, 1),
(679, 'Agar Malwa', 21, NULL, NULL, 1),
(680, 'Nalkheda', 21, NULL, NULL, 1),
(681, 'Susner', 21, NULL, NULL, 1),
(682, 'Soyat Kalan', 21, NULL, NULL, 1),
(683, 'Barode', 21, NULL, NULL, 1),
(684, 'Rajgarh', 21, NULL, NULL, 1),
(685, 'Rajgarh(Bia)', 21, NULL, NULL, 1),
(686, 'Kurawar', 21, NULL, NULL, 1),
(687, 'Narsinghgarh', 21, NULL, NULL, 1),
(688, 'Sarangpur', 21, NULL, NULL, 1),
(689, 'Biaora', 21, NULL, NULL, 1),
(690, 'Raigarh', 21, NULL, NULL, 1),
(691, 'Suthalia', 21, NULL, NULL, 1),
(692, 'Talen', 21, NULL, NULL, 1),
(693, 'Khilchipur', 21, NULL, NULL, 1),
(694, 'Pachore', 21, NULL, NULL, 1),
(695, 'Boda', 21, NULL, NULL, 1),
(696, 'Khujner', 21, NULL, NULL, 1),
(697, 'Chhapiheda', 21, NULL, NULL, 1),
(698, 'Zeerapur', 21, NULL, NULL, 1),
(699, 'Jirapur', 21, NULL, NULL, 1),
(700, 'Machalpur', 21, NULL, NULL, 1),
(701, 'Ashta', 21, NULL, NULL, 1),
(702, 'Sehore', 21, NULL, NULL, 1),
(703, 'Bilkisganj', 21, NULL, NULL, 1),
(704, 'Ichhawar', 21, NULL, NULL, 1),
(705, 'Kotri', 21, NULL, NULL, 1),
(706, 'Ichawar', 21, NULL, NULL, 1),
(707, 'Metwada', 21, NULL, NULL, 1),
(708, 'Siddikganj', 21, NULL, NULL, 1),
(709, 'Jawar', 21, NULL, NULL, 1),
(710, 'Nasrullagaj', 21, NULL, NULL, 1),
(711, 'Nasrullaganj', 21, NULL, NULL, 1),
(712, 'Budhni', 21, NULL, NULL, 1),
(713, 'Budni', 21, NULL, NULL, 1),
(714, 'Doraha', 21, NULL, NULL, 1),
(715, 'Rehti', 21, NULL, NULL, 1),
(716, 'Baktara', 21, NULL, NULL, 1),
(717, 'Shahganj', 21, NULL, NULL, 1),
(718, 'Shyampur', 21, NULL, NULL, 1),
(719, 'Ahmedpur', 21, NULL, NULL, 1),
(720, 'Sagar', 21, NULL, NULL, 1),
(721, 'Banda', 21, NULL, NULL, 1),
(722, 'Khurai', 21, NULL, NULL, 1),
(723, 'Rahatgarh', 21, NULL, NULL, 1),
(724, 'Kesli', 21, NULL, NULL, 1),
(725, 'Deori', 21, NULL, NULL, 1),
(726, 'Rehli', 21, NULL, NULL, 1),
(727, 'Garhakota', 21, NULL, NULL, 1),
(728, 'Damoh', 21, NULL, NULL, 1),
(729, 'Patera', 21, NULL, NULL, 1),
(730, 'Patharia', 21, NULL, NULL, 1),
(731, 'Batiyagarh', 21, NULL, NULL, 1),
(732, 'Jabera', 21, NULL, NULL, 1),
(733, 'Pathariya', 21, NULL, NULL, 1),
(734, 'Hatta', 21, NULL, NULL, 1),
(735, 'Chhatarpur', 21, NULL, NULL, 1),
(736, 'Nowgong', 21, NULL, NULL, 1),
(737, 'Malehara', 21, NULL, NULL, 1),
(738, 'Malehra', 21, NULL, NULL, 1),
(739, 'Laundi', 21, NULL, NULL, 1),
(740, 'Bad Malahara', 21, NULL, NULL, 1),
(741, 'Badamalahara', 21, NULL, NULL, 1),
(742, 'Badamalahra', 21, NULL, NULL, 1),
(743, 'Malahara', 21, NULL, NULL, 1),
(744, 'Bijawar', 21, NULL, NULL, 1),
(745, 'Gaurihar', 21, NULL, NULL, 1),
(746, 'Laund', 21, NULL, NULL, 1),
(747, 'Rajanagar', 21, NULL, NULL, 1),
(748, 'Rajnagar', 21, NULL, NULL, 1),
(749, 'Tikamgarh', 21, NULL, NULL, 1),
(750, 'Jatara', 21, NULL, NULL, 1),
(751, 'Baldeogarh', 21, NULL, NULL, 1),
(752, 'Pawai', 21, NULL, NULL, 1),
(753, 'Khargapur', 21, NULL, NULL, 1),
(754, 'Palera', 21, NULL, NULL, 1),
(755, 'Pelara', 21, NULL, NULL, 1),
(756, 'Niwari', 21, NULL, NULL, 1),
(757, 'Orchha', 21, NULL, NULL, 1),
(758, 'Tikamgar', 21, NULL, NULL, 1),
(759, 'Prithvipur', 21, NULL, NULL, 1),
(760, 'Guna', 21, NULL, NULL, 1),
(761, 'Aroun', 21, NULL, NULL, 1),
(762, 'Bamori', 21, NULL, NULL, 1),
(763, 'Raghogarh', 21, NULL, NULL, 1),
(764, 'Chacauda', 21, NULL, NULL, 1),
(765, 'Chachoda', 21, NULL, NULL, 1),
(766, 'Chachauda', 21, NULL, NULL, 1),
(767, 'Kumbhraj', 21, NULL, NULL, 1),
(768, 'Maksudangarh', 21, NULL, NULL, 1),
(769, 'Ashoknagar', 21, NULL, NULL, 1),
(770, 'Ashok Nagar', 21, NULL, NULL, 1),
(771, 'Esagarh', 21, NULL, NULL, 1),
(772, 'Mungaoli', 21, NULL, NULL, 1),
(773, 'Chanderi', 21, NULL, NULL, 1),
(774, 'Shivpuri', 21, NULL, NULL, 1),
(775, 'Khaniadhana', 21, NULL, NULL, 1),
(776, 'Karera', 21, NULL, NULL, 1),
(777, 'Pichhore', 21, NULL, NULL, 1),
(778, 'Kolaras', 21, NULL, NULL, 1),
(779, 'Pohri', 21, NULL, NULL, 1),
(780, 'Narwar', 21, NULL, NULL, 1),
(781, 'Gird', 21, NULL, NULL, 1),
(782, 'Gwalior', 21, NULL, NULL, 1),
(783, 'Morar', 21, NULL, NULL, 1),
(784, 'Dabra', 21, NULL, NULL, 1),
(785, 'Gwalor', 21, NULL, NULL, 1),
(786, 'Bhitarwar', 21, NULL, NULL, 1),
(787, 'Bhandair', 21, NULL, NULL, 1),
(788, 'Bhander', 21, NULL, NULL, 1),
(789, 'Datia', 21, NULL, NULL, 1),
(790, 'Seondha', 21, NULL, NULL, 1),
(791, 'Indergah', 21, NULL, NULL, 1),
(792, 'Indergarh', 21, NULL, NULL, 1),
(793, 'Joura', 21, NULL, NULL, 1),
(794, 'Morena', 21, NULL, NULL, 1),
(795, 'Ambah', 21, NULL, NULL, 1),
(796, 'Porsa', 21, NULL, NULL, 1),
(797, 'Dimni', 21, NULL, NULL, 1),
(798, 'Kailaras', 21, NULL, NULL, 1),
(799, 'Kealras', 21, NULL, NULL, 1),
(800, 'Kelaras', 21, NULL, NULL, 1),
(801, 'Sabalgarh', 21, NULL, NULL, 1),
(802, 'Bijaipur', 21, NULL, NULL, 1),
(803, 'Bijaypur', 21, NULL, NULL, 1),
(804, 'Vijaypur', 21, NULL, NULL, 1),
(805, 'Sheopur', 21, NULL, NULL, 1),
(806, 'Karahal', 21, NULL, NULL, 1),
(807, 'Bhind', 21, NULL, NULL, 1),
(808, 'Ater', 21, NULL, NULL, 1),
(809, 'Attair', 21, NULL, NULL, 1),
(810, 'Gohad', 21, NULL, NULL, 1),
(811, 'Mehgoun', 21, NULL, NULL, 1),
(812, 'Mehgaon', 21, NULL, NULL, 1),
(813, 'Raun', 21, NULL, NULL, 1),
(814, 'Ron', 21, NULL, NULL, 1),
(815, 'Mihona', 21, NULL, NULL, 1),
(816, 'Lahar', 21, NULL, NULL, 1),
(817, 'Barhi', 21, NULL, NULL, 1),
(818, 'Chhindwar', 21, NULL, NULL, 1),
(819, 'Chhindwara', 21, NULL, NULL, 1),
(820, 'Chhindwra', 21, NULL, NULL, 1),
(821, 'Sausar', 21, NULL, NULL, 1),
(822, 'Bichhua', 21, NULL, NULL, 1),
(823, 'Chaurai', 21, NULL, NULL, 1),
(824, 'Chourai', 21, NULL, NULL, 1),
(825, 'Chouai', 21, NULL, NULL, 1),
(826, 'Chourak', 21, NULL, NULL, 1),
(827, 'Amarawara', 21, NULL, NULL, 1),
(828, 'Amarwara', 21, NULL, NULL, 1),
(829, 'Harrai', 21, NULL, NULL, 1),
(830, 'Pandhurna', 21, NULL, NULL, 1),
(831, 'Paraisa', 21, NULL, NULL, 1),
(832, 'Chandametta', 21, NULL, NULL, 1),
(833, 'Junnardeo', 21, NULL, NULL, 1),
(834, 'Jamai', 21, NULL, NULL, 1),
(835, 'Junnareo', 21, NULL, NULL, 1),
(836, 'Tamia', 21, NULL, NULL, 1),
(837, 'Seoni', 21, NULL, NULL, 1),
(838, 'Barghat', 21, NULL, NULL, 1),
(839, 'Bharghat', 21, NULL, NULL, 1),
(840, 'Korai', 21, NULL, NULL, 1),
(841, 'Lakhanadon', 21, NULL, NULL, 1),
(842, 'Ghansore', 21, NULL, NULL, 1),
(843, 'Lakhnadon', 21, NULL, NULL, 1),
(844, 'Keolari', 21, NULL, NULL, 1),
(845, 'Ghansire', 21, NULL, NULL, 1),
(846, 'Balaghat', 21, NULL, NULL, 1),
(847, 'Laburra', 21, NULL, NULL, 1),
(848, 'Baihar', 21, NULL, NULL, 1),
(849, 'Kiranpur', 21, NULL, NULL, 1),
(850, 'Kirnapur', 21, NULL, NULL, 1),
(851, 'Lanji', 21, NULL, NULL, 1),
(852, 'Khairlanji', 21, NULL, NULL, 1),
(853, 'Lalbarra', 21, NULL, NULL, 1),
(854, 'Lalburra', 21, NULL, NULL, 1),
(855, 'Waraseoni', 21, NULL, NULL, 1),
(856, 'Katangi', 21, NULL, NULL, 1),
(857, 'Tirodi', 21, NULL, NULL, 1),
(858, 'Mandla', 21, NULL, NULL, 1),
(859, 'Niwas', 21, NULL, NULL, 1),
(860, 'Nainpur', 21, NULL, NULL, 1),
(861, 'Sahpura Niwas', 21, NULL, NULL, 1),
(862, 'Sahpuraniwas', 21, NULL, NULL, 1),
(863, 'Shahpura Niwas', 21, NULL, NULL, 1),
(864, 'Bhua Bichhiya', 21, NULL, NULL, 1),
(865, 'Bhuabichhiya', 21, NULL, NULL, 1),
(866, 'Dindori', 21, NULL, NULL, 1),
(867, 'Bhuabichhia', 21, NULL, NULL, 1),
(868, 'Bhubichhiya', 21, NULL, NULL, 1),
(869, 'Bhua Bichhia', 21, NULL, NULL, 1),
(870, 'Jabalpur', 21, NULL, NULL, 1),
(871, 'Bhedaghat', 21, NULL, NULL, 1),
(872, 'Patan', 21, NULL, NULL, 1),
(873, 'Kundam', 21, NULL, NULL, 1),
(874, 'Jsbslpur', 21, NULL, NULL, 1),
(875, 'Sihora', 21, NULL, NULL, 1),
(876, 'Sihora.', 21, NULL, NULL, 1),
(877, 'Bahoriband', 21, NULL, NULL, 1),
(878, 'Bahoriaband', 21, NULL, NULL, 1),
(879, 'Sihira', 21, NULL, NULL, 1),
(880, 'Murwara', 21, NULL, NULL, 1),
(881, 'Vijayaragahvgarh', 21, NULL, NULL, 1),
(882, 'Vijayaraghavgarh', 21, NULL, NULL, 1),
(883, 'Vijayaraghvgarh', 21, NULL, NULL, 1),
(884, 'Vijayarghavgarh', 21, NULL, NULL, 1),
(885, 'Vijayragahvgarh', 21, NULL, NULL, 1),
(886, 'Kanti', 21, NULL, NULL, 1),
(887, 'Ijayaraghavgarh.', 21, NULL, NULL, 1),
(888, 'Vijaragahvgarh', 21, NULL, NULL, 1),
(889, 'Vijayraghavgarh', 21, NULL, NULL, 1),
(890, 'Rithi', 21, NULL, NULL, 1),
(891, 'Anuppur', 21, NULL, NULL, 1),
(892, 'Beohari', 21, NULL, NULL, 1),
(893, 'Shagpur', 21, NULL, NULL, 1),
(894, 'Shahdol', 21, NULL, NULL, 1),
(895, 'B. Pali', 21, NULL, NULL, 1),
(896, 'B.Pali', 21, NULL, NULL, 1),
(897, 'Jaithari', 21, NULL, NULL, 1),
(898, 'Pushparajgarh', 21, NULL, NULL, 1),
(899, 'Kotma', 21, NULL, NULL, 1),
(900, 'Jaitpur', 21, NULL, NULL, 1),
(901, 'Jaisinghnagar', 21, NULL, NULL, 1),
(902, 'Birsinghpur Pali', 21, NULL, NULL, 1),
(903, 'Bandhogarh', 21, NULL, NULL, 1),
(904, 'Umaria', 21, NULL, NULL, 1),
(905, 'Burhar', 21, NULL, NULL, 1),
(906, 'Churhat', 21, NULL, NULL, 1),
(907, 'V', 21, NULL, NULL, 1),
(908, 'Maihar', 21, NULL, NULL, 1),
(909, 'Raghurajnagar', 21, NULL, NULL, 1),
(910, 'Satna', 21, NULL, NULL, 1),
(911, 'Rampur Baghelan', 21, NULL, NULL, 1),
(912, 'Rampur-Baghelan', 21, NULL, NULL, 1),
(913, 'Raghuraj Nagar', 21, NULL, NULL, 1),
(914, 'Nagod', 21, NULL, NULL, 1),
(915, 'Mauganj', 21, NULL, NULL, 1),
(916, 'Unchehara', 21, NULL, NULL, 1),
(917, 'Amarpatan', 21, NULL, NULL, 1),
(918, 'Ramnagar', 21, NULL, NULL, 1),
(919, 'Rewa', 21, NULL, NULL, 1),
(920, 'Sirmour', 21, NULL, NULL, 1),
(921, 'Raipur - Karchuliyan', 21, NULL, NULL, 1),
(922, 'Teonthar', 21, NULL, NULL, 1),
(923, 'Gurh', 21, NULL, NULL, 1),
(924, 'Hanumana', 21, NULL, NULL, 1),
(925, 'Gopad Vanas', 21, NULL, NULL, 1),
(926, 'Gopadbanas', 21, NULL, NULL, 1),
(927, 'Gopadvanas', 21, NULL, NULL, 1),
(928, 'Majauli', 21, NULL, NULL, 1),
(929, 'Sihawal', 21, NULL, NULL, 1),
(930, 'Sidhi', 21, NULL, NULL, 1),
(931, 'Rampur Naikin', 21, NULL, NULL, 1),
(932, 'Deosar', 21, NULL, NULL, 1),
(933, 'Devsar', 21, NULL, NULL, 1),
(934, 'Chitrangi', 21, NULL, NULL, 1),
(935, 'Singrauli', 21, NULL, NULL, 1),
(936, 'Singrauli Colliery', 21, NULL, NULL, 1),
(937, 'Kareli', 21, NULL, NULL, 1),
(938, 'Narsimhapur', 21, NULL, NULL, 1),
(939, 'Narsinghpur', 21, NULL, NULL, 1),
(940, 'Narsinghpur Ho', 21, NULL, NULL, 1),
(941, 'Gotegaon', 21, NULL, NULL, 1),
(942, 'Tendukheda', 21, NULL, NULL, 1),
(943, 'Saikheda', 21, NULL, NULL, 1),
(944, 'Narasinghpur', 21, NULL, NULL, 1),
(945, 'Panna', 21, NULL, NULL, 1),
(946, 'Gunnor', 21, NULL, NULL, 1),
(947, 'Ajaigarh', 21, NULL, NULL, 1),
(948, 'Ajaygarh', 21, NULL, NULL, 1),
(949, 'Devendra', 21, NULL, NULL, 1),
(950, 'Devendra Nagar', 21, NULL, NULL, 1),
(951, 'Raipura', 21, NULL, NULL, 1),
(952, 'Rajkot', 12, NULL, NULL, 1),
(953, 'Lodhika', 12, NULL, NULL, 1),
(954, 'Kotda Sangani', 12, NULL, NULL, 1),
(955, 'Kotda Sanghani', 12, NULL, NULL, 1),
(956, 'Jasdan', 12, NULL, NULL, 1),
(957, 'Kotda Saangani', 12, NULL, NULL, 1),
(958, 'Sardhar', 12, NULL, NULL, 1),
(959, 'Kotda', 12, NULL, NULL, 1),
(960, 'Sayla', 12, NULL, NULL, 1),
(961, 'Gondal', 12, NULL, NULL, 1),
(962, 'Kalavad', 12, NULL, NULL, 1),
(963, 'Dhrol', 12, NULL, NULL, 1),
(964, 'Paddhari', 12, NULL, NULL, 1),
(965, 'Dhoraji', 12, NULL, NULL, 1),
(966, 'Jetpur', 12, NULL, NULL, 1),
(967, 'Jamkandorna', 12, NULL, NULL, 1),
(968, 'Upleta', 12, NULL, NULL, 1),
(969, 'Jamjodhpur', 12, NULL, NULL, 1),
(970, 'Manavadar', 12, NULL, NULL, 1),
(971, 'Kutiyana', 12, NULL, NULL, 1),
(972, 'Bhanvad', 12, NULL, NULL, 1),
(973, 'Jamnagar', 12, NULL, NULL, 1),
(974, 'Okhamandal', 12, NULL, NULL, 1),
(975, 'Porbandar', 12, NULL, NULL, 1),
(976, 'Ranavav', 12, NULL, NULL, 1),
(977, 'Junagadh', 12, NULL, NULL, 1),
(978, 'Porbaandar', 12, NULL, NULL, 1),
(979, 'Jodiya', 12, NULL, NULL, 1),
(980, 'Khambhalia', 12, NULL, NULL, 1),
(981, 'Jodia', 12, NULL, NULL, 1),
(982, 'Lalpur', 12, NULL, NULL, 1),
(983, 'Kahbhalia', 12, NULL, NULL, 1),
(984, 'Kalyanpur', 12, NULL, NULL, 1),
(985, 'Jamkalyanpur', 12, NULL, NULL, 1),
(986, 'Bhesan', 12, NULL, NULL, 1),
(987, 'Talala', 12, NULL, NULL, 1),
(988, 'Keshod', 12, NULL, NULL, 1),
(989, 'Vanthali(S)', 12, NULL, NULL, 1),
(990, 'Mangrol', 12, NULL, NULL, 1),
(991, 'Malia', 12, NULL, NULL, 1),
(992, 'Malia Hatina', 12, NULL, NULL, 1),
(993, 'Patan-Veraval', 12, NULL, NULL, 1),
(994, 'Mendarda', 12, NULL, NULL, 1),
(995, 'Sutrapada', 12, NULL, NULL, 1),
(996, 'Una', 12, NULL, NULL, 1),
(997, 'Vanthli', 12, NULL, NULL, 1),
(998, 'Kodinar', 12, NULL, NULL, 1),
(999, 'Amreli', 12, NULL, NULL, 1),
(1000, 'Jafrabad', 12, NULL, NULL, 1),
(1001, 'Wadhwancity', 12, NULL, NULL, 1),
(1002, 'Wadhwanicity', 12, NULL, NULL, 1),
(1003, 'Wadhwan', 12, NULL, NULL, 1),
(1004, 'Surendranagar', 12, NULL, NULL, 1),
(1005, 'Lakhtar', 12, NULL, NULL, 1),
(1006, 'Lkhtar', 12, NULL, NULL, 1),
(1007, 'Dhrangadhra', 12, NULL, NULL, 1),
(1008, 'Dhrangsadhra', 12, NULL, NULL, 1),
(1009, 'Dshrangadhra', 12, NULL, NULL, 1),
(1010, 'Halvad', 12, NULL, NULL, 1),
(1011, 'Navsari', 12, NULL, NULL, 1),
(1012, 'Limbdi', 12, NULL, NULL, 1),
(1013, 'Limndi', 12, NULL, NULL, 1),
(1014, 'Surendra Nagar', 12, NULL, NULL, 1),
(1015, 'Dhandhuka', 12, NULL, NULL, 1),
(1016, 'Limbdiq', 12, NULL, NULL, 1),
(1017, 'Muli', 12, NULL, NULL, 1),
(1018, 'Chotila', 12, NULL, NULL, 1),
(1019, 'Ahmedabad', 12, NULL, NULL, 1),
(1020, 'Wankaner', 12, NULL, NULL, 1),
(1021, 'Maliya Miyana', 12, NULL, NULL, 1),
(1022, 'Morvi', 12, NULL, NULL, 1),
(1023, 'Morbi', 12, NULL, NULL, 1),
(1024, 'Taankaraa', 12, NULL, NULL, 1),
(1025, 'Tankara', 12, NULL, NULL, 1),
(1026, 'Dahisara', 12, NULL, NULL, 1),
(1027, 'Malia(M)', 12, NULL, NULL, 1),
(1028, 'Maliya', 12, NULL, NULL, 1),
(1029, 'Bhavnagar', 12, NULL, NULL, 1),
(1030, 'Gogha', 12, NULL, NULL, 1),
(1031, 'Talaja', 12, NULL, NULL, 1),
(1032, 'Mahuva', 12, NULL, NULL, 1),
(1033, 'Sihor', 12, NULL, NULL, 1),
(1034, 'Damnagar', 12, NULL, NULL, 1),
(1035, 'Palitana', 12, NULL, NULL, 1),
(1036, 'Umrala', 12, NULL, NULL, 1),
(1037, 'Gariyadhar', 12, NULL, NULL, 1),
(1038, 'Patan', 12, NULL, NULL, 1),
(1039, 'Vallabhiopur', 12, NULL, NULL, 1),
(1040, 'Vallabhipur', 12, NULL, NULL, 1),
(1041, 'Vallbhiopur', 12, NULL, NULL, 1),
(1042, 'Vallbhipur', 12, NULL, NULL, 1),
(1043, 'Gadhada Sn', 12, NULL, NULL, 1),
(1044, 'Lathi', 12, NULL, NULL, 1),
(1045, 'Vadia', 12, NULL, NULL, 1),
(1046, 'Jesar', 12, NULL, NULL, 1),
(1047, 'Savar Kundla', 12, NULL, NULL, 1),
(1048, 'Savarkundla', 12, NULL, NULL, 1),
(1049, 'Rajula', 12, NULL, NULL, 1),
(1050, 'Chalala', 12, NULL, NULL, 1),
(1051, 'Botad', 12, NULL, NULL, 1),
(1052, 'Gadhada', 12, NULL, NULL, 1),
(1053, 'Babra', 12, NULL, NULL, 1),
(1054, 'Bagasara', 12, NULL, NULL, 1),
(1055, 'Visavadar', 12, NULL, NULL, 1),
(1056, 'Kunkvav-Vadia', 12, NULL, NULL, 1),
(1057, 'Bagsra', 12, NULL, NULL, 1),
(1058, 'Kunkavav Vadia', 12, NULL, NULL, 1),
(1059, 'Liliya', 12, NULL, NULL, 1),
(1060, 'Khambha', 12, NULL, NULL, 1),
(1061, 'Dhari', 12, NULL, NULL, 1),
(1062, 'Bhuj', 12, NULL, NULL, 1),
(1063, 'Nakhatrana', 12, NULL, NULL, 1),
(1064, 'Anjar', 12, NULL, NULL, 1),
(1065, 'Bhachau', 12, NULL, NULL, 1),
(1066, 'Abdasa', 12, NULL, NULL, 1),
(1067, 'Rahpar', 12, NULL, NULL, 1),
(1068, 'Rapar', 12, NULL, NULL, 1),
(1069, 'Gandhidham', 12, NULL, NULL, 1),
(1070, 'Mundra', 12, NULL, NULL, 1),
(1071, 'K. Mandvi', 12, NULL, NULL, 1),
(1072, 'Mandvi', 12, NULL, NULL, 1),
(1073, 'Mandavi', 12, NULL, NULL, 1),
(1074, 'Kachchh', 12, NULL, NULL, 1),
(1075, 'Lakhpat', 12, NULL, NULL, 1),
(1076, 'Lakhapat', 12, NULL, NULL, 1),
(1077, 'Kachch', 12, NULL, NULL, 1),
(1078, 'Ahmadabad City', 12, NULL, NULL, 1),
(1079, 'City Taluka', 12, NULL, NULL, 1),
(1080, 'Daskroi', 12, NULL, NULL, 1),
(1081, 'Sanand', 12, NULL, NULL, 1),
(1082, 'Gandhinagar', 12, NULL, NULL, 1),
(1083, 'Gandhi Nagar', 12, NULL, NULL, 1),
(1084, 'Sannad', 12, NULL, NULL, 1),
(1085, 'Viramgam', 12, NULL, NULL, 1),
(1086, 'Kadi', 12, NULL, NULL, 1),
(1087, 'Kalol', 12, NULL, NULL, 1),
(1088, 'Detroj Rampura', 12, NULL, NULL, 1),
(1089, 'Detroj- Rampura', 12, NULL, NULL, 1),
(1090, 'Detroj-Rampura', 12, NULL, NULL, 1),
(1091, 'Mandal', 12, NULL, NULL, 1),
(1092, 'Patdi', 12, NULL, NULL, 1),
(1093, 'Detrioj-Rampura', 12, NULL, NULL, 1),
(1094, 'Dascroi', 12, NULL, NULL, 1),
(1095, 'Bavla', 12, NULL, NULL, 1),
(1096, 'Dholka', 12, NULL, NULL, 1),
(1097, 'Ranpur', 12, NULL, NULL, 1),
(1098, 'Barwala', 12, NULL, NULL, 1),
(1099, 'Dehgam', 12, NULL, NULL, 1),
(1100, 'Dasroi', 12, NULL, NULL, 1),
(1101, 'Ahmedabad City', 12, NULL, NULL, 1),
(1102, 'Mahesana', 12, NULL, NULL, 1),
(1103, 'Boriavi', 12, NULL, NULL, 1),
(1104, 'Mansa', 12, NULL, NULL, 1),
(1105, 'Dasada', 12, NULL, NULL, 1),
(1106, 'Dasda', 12, NULL, NULL, 1),
(1107, 'Dasdaa', 12, NULL, NULL, 1),
(1108, 'Vijapur', 12, NULL, NULL, 1),
(1109, 'Satlasana', 12, NULL, NULL, 1),
(1110, 'Visnagar', 12, NULL, NULL, 1),
(1111, 'Himatnagar', 12, NULL, NULL, 1),
(1112, 'Himatnagar.', 12, NULL, NULL, 1),
(1113, 'Idar', 12, NULL, NULL, 1),
(1114, 'Himatanagar', 12, NULL, NULL, 1),
(1115, 'Prantij', 12, NULL, NULL, 1),
(1116, 'Talod', 12, NULL, NULL, 1),
(1117, 'Khedbrahma', 12, NULL, NULL, 1),
(1118, 'Vadali', 12, NULL, NULL, 1),
(1119, 'Bhiloda', 12, NULL, NULL, 1),
(1120, 'Vijaynagar', 12, NULL, NULL, 1),
(1121, 'Modasa', 12, NULL, NULL, 1),
(1122, 'Meghraj', 12, NULL, NULL, 1),
(1123, 'Bayad', 12, NULL, NULL, 1),
(1124, 'Dhansura', 12, NULL, NULL, 1),
(1125, 'Malpur', 12, NULL, NULL, 1),
(1126, 'Sabarkantha', 12, NULL, NULL, 1),
(1127, 'Vijaynagar.', 12, NULL, NULL, 1),
(1128, 'Becharaji', 12, NULL, NULL, 1),
(1129, 'Kheralu', 12, NULL, NULL, 1),
(1130, 'Unjha', 12, NULL, NULL, 1),
(1131, 'Sidhpur', 12, NULL, NULL, 1),
(1132, 'Vadnagar', 12, NULL, NULL, 1),
(1133, 'Chanasma', 12, NULL, NULL, 1),
(1134, 'Harij', 12, NULL, NULL, 1),
(1135, 'Sami', 12, NULL, NULL, 1),
(1136, 'Santalpur', 12, NULL, NULL, 1),
(1137, 'Dabhoi', 12, NULL, NULL, 1),
(1138, 'Satalasana', 12, NULL, NULL, 1),
(1139, 'Vadnabar', 12, NULL, NULL, 1),
(1140, 'Amirgadh', 12, NULL, NULL, 1),
(1141, 'Banaskantha', 12, NULL, NULL, 1),
(1142, 'Palanpur', 12, NULL, NULL, 1),
(1143, 'Vadgam', 12, NULL, NULL, 1),
(1144, 'Danta', 12, NULL, NULL, 1),
(1145, 'Shri Amirgadh', 12, NULL, NULL, 1),
(1146, 'Shriamirgadh', 12, NULL, NULL, 1),
(1147, 'Vadagam', 12, NULL, NULL, 1),
(1148, 'Dhanera', 12, NULL, NULL, 1),
(1149, 'Tharad', 12, NULL, NULL, 1),
(1150, 'Bhabhar', 12, NULL, NULL, 1),
(1151, 'Deodar', 12, NULL, NULL, 1),
(1152, 'Radhanpur', 12, NULL, NULL, 1),
(1153, 'Santalpurp', 12, NULL, NULL, 1),
(1154, 'Dantiwada', 12, NULL, NULL, 1),
(1155, 'Disa', 12, NULL, NULL, 1),
(1156, 'Deesa', 12, NULL, NULL, 1),
(1157, 'Kankraj', 12, NULL, NULL, 1),
(1158, 'Kankrej', 12, NULL, NULL, 1),
(1159, 'Vav', 12, NULL, NULL, 1),
(1160, 'Nadiad', 12, NULL, NULL, 1),
(1161, 'Naidiad', 12, NULL, NULL, 1),
(1162, 'Mahemdavad', 12, NULL, NULL, 1),
(1163, 'Mehmedabad', 12, NULL, NULL, 1),
(1164, 'Umreth', 12, NULL, NULL, 1),
(1165, 'Kheda', 12, NULL, NULL, 1),
(1166, 'Mahemdabad', 12, NULL, NULL, 1),
(1167, 'Sojitra', 12, NULL, NULL, 1),
(1168, 'Matar', 12, NULL, NULL, 1),
(1169, 'Mahudha', 12, NULL, NULL, 1),
(1170, 'Anand', 12, NULL, NULL, 1),
(1171, 'Kathlal', 12, NULL, NULL, 1),
(1172, 'Petlad', 12, NULL, NULL, 1),
(1173, 'Kapadwanj', 12, NULL, NULL, 1),
(1174, 'Tarapur', 12, NULL, NULL, 1),
(1175, 'Kapadvanj', 12, NULL, NULL, 1),
(1176, 'Borsad', 12, NULL, NULL, 1),
(1177, 'Perlad', 12, NULL, NULL, 1),
(1178, 'Khambhat', 12, NULL, NULL, 1),
(1179, 'Tarapura=', 12, NULL, NULL, 1),
(1180, 'Unreth', 12, NULL, NULL, 1),
(1181, 'Thasra', 12, NULL, NULL, 1),
(1182, 'Birpur', 12, NULL, NULL, 1),
(1183, 'Thsra', 12, NULL, NULL, 1),
(1184, 'Balasinor', 12, NULL, NULL, 1),
(1185, 'Virpur', 12, NULL, NULL, 1),
(1186, 'Lunawada', 12, NULL, NULL, 1),
(1187, 'Panchmahals', 12, NULL, NULL, 1),
(1188, 'Anklav', 12, NULL, NULL, 1),
(1189, 'Godhra', 12, NULL, NULL, 1),
(1190, 'Savli', 12, NULL, NULL, 1),
(1191, 'Godhara', 12, NULL, NULL, 1),
(1192, 'Shehera', 12, NULL, NULL, 1),
(1193, 'Santrampur', 12, NULL, NULL, 1),
(1194, 'Morwa (Hadaf)', 12, NULL, NULL, 1),
(1195, 'Morva Hadaf', 12, NULL, NULL, 1),
(1196, 'Devgadbaria', 12, NULL, NULL, 1),
(1197, 'Devgadh Baria', 12, NULL, NULL, 1),
(1198, 'Limkheda', 12, NULL, NULL, 1),
(1199, 'Dhanpur', 12, NULL, NULL, 1),
(1200, 'Dohad', 12, NULL, NULL, 1),
(1201, 'Dahod', 12, NULL, NULL, 1),
(1202, 'Garbada', 12, NULL, NULL, 1),
(1203, 'Panchamahals', 12, NULL, NULL, 1),
(1204, 'Jhalod', 12, NULL, NULL, 1),
(1205, 'Fatepura', 12, NULL, NULL, 1),
(1206, 'Jahlod', 12, NULL, NULL, 1),
(1207, 'Likheda', 12, NULL, NULL, 1),
(1208, 'Khanpur', 12, NULL, NULL, 1),
(1209, 'Kadana', 12, NULL, NULL, 1),
(1210, 'Santrampura', 12, NULL, NULL, 1),
(1211, 'Ghoghamba', 12, NULL, NULL, 1),
(1212, 'Ghoghmba', 12, NULL, NULL, 1),
(1213, 'Halol', 12, NULL, NULL, 1),
(1214, 'Holol', 12, NULL, NULL, 1),
(1215, 'Jambughoda', 12, NULL, NULL, 1),
(1216, 'Vadodara', 12, NULL, NULL, 1),
(1217, 'Sinor', 12, NULL, NULL, 1),
(1218, 'Narmada', 12, NULL, NULL, 1),
(1219, 'Tilakwada', 12, NULL, NULL, 1),
(1220, 'Naswadi', 12, NULL, NULL, 1),
(1221, 'Sankheda', 12, NULL, NULL, 1),
(1222, 'Bodeli', 12, NULL, NULL, 1),
(1223, 'Pavijetpur', 12, NULL, NULL, 1),
(1224, 'Nasvadi', 12, NULL, NULL, 1),
(1225, 'Chhotaudepur', 12, NULL, NULL, 1),
(1226, 'Pavijetpura', 12, NULL, NULL, 1),
(1227, 'Chhota Udepur', 12, NULL, NULL, 1),
(1228, 'Chhota-Udepur', 12, NULL, NULL, 1),
(1229, 'Ch.Udepur', 12, NULL, NULL, 1),
(1230, 'Kawant', 12, NULL, NULL, 1),
(1231, 'Karjan', 12, NULL, NULL, 1),
(1232, 'Padra', 12, NULL, NULL, 1),
(1233, 'Rajpipla', 12, NULL, NULL, 1),
(1234, 'Vaghodia', 12, NULL, NULL, 1),
(1235, 'Vaghoida', 12, NULL, NULL, 1),
(1236, 'Vaghodida', 12, NULL, NULL, 1),
(1237, 'Anklesvar', 12, NULL, NULL, 1),
(1238, 'Jambusar', 12, NULL, NULL, 1),
(1239, 'Nandod', 12, NULL, NULL, 1),
(1240, 'Bharuch', 12, NULL, NULL, 1),
(1241, 'Bahruch', 12, NULL, NULL, 1),
(1242, 'Amod', 12, NULL, NULL, 1),
(1243, 'Hansot', 12, NULL, NULL, 1),
(1244, 'Vagra', 12, NULL, NULL, 1),
(1245, 'Jhagadia', 12, NULL, NULL, 1),
(1246, 'Dediapada', 12, NULL, NULL, 1),
(1247, 'Jambsuar', 12, NULL, NULL, 1),
(1248, 'Ankleshwar', 12, NULL, NULL, 1),
(1249, 'Andada', 12, NULL, NULL, 1),
(1250, 'Sagbara', 12, NULL, NULL, 1),
(1251, 'Surat', 12, NULL, NULL, 1),
(1252, 'Rajpipala', 12, NULL, NULL, 1),
(1253, 'Valia', 12, NULL, NULL, 1),
(1254, 'Nadod', 12, NULL, NULL, 1),
(1255, 'Chorasi', 12, NULL, NULL, 1),
(1256, 'Chorayasi', 12, NULL, NULL, 1),
(1257, 'Olpad', 12, NULL, NULL, 1),
(1258, 'Sayan', 12, NULL, NULL, 1),
(1259, 'Kamrej', 12, NULL, NULL, 1),
(1260, 'Makrej', 12, NULL, NULL, 1),
(1261, 'Surat City', 12, NULL, NULL, 1),
(1262, 'Udhna', 12, NULL, NULL, 1),
(1263, 'Sachin', 12, NULL, NULL, 1),
(1264, 'Lajpore', 12, NULL, NULL, 1),
(1265, 'Valod', 12, NULL, NULL, 1),
(1266, 'Bardoli', 12, NULL, NULL, 1),
(1267, 'Choryasi', 12, NULL, NULL, 1),
(1268, 'Palsana', 12, NULL, NULL, 1),
(1269, 'Songadh', 12, NULL, NULL, 1),
(1270, 'Vyara', 12, NULL, NULL, 1),
(1271, 'Fort Songadh', 12, NULL, NULL, 1),
(1272, 'Nijhar', 12, NULL, NULL, 1),
(1273, 'Nizar', 12, NULL, NULL, 1),
(1274, 'Uchchhal', 12, NULL, NULL, 1),
(1275, 'Velachha', 12, NULL, NULL, 1),
(1276, 'Umarpada', 12, NULL, NULL, 1),
(1277, 'Vankal', 12, NULL, NULL, 1),
(1278, 'Zankhvav', 12, NULL, NULL, 1),
(1279, 'Variav', 12, NULL, NULL, 1),
(1280, 'Ahwa', 12, NULL, NULL, 1),
(1281, 'Dang', 12, NULL, NULL, 1),
(1282, 'Dangs', 12, NULL, NULL, 1),
(1283, 'The Dangs', 12, NULL, NULL, 1),
(1284, 'Valsad', 12, NULL, NULL, 1),
(1285, 'Dharampur', 12, NULL, NULL, 1),
(1286, 'Hanuman Bhagda', 12, NULL, NULL, 1),
(1287, 'Chikhli', 12, NULL, NULL, 1),
(1288, 'Bansda', 12, NULL, NULL, 1),
(1289, 'Vansda', 12, NULL, NULL, 1),
(1290, 'Kaprada', 12, NULL, NULL, 1),
(1291, 'Umargam', 12, NULL, NULL, 1),
(1292, 'Umbergaon', 12, NULL, NULL, 1),
(1293, 'Gandevi', 12, NULL, NULL, 1),
(1294, 'Pardi', 12, NULL, NULL, 1),
(1295, 'Umargarm', 12, NULL, NULL, 1),
(1296, 'Dadra & Nagar Haveli', 12, NULL, NULL, 1),
(1297, 'Dungri', 12, NULL, NULL, 1),
(1298, 'Jalalpore', 12, NULL, NULL, 1),
(1299, 'Jalalporre', 12, NULL, NULL, 1),
(1300, 'Mumbai', 22, NULL, NULL, 1),
(1301, 'Bandra', 22, NULL, NULL, 1),
(1302, 'Jogeshwari East', 22, NULL, NULL, 1),
(1303, 'Goregaon', 22, NULL, NULL, 1),
(1304, 'Goregaon East', 22, NULL, NULL, 1),
(1305, 'Malad West', 22, NULL, NULL, 1),
(1306, 'Borivali East', 22, NULL, NULL, 1),
(1307, 'Borivlai East', 22, NULL, NULL, 1),
(1308, 'Kandivali West', 22, NULL, NULL, 1),
(1309, 'Kandivlai West', 22, NULL, NULL, 1),
(1310, 'Dahisar East', 22, NULL, NULL, 1),
(1311, 'Dahisar West', 22, NULL, NULL, 1),
(1312, 'Borivali West', 22, NULL, NULL, 1),
(1313, 'Malad East', 22, NULL, NULL, 1),
(1314, 'Kandivali East', 22, NULL, NULL, 1),
(1315, 'Jogeshwari West', 22, NULL, NULL, 1),
(1316, 'Goregaon West', 22, NULL, NULL, 1),
(1317, 'Thane', 22, NULL, NULL, 1),
(1318, 'Navi Mumbai', 22, NULL, NULL, 1),
(1319, 'Rabale', 22, NULL, NULL, 1),
(1320, 'Uran', 22, NULL, NULL, 1),
(1321, 'Digha', 22, NULL, NULL, 1),
(1322, 'Bhayander', 22, NULL, NULL, 1),
(1323, 'Mokhada', 22, NULL, NULL, 1),
(1324, 'Palghar', 22, NULL, NULL, 1),
(1325, 'Dahanu', 22, NULL, NULL, 1),
(1326, 'Mira Road', 22, NULL, NULL, 1),
(1327, 'Vasai', 22, NULL, NULL, 1),
(1328, 'Bassein', 22, NULL, NULL, 1),
(1329, 'Bhiwandi', 22, NULL, NULL, 1),
(1330, 'Vada', 22, NULL, NULL, 1),
(1331, 'Gokhivare', 22, NULL, NULL, 1),
(1332, 'Vikramgad', 22, NULL, NULL, 1),
(1333, 'Talasari', 22, NULL, NULL, 1),
(1334, 'Jawhar', 22, NULL, NULL, 1),
(1335, 'Mhasla', 22, NULL, NULL, 1),
(1336, 'Mahad', 22, NULL, NULL, 1),
(1337, 'Mangaon', 22, NULL, NULL, 1),
(1338, 'Raigad', 22, NULL, NULL, 1),
(1339, 'Roha', 22, NULL, NULL, 1),
(1340, 'Pen', 22, NULL, NULL, 1),
(1341, 'Alibag', 22, NULL, NULL, 1),
(1342, 'Murud', 22, NULL, NULL, 1),
(1343, 'Shrivardhan', 22, NULL, NULL, 1),
(1344, 'Shriwardhan', 22, NULL, NULL, 1),
(1345, 'Tala', 22, NULL, NULL, 1),
(1346, 'Poladpur', 22, NULL, NULL, 1),
(1347, 'Nandgaon', 22, NULL, NULL, 1),
(1348, 'Karjat', 22, NULL, NULL, 1),
(1349, 'Panvel', 22, NULL, NULL, 1),
(1350, 'Khalapur', 22, NULL, NULL, 1),
(1351, 'Khopoli', 22, NULL, NULL, 1),
(1352, 'Sudhagad', 22, NULL, NULL, 1),
(1353, 'Kamothe', 22, NULL, NULL, 1),
(1354, 'Kalamboli', 22, NULL, NULL, 1),
(1355, 'Maval', 22, NULL, NULL, 1),
(1356, 'Mawal', 22, NULL, NULL, 1),
(1357, 'Pune', 22, NULL, NULL, 1),
(1358, 'Khed', 22, NULL, NULL, 1),
(1359, 'Junnar', 22, NULL, NULL, 1),
(1360, 'Ambegaon', 22, NULL, NULL, 1),
(1361, 'Shirur', 22, NULL, NULL, 1),
(1362, 'Mulshi', 22, NULL, NULL, 1),
(1363, 'Pune City', 22, NULL, NULL, 1),
(1364, 'Haveli', 22, NULL, NULL, 1),
(1365, 'Mulashi', 22, NULL, NULL, 1),
(1366, 'Baramati', 22, NULL, NULL, 1),
(1367, 'Purandar', 22, NULL, NULL, 1),
(1368, 'Velhe', 22, NULL, NULL, 1),
(1369, 'Daund', 22, NULL, NULL, 1),
(1370, 'Bhor', 22, NULL, NULL, 1),
(1371, 'Purandhar', 22, NULL, NULL, 1),
(1372, 'Khandala', 22, NULL, NULL, 1),
(1373, 'Shiurur', 22, NULL, NULL, 1),
(1374, 'Shirwal S.O', 22, NULL, NULL, 1),
(1375, 'Kanandala Bawada', 22, NULL, NULL, 1),
(1376, 'Kandala Bawada', 22, NULL, NULL, 1),
(1377, 'Khandala Bawada', 22, NULL, NULL, 1),
(1378, 'Khandala Bawada.', 22, NULL, NULL, 1),
(1379, 'Khandalabavada', 22, NULL, NULL, 1),
(1380, 'Khandalabawada', 22, NULL, NULL, 1),
(1381, 'Wai', 22, NULL, NULL, 1),
(1382, 'Jawali', 22, NULL, NULL, 1),
(1383, 'Mahabaleshwar', 22, NULL, NULL, 1),
(1384, 'Mahabaleshawar', 22, NULL, NULL, 1),
(1385, 'Mahabaleshwr', 22, NULL, NULL, 1),
(1386, 'Solapur North', 22, NULL, NULL, 1),
(1387, 'N.Solapur', 22, NULL, NULL, 1),
(1388, 'North Solapur', 22, NULL, NULL, 1),
(1389, 'Solapur South', 22, NULL, NULL, 1),
(1390, 'Nort Solapur', 22, NULL, NULL, 1),
(1391, 'Solapur', 22, NULL, NULL, 1),
(1392, 'Madha', 22, NULL, NULL, 1),
(1393, 'Malshiras', 22, NULL, NULL, 1),
(1394, 'Pandharpur', 22, NULL, NULL, 1),
(1395, 'Indapur', 22, NULL, NULL, 1);
INSERT INTO `cities` (`id`, `name`, `state_id`, `created`, `modified`, `status`) VALUES
(1396, 'Malsiras', 22, NULL, NULL, 1),
(1397, 'Malshira', 22, NULL, NULL, 1),
(1398, 'Malsras', 22, NULL, NULL, 1),
(1399, 'Sholapur', 22, NULL, NULL, 1),
(1400, 'Ahmednagar', 22, NULL, NULL, 1),
(1401, 'Jamkhed', 22, NULL, NULL, 1),
(1402, 'Karmala', 22, NULL, NULL, 1),
(1403, 'Karmalaa', 22, NULL, NULL, 1),
(1404, 'Patoda', 22, NULL, NULL, 1),
(1405, 'Mahda', 22, NULL, NULL, 1),
(1406, 'Mhol', 22, NULL, NULL, 1),
(1407, 'Mohol', 22, NULL, NULL, 1),
(1408, 'South Solapur', 22, NULL, NULL, 1),
(1409, 'Akkaikot', 22, NULL, NULL, 1),
(1410, 'Akkalkot', 22, NULL, NULL, 1),
(1411, 'Barshi', 22, NULL, NULL, 1),
(1412, 'S.Solapur', 22, NULL, NULL, 1),
(1413, 'Bid', 22, NULL, NULL, 1),
(1414, 'Shirur (Kasar)', 22, NULL, NULL, 1),
(1415, 'Shirur K', 22, NULL, NULL, 1),
(1416, 'Pamdharpur', 22, NULL, NULL, 1),
(1417, 'Mangalvedha', 22, NULL, NULL, 1),
(1418, 'Mangalvedhe', 22, NULL, NULL, 1),
(1419, 'Sangola', 22, NULL, NULL, 1),
(1420, 'Sngola', 22, NULL, NULL, 1),
(1421, 'Sangole', 22, NULL, NULL, 1),
(1422, 'Snagola', 22, NULL, NULL, 1),
(1423, 'Sangli', 22, NULL, NULL, 1),
(1424, 'Mangalwedha', 22, NULL, NULL, 1),
(1425, 'Osmanabad', 22, NULL, NULL, 1),
(1426, 'Paranda', 22, NULL, NULL, 1),
(1427, 'Vashi', 22, NULL, NULL, 1),
(1428, 'Washi', 22, NULL, NULL, 1),
(1429, 'Bhoom', 22, NULL, NULL, 1),
(1430, 'Kallam', 22, NULL, NULL, 1),
(1431, 'Latur', 22, NULL, NULL, 1),
(1432, 'Kalamb', 22, NULL, NULL, 1),
(1433, 'Ahmadpur', 22, NULL, NULL, 1),
(1434, 'Chakur', 22, NULL, NULL, 1),
(1435, 'Ahmedpur', 22, NULL, NULL, 1),
(1436, 'Ahmedpuer', 22, NULL, NULL, 1),
(1437, 'Ausa', 22, NULL, NULL, 1),
(1438, 'Shirur-Anantpal', 22, NULL, NULL, 1),
(1439, 'Udgir', 22, NULL, NULL, 1),
(1440, 'Deoni', 22, NULL, NULL, 1),
(1441, 'Nilanga', 22, NULL, NULL, 1),
(1442, 'Renapur', 22, NULL, NULL, 1),
(1443, 'Jalkot', 22, NULL, NULL, 1),
(1444, 'Shirur Anantpal', 22, NULL, NULL, 1),
(1445, 'Tuljapur', 22, NULL, NULL, 1),
(1446, 'Umarga', 22, NULL, NULL, 1),
(1447, 'Omerga', 22, NULL, NULL, 1),
(1448, 'Lohara', 22, NULL, NULL, 1),
(1449, 'Shrigonda', 22, NULL, NULL, 1),
(1450, 'Rahuri', 22, NULL, NULL, 1),
(1451, 'Rahata', 22, NULL, NULL, 1),
(1452, 'Kopargaon', 22, NULL, NULL, 1),
(1453, 'Shrirampur', 22, NULL, NULL, 1),
(1454, 'Sangamner', 22, NULL, NULL, 1),
(1455, 'Pathardi', 22, NULL, NULL, 1),
(1456, 'Parner', 22, NULL, NULL, 1),
(1457, 'Newasa', 22, NULL, NULL, 1),
(1458, 'Ashti', 22, NULL, NULL, 1),
(1459, 'Beed', 22, NULL, NULL, 1),
(1460, 'Shirur K.', 22, NULL, NULL, 1),
(1461, 'Shevgaon', 22, NULL, NULL, 1),
(1462, 'Satara', 22, NULL, NULL, 1),
(1463, 'Koregaon', 22, NULL, NULL, 1),
(1464, 'Karad', 22, NULL, NULL, 1),
(1465, 'Patan', 22, NULL, NULL, 1),
(1466, 'Satara.Satara', 22, NULL, NULL, 1),
(1467, 'Kahatav', 22, NULL, NULL, 1),
(1468, 'Man (Dahiwadi)', 22, NULL, NULL, 1),
(1469, 'Shahuwadi', 22, NULL, NULL, 1),
(1470, 'Khatav', 22, NULL, NULL, 1),
(1471, 'Karad.', 22, NULL, NULL, 1),
(1472, 'Ratnagiri', 22, NULL, NULL, 1),
(1473, 'Mandangad', 22, NULL, NULL, 1),
(1474, 'Dapoli', 22, NULL, NULL, 1),
(1475, 'Atpadi', 22, NULL, NULL, 1),
(1476, 'Valva', 22, NULL, NULL, 1),
(1477, 'Walva', 22, NULL, NULL, 1),
(1478, 'Kadegaon', 22, NULL, NULL, 1),
(1479, 'Palus', 22, NULL, NULL, 1),
(1480, 'Kahanapur', 22, NULL, NULL, 1),
(1481, 'Khanapur', 22, NULL, NULL, 1),
(1482, 'Khnapur', 22, NULL, NULL, 1),
(1483, 'Kahanpur', 22, NULL, NULL, 1),
(1484, 'Shirala', 22, NULL, NULL, 1),
(1485, 'Shiala', 22, NULL, NULL, 1),
(1486, 'Satara Koregaon', 22, NULL, NULL, 1),
(1487, 'Man', 22, NULL, NULL, 1),
(1488, 'Man(Dahivadi)', 22, NULL, NULL, 1),
(1489, 'Jawoli', 22, NULL, NULL, 1),
(1490, 'Patan.', 22, NULL, NULL, 1),
(1491, 'Phaltan', 22, NULL, NULL, 1),
(1492, 'Kahandala Bawada', 22, NULL, NULL, 1),
(1493, 'Kahandala Bawda', 22, NULL, NULL, 1),
(1494, 'Phalatan', 22, NULL, NULL, 1),
(1495, 'Aurangabad', 22, NULL, NULL, 1),
(1496, 'Chiplun', 22, NULL, NULL, 1),
(1497, 'Sangmeshwar', 22, NULL, NULL, 1),
(1498, 'Snagmeshwar', 22, NULL, NULL, 1),
(1499, 'Sanmeshwar', 22, NULL, NULL, 1),
(1500, 'Guhagar', 22, NULL, NULL, 1),
(1501, 'Khed (Rtg)', 22, NULL, NULL, 1),
(1502, 'Lanja', 22, NULL, NULL, 1),
(1503, 'Rajapur', 22, NULL, NULL, 1),
(1504, 'Javali', 22, NULL, NULL, 1),
(1505, 'Karveer', 22, NULL, NULL, 1),
(1506, 'Karveern', 22, NULL, NULL, 1),
(1507, 'Karvir', 22, NULL, NULL, 1),
(1508, 'Radhanagari', 22, NULL, NULL, 1),
(1509, 'Hatkanangle', 22, NULL, NULL, 1),
(1510, 'Hatkanangale', 22, NULL, NULL, 1),
(1511, 'Shirol', 22, NULL, NULL, 1),
(1512, 'Hatkanagale', 22, NULL, NULL, 1),
(1513, 'Panhala', 22, NULL, NULL, 1),
(1514, 'Kolhapur', 22, NULL, NULL, 1),
(1515, 'Gaganbavada', 22, NULL, NULL, 1),
(1516, 'Kagal', 22, NULL, NULL, 1),
(1517, 'Bhudargad', 22, NULL, NULL, 1),
(1518, 'Ajara', 22, NULL, NULL, 1),
(1519, 'Ajra', 22, NULL, NULL, 1),
(1520, 'Gadhinglaj', 22, NULL, NULL, 1),
(1521, 'Miraj', 22, NULL, NULL, 1),
(1522, 'Tasgaon', 22, NULL, NULL, 1),
(1523, 'Jat', 22, NULL, NULL, 1),
(1524, 'Jath', 22, NULL, NULL, 1),
(1525, 'Kavathe Mahankal', 22, NULL, NULL, 1),
(1526, 'Kavthe Mahankal', 22, NULL, NULL, 1),
(1527, 'K Mahankal', 22, NULL, NULL, 1),
(1528, 'K Mhankal', 22, NULL, NULL, 1),
(1529, 'K. Mahankal', 22, NULL, NULL, 1),
(1530, 'Chandgad', 22, NULL, NULL, 1),
(1531, 'Sawantwadi', 22, NULL, NULL, 1),
(1532, 'Sawanwtadi', 22, NULL, NULL, 1),
(1533, 'Dodamarg', 22, NULL, NULL, 1),
(1534, 'Vengurla', 22, NULL, NULL, 1),
(1535, 'Kudal', 22, NULL, NULL, 1),
(1536, 'Sindhudurgkudal', 22, NULL, NULL, 1),
(1537, 'Oras', 22, NULL, NULL, 1),
(1538, 'Malvan', 22, NULL, NULL, 1),
(1539, 'Devgad', 22, NULL, NULL, 1),
(1540, 'Kankavli', 22, NULL, NULL, 1),
(1541, 'Malwan', 22, NULL, NULL, 1),
(1542, 'Malvsn', 22, NULL, NULL, 1),
(1543, 'Sindhudurg', 22, NULL, NULL, 1),
(1544, 'Kanakvli', 22, NULL, NULL, 1),
(1545, 'Kankal I', 22, NULL, NULL, 1),
(1546, 'Kankalvi', 22, NULL, NULL, 1),
(1547, 'Kankavi', 22, NULL, NULL, 1),
(1548, 'Vaibhavwadi', 22, NULL, NULL, 1),
(1549, 'Kalyan', 22, NULL, NULL, 1),
(1550, 'Ulhasnagar', 22, NULL, NULL, 1),
(1551, 'Ambarnath', 22, NULL, NULL, 1),
(1552, 'Wada', 22, NULL, NULL, 1),
(1553, 'Wade', 22, NULL, NULL, 1),
(1554, 'Murbad', 22, NULL, NULL, 1),
(1555, 'Shahapur', 22, NULL, NULL, 1),
(1556, 'Badlapur', 22, NULL, NULL, 1),
(1557, 'Nasik', 22, NULL, NULL, 1),
(1558, 'Dindori', 22, NULL, NULL, 1),
(1559, 'Niphad', 22, NULL, NULL, 1),
(1560, 'Surgana', 22, NULL, NULL, 1),
(1561, 'Peint', 22, NULL, NULL, 1),
(1562, 'Sinnar', 22, NULL, NULL, 1),
(1563, 'Trimabakeshwar', 22, NULL, NULL, 1),
(1564, 'Peth', 22, NULL, NULL, 1),
(1565, 'Chandwad', 22, NULL, NULL, 1),
(1566, 'Kalwan', 22, NULL, NULL, 1),
(1567, 'Igatpuri', 22, NULL, NULL, 1),
(1568, 'Akole', 22, NULL, NULL, 1),
(1569, 'Deola', 22, NULL, NULL, 1),
(1570, 'Malegaon', 22, NULL, NULL, 1),
(1571, 'Yeola', 22, NULL, NULL, 1),
(1572, 'Satana', 22, NULL, NULL, 1),
(1573, 'Jalgaon', 22, NULL, NULL, 1),
(1574, 'Vaijapur', 22, NULL, NULL, 1),
(1575, 'Gangapur', 22, NULL, NULL, 1),
(1576, 'Dhule', 22, NULL, NULL, 1),
(1577, 'Chalisgaon', 22, NULL, NULL, 1),
(1578, 'Bhadgaon', 22, NULL, NULL, 1),
(1579, 'Pachora', 22, NULL, NULL, 1),
(1580, 'Chalisgoan', 22, NULL, NULL, 1),
(1581, 'Jalgoan', 22, NULL, NULL, 1),
(1582, 'Sakri', 22, NULL, NULL, 1),
(1583, 'Shindkheda', 22, NULL, NULL, 1),
(1584, 'Dharangaon', 22, NULL, NULL, 1),
(1585, 'Dharagaon', 22, NULL, NULL, 1),
(1586, 'Erandol', 22, NULL, NULL, 1),
(1587, 'Parola', 22, NULL, NULL, 1),
(1588, 'Bhusawal', 22, NULL, NULL, 1),
(1589, 'Yawal', 22, NULL, NULL, 1),
(1590, 'Chopda', 22, NULL, NULL, 1),
(1591, 'Muktainagar', 22, NULL, NULL, 1),
(1592, 'Bodwad', 22, NULL, NULL, 1),
(1593, 'Raver', 22, NULL, NULL, 1),
(1594, 'Muktai Nagar', 22, NULL, NULL, 1),
(1595, 'Amalner', 22, NULL, NULL, 1),
(1596, 'Shirpur', 22, NULL, NULL, 1),
(1597, 'Shahada', 22, NULL, NULL, 1),
(1598, 'Nandurbar', 22, NULL, NULL, 1),
(1599, 'Taloda', 22, NULL, NULL, 1),
(1600, 'Dhadgaon', 22, NULL, NULL, 1),
(1601, 'Akkalkuwa', 22, NULL, NULL, 1),
(1602, 'Navapur', 22, NULL, NULL, 1),
(1603, 'Phulumbri', 22, NULL, NULL, 1),
(1604, 'Khuldabad', 22, NULL, NULL, 1),
(1605, 'Kannad', 22, NULL, NULL, 1),
(1606, 'Paithan', 22, NULL, NULL, 1),
(1607, 'Ambad', 22, NULL, NULL, 1),
(1608, 'Phulambri', 22, NULL, NULL, 1),
(1609, 'Sillod', 22, NULL, NULL, 1),
(1610, 'Bhokardan', 22, NULL, NULL, 1),
(1611, 'Bholardan', 22, NULL, NULL, 1),
(1612, 'Bhorkardan', 22, NULL, NULL, 1),
(1613, 'Valijapur', 22, NULL, NULL, 1),
(1614, 'Soegaon', 22, NULL, NULL, 1),
(1615, 'Kaij', 22, NULL, NULL, 1),
(1616, 'Dharur', 22, NULL, NULL, 1),
(1617, 'K Dharur', 22, NULL, NULL, 1),
(1618, 'Kille Dahrur', 22, NULL, NULL, 1),
(1619, 'Kille Dharur', 22, NULL, NULL, 1),
(1620, 'Wadwani', 22, NULL, NULL, 1),
(1621, 'Georai', 22, NULL, NULL, 1),
(1622, 'Gevrai', 22, NULL, NULL, 1),
(1623, 'Majalgaon', 22, NULL, NULL, 1),
(1624, 'Majalgoan', 22, NULL, NULL, 1),
(1625, 'Manjlegaon', 22, NULL, NULL, 1),
(1626, 'Majalgaon S.O.', 22, NULL, NULL, 1),
(1627, 'Badnapur', 22, NULL, NULL, 1),
(1628, 'Badnapura', 22, NULL, NULL, 1),
(1629, 'Jalna', 22, NULL, NULL, 1),
(1630, 'Jaffrabad', 22, NULL, NULL, 1),
(1631, 'Ghansawangi', 22, NULL, NULL, 1),
(1632, 'Ghanwangi', 22, NULL, NULL, 1),
(1633, 'Parbhani', 22, NULL, NULL, 1),
(1634, 'Purna', 22, NULL, NULL, 1),
(1635, 'Basmath', 22, NULL, NULL, 1),
(1636, 'Mantha', 22, NULL, NULL, 1),
(1637, 'Partur', 22, NULL, NULL, 1),
(1638, 'Sailu', 22, NULL, NULL, 1),
(1639, 'Manwath', 22, NULL, NULL, 1),
(1640, 'Pathri', 22, NULL, NULL, 1),
(1641, 'Jintur', 22, NULL, NULL, 1),
(1642, 'Aundha Nagnath', 22, NULL, NULL, 1),
(1643, 'Basmathnagar', 22, NULL, NULL, 1),
(1644, 'Hingoli', 22, NULL, NULL, 1),
(1645, 'Gangakhed', 22, NULL, NULL, 1),
(1646, 'Parli', 22, NULL, NULL, 1),
(1647, 'Parli Vaij.', 22, NULL, NULL, 1),
(1648, 'Parli Vaijinath', 22, NULL, NULL, 1),
(1649, 'Parlivaij', 22, NULL, NULL, 1),
(1650, 'Sonpeth', 22, NULL, NULL, 1),
(1651, 'Ambajgoai', 22, NULL, NULL, 1),
(1652, 'Ambajogai', 22, NULL, NULL, 1),
(1653, 'Ambejogai', 22, NULL, NULL, 1),
(1654, 'Parli Vai.J', 22, NULL, NULL, 1),
(1655, 'Palam', 22, NULL, NULL, 1),
(1656, 'Sengaon', 22, NULL, NULL, 1),
(1657, 'Bhokar', 22, NULL, NULL, 1),
(1658, 'Nanded', 22, NULL, NULL, 1),
(1659, 'Loha', 22, NULL, NULL, 1),
(1660, 'Naigaon', 22, NULL, NULL, 1),
(1661, 'Himayatnagar', 22, NULL, NULL, 1),
(1662, 'Kalamnuri', 22, NULL, NULL, 1),
(1663, 'Ardhapur', 22, NULL, NULL, 1),
(1664, 'Biloi', 22, NULL, NULL, 1),
(1665, 'Biloli', 22, NULL, NULL, 1),
(1666, 'Hadgaon', 22, NULL, NULL, 1),
(1667, 'Kandahr', 22, NULL, NULL, 1),
(1668, 'Kandhar', 22, NULL, NULL, 1),
(1669, 'Mukhed', 22, NULL, NULL, 1),
(1670, 'Degloor', 22, NULL, NULL, 1),
(1671, 'Mahore', 22, NULL, NULL, 1),
(1672, 'Kandhr', 22, NULL, NULL, 1),
(1673, 'Mudkhed', 22, NULL, NULL, 1),
(1674, 'Bvhokar', 22, NULL, NULL, 1),
(1675, 'Kinwat', 22, NULL, NULL, 1),
(1676, 'Umari', 22, NULL, NULL, 1),
(1677, 'Dharmabad', 22, NULL, NULL, 1),
(1678, 'Kiwat', 22, NULL, NULL, 1),
(1679, 'Nagpur', 22, NULL, NULL, 1),
(1680, 'Nagpur (Urban)', 22, NULL, NULL, 1),
(1681, 'Hingna', 22, NULL, NULL, 1),
(1682, 'Kamthi', 22, NULL, NULL, 1),
(1683, 'Kamptee', 22, NULL, NULL, 1),
(1684, 'Saoner', 22, NULL, NULL, 1),
(1685, 'Savner', 22, NULL, NULL, 1),
(1686, 'Parsioni', 22, NULL, NULL, 1),
(1687, 'Katol', 22, NULL, NULL, 1),
(1688, 'Mauda', 22, NULL, NULL, 1),
(1689, 'Mouda', 22, NULL, NULL, 1),
(1690, 'Parseoni', 22, NULL, NULL, 1),
(1691, 'Ramtek', 22, NULL, NULL, 1),
(1692, 'Kalameshwar', 22, NULL, NULL, 1),
(1693, 'Nagpur (Rural)', 22, NULL, NULL, 1),
(1694, 'Bhiwapur', 22, NULL, NULL, 1),
(1695, 'Kuhi', 22, NULL, NULL, 1),
(1696, 'Umred', 22, NULL, NULL, 1),
(1697, 'Umrer', 22, NULL, NULL, 1),
(1698, 'Chandrapur', 22, NULL, NULL, 1),
(1699, 'Nabhid', 22, NULL, NULL, 1),
(1700, 'Nagbhid', 22, NULL, NULL, 1),
(1701, 'Bramhapuri', 22, NULL, NULL, 1),
(1702, 'Nagbhir', 22, NULL, NULL, 1),
(1703, 'Desaiganj', 22, NULL, NULL, 1),
(1704, 'Armori', 22, NULL, NULL, 1),
(1705, 'Korchi', 22, NULL, NULL, 1),
(1706, 'Kurkheda', 22, NULL, NULL, 1),
(1707, 'Mul', 22, NULL, NULL, 1),
(1708, 'Saoli', 22, NULL, NULL, 1),
(1709, 'Sindewahi', 22, NULL, NULL, 1),
(1710, 'Nagbhri', 22, NULL, NULL, 1),
(1711, 'Narbhir', 22, NULL, NULL, 1),
(1712, 'Gondpipri', 22, NULL, NULL, 1),
(1713, 'Narkhed', 22, NULL, NULL, 1),
(1714, 'Narkher', 22, NULL, NULL, 1),
(1715, 'Mansar', 22, NULL, NULL, 1),
(1716, 'Kalmeshwar', 22, NULL, NULL, 1),
(1717, 'Nagpur Rural', 22, NULL, NULL, 1),
(1718, 'Gondia', 22, NULL, NULL, 1),
(1719, 'Gondiya', 22, NULL, NULL, 1),
(1720, 'Bhandara', 22, NULL, NULL, 1),
(1721, 'Arjuni Morgaon', 22, NULL, NULL, 1),
(1722, 'Sakoli', 22, NULL, NULL, 1),
(1723, 'Lakhandur', 22, NULL, NULL, 1),
(1724, 'Lakhani', 22, NULL, NULL, 1),
(1725, 'Lakhni', 22, NULL, NULL, 1),
(1726, 'Sadak Arjuni', 22, NULL, NULL, 1),
(1727, 'Sadak-Arjuni', 22, NULL, NULL, 1),
(1728, 'Deori', 22, NULL, NULL, 1),
(1729, 'Amgaon', 22, NULL, NULL, 1),
(1730, 'Amgoan', 22, NULL, NULL, 1),
(1731, 'Pauni', 22, NULL, NULL, 1),
(1732, 'Mohadi', 22, NULL, NULL, 1),
(1733, 'Bhandarra', 22, NULL, NULL, 1),
(1734, 'Tumsar', 22, NULL, NULL, 1),
(1735, 'Tirora', 22, NULL, NULL, 1),
(1736, 'Salekasa', 22, NULL, NULL, 1),
(1737, 'Seloo', 22, NULL, NULL, 1),
(1738, 'Wardha', 22, NULL, NULL, 1),
(1739, 'Deoli', 22, NULL, NULL, 1),
(1740, 'Samudrapur', 22, NULL, NULL, 1),
(1741, 'Samudraupr', 22, NULL, NULL, 1),
(1742, 'Arvi', 22, NULL, NULL, 1),
(1743, 'Karanja', 22, NULL, NULL, 1),
(1744, 'Hinganghat', 22, NULL, NULL, 1),
(1745, 'Hinganghjat', 22, NULL, NULL, 1),
(1746, 'Dhamangaon Railway', 22, NULL, NULL, 1),
(1747, 'Chandrapur Ho', 22, NULL, NULL, 1),
(1748, 'Bhadrawati', 22, NULL, NULL, 1),
(1749, 'Sironcha', 22, NULL, NULL, 1),
(1750, 'Ballarpur', 22, NULL, NULL, 1),
(1751, 'Chamorshi', 22, NULL, NULL, 1),
(1752, 'Chamroshid', 22, NULL, NULL, 1),
(1753, 'Gadchiroli', 22, NULL, NULL, 1),
(1754, 'Sawali', 22, NULL, NULL, 1),
(1755, 'Dhanora', 22, NULL, NULL, 1),
(1756, 'Gondipipri', 22, NULL, NULL, 1),
(1757, 'Aheri', 22, NULL, NULL, 1),
(1758, 'Etapalli', 22, NULL, NULL, 1),
(1759, 'Ettapalli', 22, NULL, NULL, 1),
(1760, 'Chamorhsi', 22, NULL, NULL, 1),
(1761, 'Mulchera', 22, NULL, NULL, 1),
(1762, 'Bhamragadh', 22, NULL, NULL, 1),
(1763, 'Chimur', 22, NULL, NULL, 1),
(1764, 'Chimur Bo', 22, NULL, NULL, 1),
(1765, 'Rajura', 22, NULL, NULL, 1),
(1766, 'Warora', 22, NULL, NULL, 1),
(1767, 'Chandur', 22, NULL, NULL, 1),
(1768, 'Jiwati', 22, NULL, NULL, 1),
(1769, 'Korpana', 22, NULL, NULL, 1),
(1770, 'Korphana', 22, NULL, NULL, 1),
(1771, 'Pombhurna', 22, NULL, NULL, 1),
(1772, 'Buldana', 22, NULL, NULL, 1),
(1773, 'Budlana', 22, NULL, NULL, 1),
(1774, 'Buldhana', 22, NULL, NULL, 1),
(1775, 'Chikhli', 22, NULL, NULL, 1),
(1776, 'Malkapur', 22, NULL, NULL, 1),
(1777, 'Motala', 22, NULL, NULL, 1),
(1778, 'Sangrampur', 22, NULL, NULL, 1),
(1779, 'Nandura', 22, NULL, NULL, 1),
(1780, 'Deulgaon Raja', 22, NULL, NULL, 1),
(1781, 'Dulgaon Raja', 22, NULL, NULL, 1),
(1782, 'Lonar', 22, NULL, NULL, 1),
(1783, 'Mehkar', 22, NULL, NULL, 1),
(1784, 'Sindkhed Raja', 22, NULL, NULL, 1),
(1785, 'Deulgaon Mahi', 22, NULL, NULL, 1),
(1786, 'Loanr', 22, NULL, NULL, 1),
(1787, 'Sinkhed Raja', 22, NULL, NULL, 1),
(1788, 'Jalgaon (Jamod)', 22, NULL, NULL, 1),
(1789, 'Khamgaon', 22, NULL, NULL, 1),
(1790, 'Khamgoan', 22, NULL, NULL, 1),
(1791, 'Nanadura', 22, NULL, NULL, 1),
(1792, 'Shegaon', 22, NULL, NULL, 1),
(1793, 'Akola', 22, NULL, NULL, 1),
(1794, 'Washim', 22, NULL, NULL, 1),
(1795, 'Akot', 22, NULL, NULL, 1),
(1796, 'Telhara', 22, NULL, NULL, 1),
(1797, 'Murtijapur', 22, NULL, NULL, 1),
(1798, 'Balapur', 22, NULL, NULL, 1),
(1799, 'Shegan', 22, NULL, NULL, 1),
(1800, 'Sonala', 22, NULL, NULL, 1),
(1801, 'Chikhali', 22, NULL, NULL, 1),
(1802, 'Kahmgaon', 22, NULL, NULL, 1),
(1803, 'Barshitakli', 22, NULL, NULL, 1),
(1804, 'Mangrulpir', 22, NULL, NULL, 1),
(1805, 'Amaravati', 22, NULL, NULL, 1),
(1806, 'Amravati', 22, NULL, NULL, 1),
(1807, 'Dharni', 22, NULL, NULL, 1),
(1808, 'Chandur Bazar', 22, NULL, NULL, 1),
(1809, 'Morshi', 22, NULL, NULL, 1),
(1810, 'Anjangaon', 22, NULL, NULL, 1),
(1811, 'Daryapu', 22, NULL, NULL, 1),
(1812, 'Daryapur', 22, NULL, NULL, 1),
(1813, 'Bhatkuli', 22, NULL, NULL, 1),
(1814, 'Nandgaon Khandeshwar', 22, NULL, NULL, 1),
(1815, 'Chandur Rly', 22, NULL, NULL, 1),
(1816, 'Dhamangaon', 22, NULL, NULL, 1),
(1817, 'Dhamangaon R.S.', 22, NULL, NULL, 1),
(1818, 'Dhamangaon Rly', 22, NULL, NULL, 1),
(1819, 'Achalpur City', 22, NULL, NULL, 1),
(1820, 'Paratwada', 22, NULL, NULL, 1),
(1821, 'Chikhaldara', 22, NULL, NULL, 1),
(1822, 'Teosa', 22, NULL, NULL, 1),
(1823, 'Tiosa', 22, NULL, NULL, 1),
(1824, 'Chandur Railway', 22, NULL, NULL, 1),
(1825, 'Chandur Raiway', 22, NULL, NULL, 1),
(1826, 'Chandur Rly.', 22, NULL, NULL, 1),
(1827, 'Warud', 22, NULL, NULL, 1),
(1828, 'Yavatmal', 22, NULL, NULL, 1),
(1829, 'Babhulgaon', 22, NULL, NULL, 1),
(1830, 'Yeotamal', 22, NULL, NULL, 1),
(1831, 'Ner Parsopant', 22, NULL, NULL, 1),
(1832, 'Ner Persopant', 22, NULL, NULL, 1),
(1833, 'Nr Persopant', 22, NULL, NULL, 1),
(1834, 'Arni', 22, NULL, NULL, 1),
(1835, 'Darwha', 22, NULL, NULL, 1),
(1836, 'Ghatanji', 22, NULL, NULL, 1),
(1837, 'Digras', 22, NULL, NULL, 1),
(1838, 'Mahagaon', 22, NULL, NULL, 1),
(1839, 'Pusad', 22, NULL, NULL, 1),
(1840, 'Umarkhed', 22, NULL, NULL, 1),
(1841, 'Umerkhed', 22, NULL, NULL, 1),
(1842, 'Nerparsopant', 22, NULL, NULL, 1),
(1843, 'Kalapur', 22, NULL, NULL, 1),
(1844, 'Kelapur', 22, NULL, NULL, 1),
(1845, 'Zari Jamni', 22, NULL, NULL, 1),
(1846, 'Maregaon', 22, NULL, NULL, 1),
(1847, 'Wani', 22, NULL, NULL, 1),
(1848, 'Jhari Jamni', 22, NULL, NULL, 1),
(1849, 'Ralegaon', 22, NULL, NULL, 1),
(1850, 'Ralegoan', 22, NULL, NULL, 1),
(1851, 'Rlegaon', 22, NULL, NULL, 1),
(1852, 'North Goa', 11, NULL, NULL, 1),
(1853, 'Tiswaddi', 11, NULL, NULL, 1),
(1854, 'Tiswadi', 11, NULL, NULL, 1),
(1855, 'Bardez', 11, NULL, NULL, 1),
(1856, 'Ponda', 11, NULL, NULL, 1),
(1857, 'Sattari', 11, NULL, NULL, 1),
(1858, 'Sanquelim', 11, NULL, NULL, 1),
(1859, 'Panaji', 11, NULL, NULL, 1),
(1860, 'Queula', 11, NULL, NULL, 1),
(1861, 'Quepem', 11, NULL, NULL, 1),
(1862, 'Sanguem', 11, NULL, NULL, 1),
(1863, 'Bicholim', 11, NULL, NULL, 1),
(1864, 'Pernem', 11, NULL, NULL, 1),
(1865, 'Salcete', 11, NULL, NULL, 1),
(1866, 'Salcette', 11, NULL, NULL, 1),
(1867, 'Margao', 11, NULL, NULL, 1),
(1868, 'Canacona', 11, NULL, NULL, 1),
(1869, 'Cancona', 11, NULL, NULL, 1),
(1870, 'Sangaum', 11, NULL, NULL, 1),
(1871, 'Curchorem', 11, NULL, NULL, 1),
(1872, 'Marmugao', 11, NULL, NULL, 1),
(1873, 'Mormugao', 11, NULL, NULL, 1),
(1874, 'Salcate', 11, NULL, NULL, 1),
(1875, 'Salsate', 11, NULL, NULL, 1),
(1876, 'South Goa', 11, NULL, NULL, 1),
(1877, 'Durg', 7, NULL, NULL, 1),
(1878, 'Dhamdha', 7, NULL, NULL, 1),
(1879, 'Patan', 7, NULL, NULL, 1),
(1880, 'Patah', 7, NULL, NULL, 1),
(1881, 'Gunderdehi', 7, NULL, NULL, 1),
(1882, 'Balod', 7, NULL, NULL, 1),
(1883, 'Sanjaribalod', 7, NULL, NULL, 1),
(1884, 'Gurur', 7, NULL, NULL, 1),
(1885, 'Dondi', 7, NULL, NULL, 1),
(1886, 'Dondi Awari', 7, NULL, NULL, 1),
(1887, 'Manpur', 7, NULL, NULL, 1),
(1888, 'Berla', 7, NULL, NULL, 1),
(1889, 'Bemetara', 7, NULL, NULL, 1),
(1890, 'Kawardha', 7, NULL, NULL, 1),
(1891, 'Nawgarh', 7, NULL, NULL, 1),
(1892, 'Saja', 7, NULL, NULL, 1),
(1893, 'Nandghat', 7, NULL, NULL, 1),
(1894, 'Dongargaon', 7, NULL, NULL, 1),
(1895, 'Khairagarh', 7, NULL, NULL, 1),
(1896, 'Rajnandgaon', 7, NULL, NULL, 1),
(1897, 'Dongargarh', 7, NULL, NULL, 1),
(1898, 'Chhuria', 7, NULL, NULL, 1),
(1899, 'Pandaria', 7, NULL, NULL, 1),
(1900, 'Ambagarh Chowki', 7, NULL, NULL, 1),
(1901, 'Mohla', 7, NULL, NULL, 1),
(1902, 'Ambagarh', 7, NULL, NULL, 1),
(1903, 'Dondi Lohara', 7, NULL, NULL, 1),
(1904, 'Khairagarh Raj', 7, NULL, NULL, 1),
(1905, 'Chhuikhadan', 7, NULL, NULL, 1),
(1906, 'Gandai Pandaria', 7, NULL, NULL, 1),
(1907, 'Raipur', 7, NULL, NULL, 1),
(1908, 'Mana Camp', 7, NULL, NULL, 1),
(1909, 'Dharsiwa', 7, NULL, NULL, 1),
(1910, 'Mandir Hasod', 7, NULL, NULL, 1),
(1911, 'Bindranawagarh', 7, NULL, NULL, 1),
(1912, 'Chhura', 7, NULL, NULL, 1),
(1913, 'Panduka', 7, NULL, NULL, 1),
(1914, 'Basna', 7, NULL, NULL, 1),
(1915, 'Mahasamund', 7, NULL, NULL, 1),
(1916, 'Sankra', 7, NULL, NULL, 1),
(1917, 'Simga', 7, NULL, NULL, 1),
(1918, 'Manddar Cement Factory', 7, NULL, NULL, 1),
(1919, 'Hathband', 7, NULL, NULL, 1),
(1920, 'Neora', 7, NULL, NULL, 1),
(1921, 'Baikunth', 7, NULL, NULL, 1),
(1922, 'Bhatapara', 7, NULL, NULL, 1),
(1923, 'Hirmi', 7, NULL, NULL, 1),
(1924, 'Grasim Vihar Rawan', 7, NULL, NULL, 1),
(1925, 'Birgaon', 7, NULL, NULL, 1),
(1926, 'Bhatgaon', 7, NULL, NULL, 1),
(1927, 'Bilaigarh', 7, NULL, NULL, 1),
(1928, 'Arang', 7, NULL, NULL, 1),
(1929, 'Kharora', 7, NULL, NULL, 1),
(1930, 'Tilda', 7, NULL, NULL, 1),
(1931, 'Pallari', 7, NULL, NULL, 1),
(1932, 'Watgan', 7, NULL, NULL, 1),
(1933, 'Baloda Bazar', 7, NULL, NULL, 1),
(1934, 'Rawan', 7, NULL, NULL, 1),
(1935, 'Kasdol', 7, NULL, NULL, 1),
(1936, 'Katgi', 7, NULL, NULL, 1),
(1937, 'Bagbahra', 7, NULL, NULL, 1),
(1938, 'Lawan', 7, NULL, NULL, 1),
(1939, 'Pithora', 7, NULL, NULL, 1),
(1940, 'Jagdishpur', 7, NULL, NULL, 1),
(1941, 'Saraipali', 7, NULL, NULL, 1),
(1942, 'Sarsiwa', 7, NULL, NULL, 1),
(1943, 'Abhanpur', 7, NULL, NULL, 1),
(1944, 'Kurud', 7, NULL, NULL, 1),
(1945, 'Dhamtari', 7, NULL, NULL, 1),
(1946, 'Rudri', 7, NULL, NULL, 1),
(1947, 'Nagri', 7, NULL, NULL, 1),
(1948, 'Rajim', 7, NULL, NULL, 1),
(1949, 'Phingeshwar', 7, NULL, NULL, 1),
(1950, 'Gariaband', 7, NULL, NULL, 1),
(1951, 'Deobhog', 7, NULL, NULL, 1),
(1952, 'Bastar', 7, NULL, NULL, 1),
(1953, 'Jagdalpur', 7, NULL, NULL, 1),
(1954, 'Konta', 7, NULL, NULL, 1),
(1955, 'Kondagaon', 7, NULL, NULL, 1),
(1956, 'Keshkal', 7, NULL, NULL, 1),
(1957, 'Kanker', 7, NULL, NULL, 1),
(1958, 'Narharpur', 7, NULL, NULL, 1),
(1959, 'Charama', 7, NULL, NULL, 1),
(1960, 'Dantewada', 7, NULL, NULL, 1),
(1961, 'Bijapur', 7, NULL, NULL, 1),
(1962, 'Bhopalpatnam', 7, NULL, NULL, 1),
(1963, 'Bhairamgarh', 7, NULL, NULL, 1),
(1964, 'Bhanupratappur', 7, NULL, NULL, 1),
(1965, 'Narayanpur', 7, NULL, NULL, 1),
(1966, 'Antagarh', 7, NULL, NULL, 1),
(1967, 'Pakhanjore', 7, NULL, NULL, 1),
(1968, 'Bilaspur', 7, NULL, NULL, 1),
(1969, 'Akaltara', 7, NULL, NULL, 1),
(1970, 'Seepat', 7, NULL, NULL, 1),
(1971, 'Koni', 7, NULL, NULL, 1),
(1972, 'Ganiyari', 7, NULL, NULL, 1),
(1973, 'Takhatpur', 7, NULL, NULL, 1),
(1974, 'Kargi Road', 7, NULL, NULL, 1),
(1975, 'Lormi', 7, NULL, NULL, 1),
(1976, 'Belgahana', 7, NULL, NULL, 1),
(1977, 'Belgahna', 7, NULL, NULL, 1),
(1978, 'Pendra Road', 7, NULL, NULL, 1),
(1979, 'Marwahi', 7, NULL, NULL, 1),
(1980, 'Pendra', 7, NULL, NULL, 1),
(1981, 'Bilha', 7, NULL, NULL, 1),
(1982, 'Chakarbhata Camp', 7, NULL, NULL, 1),
(1983, 'Hirri Mines', 7, NULL, NULL, 1),
(1984, 'Mungeli', 7, NULL, NULL, 1),
(1985, 'Patharia', 7, NULL, NULL, 1),
(1986, 'Ratanpur', 7, NULL, NULL, 1),
(1987, 'Katghora', 7, NULL, NULL, 1),
(1988, 'Hardibazar', 7, NULL, NULL, 1),
(1989, 'Korba', 7, NULL, NULL, 1),
(1990, 'Bankimongra', 7, NULL, NULL, 1),
(1991, 'Machadoli', 7, NULL, NULL, 1),
(1992, 'Pali', 7, NULL, NULL, 1),
(1993, 'Jamnipali', 7, NULL, NULL, 1),
(1994, 'Kusmunda', 7, NULL, NULL, 1),
(1995, 'Jairamnagar', 7, NULL, NULL, 1),
(1996, 'Masturi', 7, NULL, NULL, 1),
(1997, 'Dabhra', 7, NULL, NULL, 1),
(1998, 'Janjgir', 7, NULL, NULL, 1),
(1999, 'Nariyara', 7, NULL, NULL, 1),
(2000, 'Pamgarh', 7, NULL, NULL, 1),
(2001, 'Kharod', 7, NULL, NULL, 1),
(2002, 'Seorinarayan', 7, NULL, NULL, 1),
(2003, 'Janjgir-Champa', 7, NULL, NULL, 1),
(2004, 'Baloda', 7, NULL, NULL, 1),
(2005, 'Champa', 7, NULL, NULL, 1),
(2006, 'Bamhni Bazar', 7, NULL, NULL, 1),
(2007, 'Birra', 7, NULL, NULL, 1),
(2008, 'Gopalnagar', 7, NULL, NULL, 1),
(2009, 'Bhaisma', 7, NULL, NULL, 1),
(2010, 'Manikpur', 7, NULL, NULL, 1),
(2011, 'Rajgamar', 7, NULL, NULL, 1),
(2012, 'Balconagar', 7, NULL, NULL, 1),
(2013, 'Chamba', 7, NULL, NULL, 1),
(2014, 'Baradwar', 7, NULL, NULL, 1),
(2015, 'Sakti', 7, NULL, NULL, 1),
(2016, 'Jaijaipur', 7, NULL, NULL, 1),
(2017, 'Malkharoda', 7, NULL, NULL, 1),
(2018, 'Chandrapur', 7, NULL, NULL, 1),
(2019, 'Adbhar', 7, NULL, NULL, 1),
(2020, 'Raigarh', 7, NULL, NULL, 1),
(2021, 'Tamnar', 7, NULL, NULL, 1),
(2022, 'Gharghoda', 7, NULL, NULL, 1),
(2023, 'Dharmajaigarh', 7, NULL, NULL, 1),
(2024, 'Udaipur (Dharamjaigarh)', 7, NULL, NULL, 1),
(2025, 'Jashpur', 7, NULL, NULL, 1),
(2026, 'Pathalgaon', 7, NULL, NULL, 1),
(2027, 'Jashpurnagar', 7, NULL, NULL, 1),
(2028, 'Bagicha', 7, NULL, NULL, 1),
(2029, 'Kunkuri', 7, NULL, NULL, 1),
(2030, 'Sarangarh', 7, NULL, NULL, 1),
(2031, 'Saria', 7, NULL, NULL, 1),
(2032, 'Kharsia', 7, NULL, NULL, 1),
(2033, 'Ambikapur', 7, NULL, NULL, 1),
(2034, 'Rajpur', 7, NULL, NULL, 1),
(2035, 'Surguja', 7, NULL, NULL, 1),
(2036, 'Sitapur', 7, NULL, NULL, 1),
(2037, 'Lakhanpur', 7, NULL, NULL, 1),
(2038, 'Pratappur', 7, NULL, NULL, 1),
(2039, 'Kusmi', 7, NULL, NULL, 1),
(2040, 'Surajpur', 7, NULL, NULL, 1),
(2041, 'Baikunthapur', 7, NULL, NULL, 1),
(2042, 'Koriya', 7, NULL, NULL, 1),
(2043, 'Manendragarh', 7, NULL, NULL, 1),
(2044, 'Chirimiri', 7, NULL, NULL, 1),
(2045, 'Janakpur', 7, NULL, NULL, 1),
(2046, 'Hyderabad', 2, NULL, NULL, 1),
(2047, 'Nampally', 2, NULL, NULL, 1),
(2048, 'Charminar', 2, NULL, NULL, 1),
(2049, 'Secunderabad', 2, NULL, NULL, 1),
(2050, 'Himayathnagar', 2, NULL, NULL, 1),
(2051, 'Khairatabad', 2, NULL, NULL, 1),
(2052, 'Bandlaguda', 2, NULL, NULL, 1),
(2053, 'Saroornagar', 2, NULL, NULL, 1),
(2054, 'Asifnagar', 2, NULL, NULL, 1),
(2055, 'Golconda', 2, NULL, NULL, 1),
(2056, 'Rajendranagar', 2, NULL, NULL, 1),
(2057, 'Tirumalagiri', 2, NULL, NULL, 1),
(2058, 'Malkagiri Manda', 2, NULL, NULL, 1),
(2059, 'Amberpet', 2, NULL, NULL, 1),
(2060, 'Rangareddy', 2, NULL, NULL, 1),
(2061, 'Ameerpet', 2, NULL, NULL, 1),
(2062, 'Balanagar', 2, NULL, NULL, 1),
(2063, 'Serilingampally', 2, NULL, NULL, 1),
(2064, 'Musheerabad', 2, NULL, NULL, 1),
(2065, 'Saidabad', 2, NULL, NULL, 1),
(2066, 'Seri Lingampally', 2, NULL, NULL, 1),
(2067, 'Shaikpet', 2, NULL, NULL, 1),
(2068, 'Uppal', 2, NULL, NULL, 1),
(2069, 'Hyd', 2, NULL, NULL, 1),
(2070, 'Bahadurpura', 2, NULL, NULL, 1),
(2071, 'Hayathnagar', 2, NULL, NULL, 1),
(2072, 'Moinabad', 2, NULL, NULL, 1),
(2073, 'Rajendra Nagar', 2, NULL, NULL, 1),
(2074, 'Shankarpally', 2, NULL, NULL, 1),
(2075, 'Shameerpet', 2, NULL, NULL, 1),
(2076, 'Shamirpet', 2, NULL, NULL, 1),
(2077, 'Ghatkesar', 2, NULL, NULL, 1),
(2078, 'Hyderabad City', 2, NULL, NULL, 1),
(2079, 'Qutubullapur', 2, NULL, NULL, 1),
(2080, 'Quthbullapur Mandal', 2, NULL, NULL, 1),
(2081, 'Shamirpet Mandal', 2, NULL, NULL, 1),
(2082, 'Ranga Reddy', 2, NULL, NULL, 1),
(2083, 'Vikarabad', 2, NULL, NULL, 1),
(2084, 'R', 2, NULL, NULL, 1),
(2085, 'Nawabpet', 2, NULL, NULL, 1),
(2086, 'Tandur', 2, NULL, NULL, 1),
(2087, 'Rr.', 2, NULL, NULL, 1),
(2088, 'Agnoor', 2, NULL, NULL, 1),
(2089, 'Shamshabad', 2, NULL, NULL, 1),
(2090, 'Medchal', 2, NULL, NULL, 1),
(2091, 'Shabad', 2, NULL, NULL, 1),
(2092, 'Hyderabad South East', 2, NULL, NULL, 1),
(2093, 'Ibrahimpatnam', 2, NULL, NULL, 1),
(2094, 'Maheswaram', 2, NULL, NULL, 1),
(2095, 'Ainapur', 2, NULL, NULL, 1),
(2096, 'Sangareddy', 2, NULL, NULL, 1),
(2097, 'Ramachandrapuram', 2, NULL, NULL, 1),
(2098, 'Medak', 2, NULL, NULL, 1),
(2099, 'Siddipet', 2, NULL, NULL, 1),
(2100, 'Dubbak', 2, NULL, NULL, 1),
(2101, 'Zaheerabad', 2, NULL, NULL, 1),
(2102, 'Zahirabad', 2, NULL, NULL, 1),
(2103, 'Alladurg', 2, NULL, NULL, 1),
(2104, 'Jogipet', 2, NULL, NULL, 1),
(2105, 'Shankarampet (A)', 2, NULL, NULL, 1),
(2106, 'Andole', 2, NULL, NULL, 1),
(2107, 'Gujvail', 2, NULL, NULL, 1),
(2108, 'Narayankhed', 2, NULL, NULL, 1),
(2109, 'Sadasivpet', 2, NULL, NULL, 1),
(2110, 'Patancheru', 2, NULL, NULL, 1),
(2111, 'Papannapet', 2, NULL, NULL, 1),
(2112, 'Narsapur', 2, NULL, NULL, 1),
(2113, 'R.C.Puram', 2, NULL, NULL, 1),
(2114, 'Nizamabad', 36, NULL, NULL, 1),
(2115, 'Bhiknoor', 2, NULL, NULL, 1),
(2116, 'Kamareddy', 2, NULL, NULL, 1),
(2117, 'Lingampet', 2, NULL, NULL, 1),
(2118, 'Machareddy', 2, NULL, NULL, 1),
(2119, 'Palwancha', 2, NULL, NULL, 1),
(2120, 'Yellareddy', 2, NULL, NULL, 1),
(2121, 'Armoor', 2, NULL, NULL, 1),
(2122, 'Dichpalle', 2, NULL, NULL, 1),
(2123, 'Dharpalle', 2, NULL, NULL, 1),
(2124, 'Bodhan', 2, NULL, NULL, 1),
(2125, 'Banswada', 2, NULL, NULL, 1),
(2126, 'Bichkunda', 2, NULL, NULL, 1),
(2127, 'Varni', 2, NULL, NULL, 1),
(2128, 'Yedpalle', 2, NULL, NULL, 1),
(2129, 'Armur', 2, NULL, NULL, 1),
(2130, 'Bardipur', 2, NULL, NULL, 1),
(2131, 'Bheemgal', 2, NULL, NULL, 1),
(2132, 'Madnoor', 2, NULL, NULL, 1),
(2133, 'Adilabad', 36, NULL, NULL, 1),
(2134, 'Bela', 2, NULL, NULL, 1),
(2135, 'Mudhole', 2, NULL, NULL, 1),
(2136, 'Bhainsa', 2, NULL, NULL, 1),
(2137, 'Kubeer', 2, NULL, NULL, 1),
(2138, 'Lokeswaram', 2, NULL, NULL, 1),
(2139, 'Nirmal', 2, NULL, NULL, 1),
(2140, 'Chennoor', 2, NULL, NULL, 1),
(2141, 'Chennur', 2, NULL, NULL, 1),
(2142, 'Kaddam (Peddur)', 2, NULL, NULL, 1),
(2143, 'Khanapur', 2, NULL, NULL, 1),
(2144, 'Luxettipet', 2, NULL, NULL, 1),
(2145, 'Mancherial', 2, NULL, NULL, 1),
(2146, 'Mandamarri', 2, NULL, NULL, 1),
(2147, 'Bellampalle', 2, NULL, NULL, 1),
(2148, 'Asifabad', 2, NULL, NULL, 1),
(2149, 'Sirpur (T)', 2, NULL, NULL, 1),
(2150, 'Kerameri', 2, NULL, NULL, 1),
(2151, 'Bejjur', 2, NULL, NULL, 1),
(2152, 'Kagaznagar', 2, NULL, NULL, 1),
(2153, 'Sirpur(T)', 2, NULL, NULL, 1),
(2154, 'Tiryani', 2, NULL, NULL, 1),
(2155, 'Boath', 2, NULL, NULL, 1),
(2156, 'Bazarhathnoor', 2, NULL, NULL, 1),
(2157, 'Utnoor', 2, NULL, NULL, 1),
(2158, 'Jainad', 2, NULL, NULL, 1),
(2159, 'Narnoor', 2, NULL, NULL, 1),
(2160, 'Sirpur', 2, NULL, NULL, 1),
(2161, 'Tamsi', 2, NULL, NULL, 1),
(2162, 'Jainoor', 2, NULL, NULL, 1),
(2163, 'Neradigonda', 2, NULL, NULL, 1),
(2164, 'Karimnagar', 36, NULL, NULL, 1),
(2165, 'Peddapalli', 2, NULL, NULL, 1),
(2166, 'Huzurabad', 2, NULL, NULL, 1),
(2167, 'Jammikunta', 2, NULL, NULL, 1),
(2168, 'Srirampur', 2, NULL, NULL, 1),
(2169, 'Peddapalle', 2, NULL, NULL, 1),
(2170, 'Manthani', 2, NULL, NULL, 1),
(2171, 'Sultanabad', 2, NULL, NULL, 1),
(2172, 'Ramagundam', 36, NULL, NULL, 1),
(2173, 'Kamanpur', 2, NULL, NULL, 1),
(2174, 'Konaraopet', 2, NULL, NULL, 1),
(2175, 'Sircilla', 2, NULL, NULL, 1),
(2176, 'Sirsilla', 2, NULL, NULL, 1),
(2177, 'Yellareddipet', 2, NULL, NULL, 1),
(2178, 'Boenpalli', 2, NULL, NULL, 1),
(2179, 'Vemulawada', 2, NULL, NULL, 1),
(2180, 'Kishandaspet', 2, NULL, NULL, 1),
(2181, 'Mustabad', 2, NULL, NULL, 1),
(2182, 'Yellareddypet', 2, NULL, NULL, 1),
(2183, 'Gambhiraopet', 2, NULL, NULL, 1),
(2184, 'Kathalapur', 2, NULL, NULL, 1),
(2185, 'Medpalli', 2, NULL, NULL, 1),
(2186, 'Chandurthi', 2, NULL, NULL, 1),
(2187, 'Chendurthi', 2, NULL, NULL, 1),
(2188, 'Nizamabad Division', 2, NULL, NULL, 1),
(2189, 'Koratal', 2, NULL, NULL, 1),
(2190, 'Metpalle', 2, NULL, NULL, 1),
(2191, 'Metpalli', 2, NULL, NULL, 1),
(2192, 'Koratla', 2, NULL, NULL, 1),
(2193, 'Jagtial', 36, NULL, NULL, 1),
(2194, 'Mallapur', 2, NULL, NULL, 1),
(2195, 'Ellanthakunta', 2, NULL, NULL, 1),
(2196, 'Ellanthkunta', 2, NULL, NULL, 1),
(2197, 'Chendurthy', 2, NULL, NULL, 1),
(2198, 'Bandankal', 2, NULL, NULL, 1),
(2199, 'Choppadandi', 2, NULL, NULL, 1),
(2200, 'Jullapalli', 2, NULL, NULL, 1),
(2201, 'Pegadapalli', 2, NULL, NULL, 1),
(2202, 'Dharmaram', 2, NULL, NULL, 1),
(2203, 'Dharmapuri', 2, NULL, NULL, 1),
(2204, 'Gangadhara', 2, NULL, NULL, 1),
(2205, 'Ramadugu', 2, NULL, NULL, 1),
(2206, 'Mallial', 2, NULL, NULL, 1),
(2207, 'Medapalli', 2, NULL, NULL, 1),
(2208, 'Sarangapur', 2, NULL, NULL, 1),
(2209, 'Raikal', 2, NULL, NULL, 1),
(2210, 'Husnabad', 2, NULL, NULL, 1),
(2211, 'Chigurumamidi', 2, NULL, NULL, 1),
(2212, 'Hunsabad', 2, NULL, NULL, 1),
(2213, 'Koheda', 2, NULL, NULL, 1),
(2214, 'Manakondur', 2, NULL, NULL, 1),
(2215, 'Thimmapur', 2, NULL, NULL, 1),
(2216, 'Shankarapatnam', 2, NULL, NULL, 1),
(2217, 'Bheemadevarpalle', 2, NULL, NULL, 1),
(2218, 'Saidapur', 2, NULL, NULL, 1),
(2219, 'Bejjanki', 2, NULL, NULL, 1),
(2220, 'Kodimial', 2, NULL, NULL, 1),
(2221, 'Veenavanka', 2, NULL, NULL, 1),
(2222, 'Kataram', 2, NULL, NULL, 1),
(2223, 'Boenpali', 2, NULL, NULL, 1),
(2224, 'Julapalle', 2, NULL, NULL, 1),
(2225, 'Velgatur', 2, NULL, NULL, 1),
(2226, 'Gollapalli', 2, NULL, NULL, 1),
(2227, 'Jangaon', 2, NULL, NULL, 1),
(2228, 'East Godavari', 2, NULL, NULL, 1),
(2229, 'Hanamkonda', 2, NULL, NULL, 1),
(2230, 'Warangal', 36, NULL, NULL, 1),
(2231, 'Dharmasagar', 2, NULL, NULL, 1),
(2232, 'Zaffargaddh', 2, NULL, NULL, 1),
(2233, 'Sangam', 2, NULL, NULL, 1),
(2234, 'Wardhannapet', 2, NULL, NULL, 1),
(2235, 'Atmakur', 2, NULL, NULL, 1),
(2236, 'Atmakur Mandall', 2, NULL, NULL, 1),
(2237, 'Geesugonda Mandal', 2, NULL, NULL, 1),
(2238, 'Geesungonda Mandal', 2, NULL, NULL, 1),
(2239, 'Hanamkonda Mandal', 2, NULL, NULL, 1),
(2240, 'Hasanparthy', 2, NULL, NULL, 1),
(2241, 'Hasnparthy', 2, NULL, NULL, 1),
(2242, 'Mahabubabad', 2, NULL, NULL, 1),
(2243, 'Mah\'Bad', 2, NULL, NULL, 1),
(2244, 'Neerada', 2, NULL, NULL, 1),
(2245, 'Kuravi', 2, NULL, NULL, 1),
(2246, 'Kesamudram', 2, NULL, NULL, 1),
(2247, 'Nekkonda', 2, NULL, NULL, 1),
(2248, 'Narsampet', 2, NULL, NULL, 1),
(2249, 'Gudur', 2, NULL, NULL, 1),
(2250, 'Kothaguda', 2, NULL, NULL, 1),
(2251, 'Ghanpur Station', 2, NULL, NULL, 1),
(2252, 'Ghanpur Stn', 2, NULL, NULL, 1),
(2253, 'Zafargadah', 2, NULL, NULL, 1),
(2254, 'Zafargaddah', 2, NULL, NULL, 1),
(2255, 'Zafargadh', 2, NULL, NULL, 1),
(2256, 'Ghanpur (Station)', 2, NULL, NULL, 1),
(2257, 'Narmitta', 2, NULL, NULL, 1),
(2258, 'Turrrur', 2, NULL, NULL, 1),
(2259, 'Turrur', 2, NULL, NULL, 1),
(2260, 'Parkal', 2, NULL, NULL, 1),
(2261, 'Eturnagaram', 2, NULL, NULL, 1),
(2262, 'Eturunagaram', 2, NULL, NULL, 1),
(2263, 'Venkatapur', 2, NULL, NULL, 1),
(2264, 'Lingala Ghanpur', 2, NULL, NULL, 1),
(2265, 'Narmetta', 2, NULL, NULL, 1),
(2266, 'Bhupalapalli', 2, NULL, NULL, 1),
(2267, 'Ghanpur (Mulug)', 2, NULL, NULL, 1),
(2268, 'Ghanpur(Mulug)', 2, NULL, NULL, 1),
(2269, 'Chelpur', 2, NULL, NULL, 1),
(2270, 'Chityal', 2, NULL, NULL, 1),
(2271, 'Regonda', 2, NULL, NULL, 1),
(2272, 'Bachannapet', 2, NULL, NULL, 1),
(2273, 'Mangapet', 2, NULL, NULL, 1),
(2274, 'Lingal Ghanpur', 2, NULL, NULL, 1),
(2275, 'Lingalaghanpur', 2, NULL, NULL, 1),
(2276, 'Buchannapet', 2, NULL, NULL, 1),
(2277, 'China Raman Cherla', 2, NULL, NULL, 1),
(2278, 'Kodakandla', 2, NULL, NULL, 1),
(2279, 'Kodakondla', 2, NULL, NULL, 1),
(2280, 'Palakurthy', 2, NULL, NULL, 1),
(2281, 'Cherial', 2, NULL, NULL, 1),
(2282, 'Chiryal', 2, NULL, NULL, 1),
(2283, 'Maddur', 2, NULL, NULL, 1),
(2284, 'Raghunathapalli', 2, NULL, NULL, 1),
(2285, 'Raghunathpalle', 2, NULL, NULL, 1),
(2286, 'Raghunathpalli', 2, NULL, NULL, 1),
(2287, 'Raghunathplli', 2, NULL, NULL, 1),
(2288, 'Devaruppala', 2, NULL, NULL, 1),
(2289, 'Devaruppula', 2, NULL, NULL, 1),
(2290, 'Devaruppal', 2, NULL, NULL, 1),
(2291, 'Sangem', 2, NULL, NULL, 1),
(2292, 'Raiparthy', 2, NULL, NULL, 1),
(2293, 'Zaffargadh', 2, NULL, NULL, 1),
(2294, 'Raiparhty', 2, NULL, NULL, 1),
(2295, 'Maripeda', 2, NULL, NULL, 1),
(2296, 'Zaffargadgh', 2, NULL, NULL, 1),
(2297, 'Narsimhulapet', 2, NULL, NULL, 1),
(2298, 'Kadakandla', 2, NULL, NULL, 1),
(2299, 'Kodakandal', 2, NULL, NULL, 1),
(2300, 'Shayampet', 2, NULL, NULL, 1),
(2301, 'Narasimulapet', 2, NULL, NULL, 1),
(2302, 'Narsimulapet', 2, NULL, NULL, 1),
(2303, 'Geesugonda', 2, NULL, NULL, 1),
(2304, 'Ggesugonda', 2, NULL, NULL, 1),
(2305, 'Samgem', 2, NULL, NULL, 1),
(2306, 'Geegugonda', 2, NULL, NULL, 1),
(2307, 'Chennaraopet', 2, NULL, NULL, 1),
(2308, 'Duggondi', 2, NULL, NULL, 1),
(2309, 'Chennraopet', 2, NULL, NULL, 1),
(2310, 'Mulug', 2, NULL, NULL, 1),
(2311, 'Govindaraopet', 2, NULL, NULL, 1),
(2312, 'Mogullapalle', 2, NULL, NULL, 1),
(2313, 'Tadvai', 2, NULL, NULL, 1),
(2314, 'Ghanpur(M)', 2, NULL, NULL, 1),
(2315, 'Bhupalpalle', 2, NULL, NULL, 1),
(2316, 'Nallabelli', 2, NULL, NULL, 1),
(2317, 'Nallbelli', 2, NULL, NULL, 1),
(2318, 'Mogullapalli', 2, NULL, NULL, 1),
(2319, 'Parvathagiri', 2, NULL, NULL, 1),
(2320, 'Parwathagiri', 2, NULL, NULL, 1),
(2321, 'Mogullapally', 2, NULL, NULL, 1),
(2322, 'Nallikaddr', 2, NULL, NULL, 1),
(2323, 'Nallikaddur', 2, NULL, NULL, 1),
(2324, 'Redlawada', 2, NULL, NULL, 1),
(2325, 'Hasanaparthy', 2, NULL, NULL, 1),
(2326, 'Dornakal', 2, NULL, NULL, 1),
(2327, 'So', 2, NULL, NULL, 1),
(2328, 'Khammam', 36, NULL, NULL, 1),
(2329, 'Khammam (Urban)', 2, NULL, NULL, 1),
(2330, 'Aswapuram', 2, NULL, NULL, 1),
(2331, 'Kothagudem', 2, NULL, NULL, 1),
(2332, 'Vkhani', 2, NULL, NULL, 1),
(2333, 'Bhadrachalam', 2, NULL, NULL, 1),
(2334, 'Mothugudem', 2, NULL, NULL, 1),
(2335, 'Burgamapahad', 2, NULL, NULL, 1),
(2336, 'Burgampahad', 2, NULL, NULL, 1),
(2337, 'Burghampahad', 2, NULL, NULL, 1),
(2338, 'Paloncha', 2, NULL, NULL, 1),
(2339, 'Manugur', 2, NULL, NULL, 1),
(2340, 'Manuguru', 2, NULL, NULL, 1),
(2341, 'Manugurq', 2, NULL, NULL, 1),
(2342, 'Rudrampur', 2, NULL, NULL, 1),
(2343, 'Sujathanagar', 2, NULL, NULL, 1),
(2344, 'Sujathanagarq', 2, NULL, NULL, 1),
(2345, 'Kunavaram', 2, NULL, NULL, 1),
(2346, 'Karepalli', 2, NULL, NULL, 1),
(2347, 'Yelladu', 2, NULL, NULL, 1),
(2348, 'Yellandu', 2, NULL, NULL, 1),
(2349, 'Yellandu Colls', 2, NULL, NULL, 1),
(2350, 'Sarapaka', 2, NULL, NULL, 1),
(2351, 'Chintur', 2, NULL, NULL, 1),
(2352, 'Nellipaka', 2, NULL, NULL, 1),
(2353, 'Donkarayi', 2, NULL, NULL, 1),
(2354, 'Charal', 2, NULL, NULL, 1),
(2355, 'Charla', 2, NULL, NULL, 1),
(2356, 'Gdpeta', 2, NULL, NULL, 1),
(2357, 'V.R.Puram', 2, NULL, NULL, 1),
(2358, 'Vr Puram', 2, NULL, NULL, 1),
(2359, 'Vrpuram', 2, NULL, NULL, 1),
(2360, 'Venkatapuram', 2, NULL, NULL, 1),
(2361, 'Vennkatapuram', 2, NULL, NULL, 1),
(2362, 'Dummagudem', 2, NULL, NULL, 1),
(2363, 'Gouthampur', 2, NULL, NULL, 1),
(2364, 'S.N.Puram', 2, NULL, NULL, 1),
(2365, 'Satyanarayanapuram', 2, NULL, NULL, 1),
(2366, 'Snpuram', 2, NULL, NULL, 1),
(2367, 'Palair', 2, NULL, NULL, 1),
(2368, 'Gokinepalli', 2, NULL, NULL, 1),
(2369, 'Kusumanchi', 2, NULL, NULL, 1),
(2370, 'Nkpalli', 2, NULL, NULL, 1),
(2371, 'Nkpally', 2, NULL, NULL, 1),
(2372, 'Subled', 2, NULL, NULL, 1),
(2373, 'T. Palem', 2, NULL, NULL, 1),
(2374, 'T.Palem', 2, NULL, NULL, 1),
(2375, 'Vemsur', 2, NULL, NULL, 1),
(2376, 'Wyra', 2, NULL, NULL, 1),
(2377, 'Julurpahad', 2, NULL, NULL, 1),
(2378, 'Julurupad', 2, NULL, NULL, 1),
(2379, 'Julurupadu', 2, NULL, NULL, 1),
(2380, 'Tallada', 2, NULL, NULL, 1),
(2381, 'Enkoor', 2, NULL, NULL, 1),
(2382, 'Ch.Madharam', 2, NULL, NULL, 1),
(2383, 'Cheruvumadharam', 2, NULL, NULL, 1),
(2384, 'Cheruvumadhram', 2, NULL, NULL, 1),
(2385, 'Tallampahad', 2, NULL, NULL, 1),
(2386, 'Komminepalli', 2, NULL, NULL, 1),
(2387, 'Pindipole', 2, NULL, NULL, 1),
(2388, 'Pindipolu', 2, NULL, NULL, 1),
(2389, 'Yerrupalem', 2, NULL, NULL, 1),
(2390, 'B.N.Pahad', 2, NULL, NULL, 1),
(2391, 'Bnpahad', 2, NULL, NULL, 1),
(2392, 'Madhira', 2, NULL, NULL, 1),
(2393, 'Bommakal', 2, NULL, NULL, 1),
(2394, 'Bonakal', 2, NULL, NULL, 1),
(2395, 'Bonnakal', 2, NULL, NULL, 1),
(2396, 'Chintakani', 2, NULL, NULL, 1),
(2397, 'Kallur', 2, NULL, NULL, 1),
(2398, 'Garla', 2, NULL, NULL, 1),
(2399, 'Bayyaram', 2, NULL, NULL, 1),
(2400, 'Aswaraopet', 2, NULL, NULL, 1),
(2401, 'Aswaraopeta', 2, NULL, NULL, 1),
(2402, 'Awaraopet', 2, NULL, NULL, 1),
(2403, 'Penuballi', 2, NULL, NULL, 1),
(2404, 'Sathupalle', 2, NULL, NULL, 1),
(2405, 'Sathupalli', 2, NULL, NULL, 1),
(2406, 'Siripuram', 2, NULL, NULL, 1),
(2407, 'Tanikella', 2, NULL, NULL, 1),
(2408, 'Dammapeta', 2, NULL, NULL, 1),
(2409, 'P R Gudem', 2, NULL, NULL, 1),
(2410, 'P.R.Gudem', 2, NULL, NULL, 1),
(2411, 'Vvpalem', 2, NULL, NULL, 1),
(2412, 'Nalgonda', 36, NULL, NULL, 1),
(2413, 'Alair', 2, NULL, NULL, 1),
(2414, 'Bhongir', 2, NULL, NULL, 1),
(2415, 'Bb', 2, NULL, NULL, 1),
(2416, 'Cc', 2, NULL, NULL, 1),
(2417, 'Cxc', 2, NULL, NULL, 1),
(2418, 'Valigonda', 2, NULL, NULL, 1),
(2419, 'Nalgodna', 2, NULL, NULL, 1),
(2420, 'Ramannapeta So', 2, NULL, NULL, 1),
(2421, 'Yadagarigutta', 2, NULL, NULL, 1),
(2422, 'Yadagirigutta', 2, NULL, NULL, 1),
(2423, 'Bhongiri', 2, NULL, NULL, 1),
(2424, 'Nalgnda', 2, NULL, NULL, 1),
(2425, 'Bibinagar', 2, NULL, NULL, 1),
(2426, 'Nalgolnda', 2, NULL, NULL, 1),
(2427, 'Huzurnagar', 2, NULL, NULL, 1),
(2428, 'Anumula', 2, NULL, NULL, 1),
(2429, 'Kodad', 2, NULL, NULL, 1),
(2430, 'Suryapet', 36, NULL, NULL, 1),
(2431, 'Miryalaguda', 36, NULL, NULL, 1),
(2432, 'Miryalguda', 2, NULL, NULL, 1),
(2433, 'Miryalgudda', 2, NULL, NULL, 1),
(2434, 'Nakrekal', 2, NULL, NULL, 1),
(2435, 'Suryap[Et', 2, NULL, NULL, 1),
(2436, 'Thungathurthi', 2, NULL, NULL, 1),
(2437, 'Thungathurthy', 2, NULL, NULL, 1),
(2438, 'Tirumalgiri', 2, NULL, NULL, 1),
(2439, 'Suryapet Ho', 2, NULL, NULL, 1),
(2440, 'Pedda Adiserla Palle', 2, NULL, NULL, 1),
(2441, 'Munugode', 2, NULL, NULL, 1),
(2442, 'Nalognda', 2, NULL, NULL, 1),
(2443, 'Marriguda', 2, NULL, NULL, 1),
(2444, 'Devarakonda', 2, NULL, NULL, 1),
(2445, 'Choutuppal', 2, NULL, NULL, 1),
(2446, 'Narayanapur', 2, NULL, NULL, 1),
(2447, 'Chandur', 2, NULL, NULL, 1),
(2448, 'Peddavoora', 2, NULL, NULL, 1),
(2449, 'Mothkur', 2, NULL, NULL, 1),
(2450, 'Pochampalle', 2, NULL, NULL, 1),
(2451, 'Nalgoda', 2, NULL, NULL, 1),
(2452, 'Vv', 2, NULL, NULL, 1),
(2453, 'Mahabubnagar', 36, NULL, NULL, 1),
(2454, 'Mahabubnagar H.O', 2, NULL, NULL, 1),
(2455, 'Mahbubnagar', 2, NULL, NULL, 1),
(2456, 'Mahboobnagar', 2, NULL, NULL, 1),
(2457, 'Kodair', 2, NULL, NULL, 1),
(2458, 'Kollapur', 2, NULL, NULL, 1),
(2459, 'Peddakothapally', 2, NULL, NULL, 1),
(2460, 'Peddamandadi', 2, NULL, NULL, 1),
(2461, 'Wanaparthy', 2, NULL, NULL, 1),
(2462, 'Kothakota', 2, NULL, NULL, 1),
(2463, 'Pebbair', 2, NULL, NULL, 1),
(2464, 'Veepangandla', 2, NULL, NULL, 1),
(2465, 'Pangal', 2, NULL, NULL, 1),
(2466, 'Cckunta', 2, NULL, NULL, 1),
(2467, 'Dharur', 2, NULL, NULL, 1),
(2468, 'Gadwal', 2, NULL, NULL, 1),
(2469, 'Mahabub Nagar', 2, NULL, NULL, 1),
(2470, 'Amrabad', 2, NULL, NULL, 1),
(2471, 'Farooqnagar', 2, NULL, NULL, 1),
(2472, 'Keshampet', 2, NULL, NULL, 1),
(2473, 'Bijnapally', 2, NULL, NULL, 1),
(2474, 'Gopalpet', 2, NULL, NULL, 1),
(2475, 'Pedda Mandadi', 2, NULL, NULL, 1),
(2476, 'Kondurgu', 2, NULL, NULL, 1),
(2477, 'Nagarkurnool', 2, NULL, NULL, 1),
(2478, 'Tadoor', 2, NULL, NULL, 1),
(2479, 'Thadoor', 2, NULL, NULL, 1),
(2480, 'Narayanpet', 2, NULL, NULL, 1),
(2481, 'Palem', 2, NULL, NULL, 1),
(2482, 'Shadnagar', 2, NULL, NULL, 1),
(2483, 'Shahabad', 2, NULL, NULL, 1),
(2484, 'Kothur', 2, NULL, NULL, 1),
(2485, 'Devarkadra', 2, NULL, NULL, 1),
(2486, 'Jadcherla', 2, NULL, NULL, 1),
(2487, 'Stn. Jadcherla', 2, NULL, NULL, 1),
(2488, 'Thimmajipet', 2, NULL, NULL, 1),
(2489, 'Kalwakurthy', 2, NULL, NULL, 1),
(2490, 'Midjil', 2, NULL, NULL, 1),
(2491, 'Talakondapally', 2, NULL, NULL, 1),
(2492, 'Veldanda', 2, NULL, NULL, 1),
(2493, 'Amangal', 2, NULL, NULL, 1),
(2494, 'Amnagal', 2, NULL, NULL, 1),
(2495, 'Madgul', 2, NULL, NULL, 1),
(2496, 'Kalwakurhy', 2, NULL, NULL, 1),
(2497, 'Vangoor', 2, NULL, NULL, 1),
(2498, 'Kodangal', 2, NULL, NULL, 1),
(2499, 'Gundmal', 2, NULL, NULL, 1),
(2500, 'Kandukur', 2, NULL, NULL, 1),
(2501, 'Achampet', 2, NULL, NULL, 1),
(2502, 'Balmoor', 2, NULL, NULL, 1),
(2503, 'Uppanunthala', 2, NULL, NULL, 1),
(2504, 'Uppununthala', 2, NULL, NULL, 1),
(2505, 'Thelkapally', 2, NULL, NULL, 1),
(2506, 'Uppunuthala', 2, NULL, NULL, 1),
(2507, 'Lingal', 2, NULL, NULL, 1),
(2508, 'Lingala', 2, NULL, NULL, 1),
(2509, 'Bhootpur', 2, NULL, NULL, 1),
(2510, 'Boothpur', 2, NULL, NULL, 1),
(2511, 'Farooqnqgar', 2, NULL, NULL, 1),
(2512, 'Anantapur', 2, NULL, NULL, 1),
(2513, 'C.K. Palli', 2, NULL, NULL, 1),
(2514, 'C.K.Palli', 2, NULL, NULL, 1),
(2515, 'Chennekothapalle', 2, NULL, NULL, 1),
(2516, 'Ramagiri', 2, NULL, NULL, 1),
(2517, 'Kothacheruvu', 2, NULL, NULL, 1),
(2518, 'Penukonda', 2, NULL, NULL, 1),
(2519, 'Puttaparthi', 2, NULL, NULL, 1),
(2520, 'Somandepalle', 2, NULL, NULL, 1),
(2521, 'Somandepalli', 2, NULL, NULL, 1),
(2522, 'Roddam', 2, NULL, NULL, 1),
(2523, 'Puttaparthy', 2, NULL, NULL, 1),
(2524, 'Bukkapatnam', 2, NULL, NULL, 1),
(2525, 'C.K.. Palli', 2, NULL, NULL, 1),
(2526, 'Mudigubba', 2, NULL, NULL, 1),
(2527, 'Dharmavaram', 2, NULL, NULL, 1),
(2528, 'Bathalapalle', 2, NULL, NULL, 1),
(2529, 'Hindupur', 2, NULL, NULL, 1),
(2530, 'Lepakshi', 2, NULL, NULL, 1),
(2531, 'Parigi', 2, NULL, NULL, 1),
(2532, 'Gorantla', 2, NULL, NULL, 1),
(2533, 'Gudibanda', 2, NULL, NULL, 1),
(2534, 'Rolla', 2, NULL, NULL, 1),
(2535, 'Amarapuram', 2, NULL, NULL, 1),
(2536, 'Madakasira', 2, NULL, NULL, 1),
(2537, 'Agali', 2, NULL, NULL, 1),
(2538, 'Chilamathur', 2, NULL, NULL, 1),
(2539, 'Gooty', 2, NULL, NULL, 1),
(2540, 'Pamidi', 2, NULL, NULL, 1),
(2541, 'Pedda Vadagur', 2, NULL, NULL, 1),
(2542, 'Peddavadugur', 2, NULL, NULL, 1),
(2543, 'Peddapappur', 2, NULL, NULL, 1),
(2544, 'Yadiki', 2, NULL, NULL, 1),
(2545, 'Peddapappuru', 2, NULL, NULL, 1),
(2546, 'Putluru', 2, NULL, NULL, 1),
(2547, 'Tadipatri', 2, NULL, NULL, 1),
(2548, 'Tadpatri', 2, NULL, NULL, 1),
(2549, 'Putlur', 2, NULL, NULL, 1),
(2550, 'Bukkaraya Samudram', 2, NULL, NULL, 1),
(2551, 'Narpala', 2, NULL, NULL, 1),
(2552, 'Singanamala', 2, NULL, NULL, 1),
(2553, 'Ammalladinne', 2, NULL, NULL, 1),
(2554, 'Yellanur', 2, NULL, NULL, 1),
(2555, 'Muddanur', 2, NULL, NULL, 1),
(2556, 'Kadiri', 2, NULL, NULL, 1),
(2557, 'Nallamada', 2, NULL, NULL, 1),
(2558, 'Gandlapenta', 2, NULL, NULL, 1),
(2559, 'N.P. Kunta', 2, NULL, NULL, 1),
(2560, 'O.D. Cheruvu', 2, NULL, NULL, 1),
(2561, 'Obuladevaracheruvu', 2, NULL, NULL, 1),
(2562, 'Talupula', 2, NULL, NULL, 1),
(2563, 'Nallacheruvu', 2, NULL, NULL, 1),
(2564, 'Amadagur', 2, NULL, NULL, 1),
(2565, 'Amadaguru', 2, NULL, NULL, 1),
(2566, 'Obuladevacheruvu', 2, NULL, NULL, 1),
(2567, 'Tanakal', 2, NULL, NULL, 1),
(2568, 'Tanakallu', 2, NULL, NULL, 1),
(2569, 'Garladinne', 2, NULL, NULL, 1),
(2570, 'Kambadur', 2, NULL, NULL, 1),
(2571, 'Kambaduru', 2, NULL, NULL, 1),
(2572, 'Kanaganapalle', 2, NULL, NULL, 1),
(2573, 'Kanaganapalli', 2, NULL, NULL, 1),
(2574, 'Ramgiri', 2, NULL, NULL, 1),
(2575, 'Bathalapalli', 2, NULL, NULL, 1),
(2576, 'Tadimarri', 2, NULL, NULL, 1),
(2577, 'Raptadu', 2, NULL, NULL, 1),
(2578, 'B K Samudram', 2, NULL, NULL, 1),
(2579, 'Bukkarayasamudram', 2, NULL, NULL, 1),
(2580, 'Bukkrayasamudram', 2, NULL, NULL, 1),
(2581, 'Kudair', 2, NULL, NULL, 1),
(2582, 'Kuderu', 2, NULL, NULL, 1),
(2583, 'Rapthadu', 2, NULL, NULL, 1),
(2584, 'Garladinna', 2, NULL, NULL, 1),
(2585, 'Beluguppa', 2, NULL, NULL, 1),
(2586, 'Kanekal', 2, NULL, NULL, 1),
(2587, 'Uravakonda', 2, NULL, NULL, 1),
(2588, 'Kalayandurg', 2, NULL, NULL, 1),
(2589, 'Kalyandurg', 2, NULL, NULL, 1),
(2590, 'Brahma Samudram', 2, NULL, NULL, 1),
(2591, 'Brahmasamudram', 2, NULL, NULL, 1),
(2592, 'Brhama Samudram', 2, NULL, NULL, 1),
(2593, 'Settur', 2, NULL, NULL, 1),
(2594, 'Kundurpi', 2, NULL, NULL, 1),
(2595, 'Shetturu', 2, NULL, NULL, 1),
(2596, 'Shettur', 2, NULL, NULL, 1),
(2597, 'Guntakal', 2, NULL, NULL, 1),
(2598, 'Bommanahal', 2, NULL, NULL, 1),
(2599, 'Vajrakarur', 2, NULL, NULL, 1),
(2600, 'Vidapanakal', 2, NULL, NULL, 1),
(2601, 'Gummagatta', 2, NULL, NULL, 1),
(2602, 'D.Hirehal', 2, NULL, NULL, 1),
(2603, 'Herial', 2, NULL, NULL, 1),
(2604, 'Rayadurg', 2, NULL, NULL, 1),
(2605, 'Vipanakal', 2, NULL, NULL, 1),
(2606, 'Cuddapah', 2, NULL, NULL, 1),
(2607, 'Sidhout', 2, NULL, NULL, 1),
(2608, 'Chinthakommadinne', 2, NULL, NULL, 1),
(2609, 'Kodur', 2, NULL, NULL, 1),
(2610, 'Chitvel', 2, NULL, NULL, 1),
(2611, 'Obulavaripalle', 2, NULL, NULL, 1),
(2612, 'Badvel', 2, NULL, NULL, 1),
(2613, 'Pullampeta', 2, NULL, NULL, 1),
(2614, 'Penagalur', 2, NULL, NULL, 1),
(2615, 'Peddarachapalli', 2, NULL, NULL, 1),
(2616, 'Rajampet', 2, NULL, NULL, 1),
(2617, 'Rayachoti', 2, NULL, NULL, 1),
(2618, 'T Sundupalle', 2, NULL, NULL, 1),
(2619, 'Nandalur', 2, NULL, NULL, 1),
(2620, 'Vontimitta', 2, NULL, NULL, 1),
(2621, 'Mydekur', 2, NULL, NULL, 1),
(2622, 'Proddatur', 2, NULL, NULL, 1),
(2623, 'S.Mydukur', 2, NULL, NULL, 1),
(2624, 'Duvvur', 2, NULL, NULL, 1),
(2625, 'B.Kodur', 2, NULL, NULL, 1),
(2626, 'Kalasapadu', 2, NULL, NULL, 1),
(2627, 'Porumamilla', 2, NULL, NULL, 1),
(2628, 'Khajipet', 2, NULL, NULL, 1),
(2629, 'Chinnamandem', 2, NULL, NULL, 1),
(2630, 'Sambepalle', 2, NULL, NULL, 1),
(2631, 'Pendlimarri', 2, NULL, NULL, 1),
(2632, 'Sri Avadhutha Kasinayana', 2, NULL, NULL, 1),
(2633, 'Nandimandalam', 2, NULL, NULL, 1),
(2634, 'Gopavaram', 2, NULL, NULL, 1),
(2635, 'Lakkireddipalle', 2, NULL, NULL, 1),
(2636, 'Chakrayapet', 2, NULL, NULL, 1),
(2637, 'Galiveedu', 2, NULL, NULL, 1),
(2638, 'Veeraballe', 2, NULL, NULL, 1),
(2639, 'Ramapuram', 2, NULL, NULL, 1),
(2640, 'Rayachoty', 2, NULL, NULL, 1),
(2641, 'Kamalapuram', 2, NULL, NULL, 1),
(2642, 'Vallur', 2, NULL, NULL, 1),
(2643, 'Yerraguntla', 2, NULL, NULL, 1),
(2644, 'Veerapunayanipalle', 2, NULL, NULL, 1),
(2645, 'Veerapunayunipalle', 2, NULL, NULL, 1),
(2646, 'Verrapanayanipalle', 2, NULL, NULL, 1),
(2647, 'Pulivendla', 2, NULL, NULL, 1),
(2648, 'Vaimpalle', 2, NULL, NULL, 1),
(2649, 'Vempalle', 2, NULL, NULL, 1),
(2650, 'Chapad', 2, NULL, NULL, 1),
(2651, 'Payasampalle', 2, NULL, NULL, 1),
(2652, 'Yearraguntla', 2, NULL, NULL, 1),
(2653, 'Vemula', 2, NULL, NULL, 1),
(2654, 'Vaimapalle', 2, NULL, NULL, 1),
(2655, 'Rajupalam', 2, NULL, NULL, 1),
(2656, 'Rajupalem', 2, NULL, NULL, 1),
(2657, 'Thondur', 2, NULL, NULL, 1),
(2658, 'Tondur', 2, NULL, NULL, 1),
(2659, 'Jammalamadugu', 2, NULL, NULL, 1),
(2660, 'Jammalamdugu', 2, NULL, NULL, 1),
(2661, 'Peddamudium', 2, NULL, NULL, 1),
(2662, 'Mylavaram', 2, NULL, NULL, 1),
(2663, 'Jammalmadugu', 2, NULL, NULL, 1),
(2664, 'Kondapuram', 2, NULL, NULL, 1),
(2665, 'Pulivedla', 2, NULL, NULL, 1),
(2666, 'Simhadripuram', 2, NULL, NULL, 1),
(2667, 'Lavanur', 2, NULL, NULL, 1),
(2668, 'Yellanoor', 2, NULL, NULL, 1),
(2669, 'Tallaproddatur', 2, NULL, NULL, 1),
(2670, 'Balapanur', 2, NULL, NULL, 1),
(2671, 'Atlur', 2, NULL, NULL, 1),
(2672, 'Brahmamgarimattam', 2, NULL, NULL, 1),
(2673, 'Kurnool', 2, NULL, NULL, 1),
(2674, 'Chittoor', 2, NULL, NULL, 1),
(2675, 'Chandragiri', 2, NULL, NULL, 1),
(2676, 'Pakala', 2, NULL, NULL, 1),
(2677, 'Pulicherla', 2, NULL, NULL, 1),
(2678, 'Madanapalle', 2, NULL, NULL, 1),
(2679, 'Puthalapattu', 2, NULL, NULL, 1),
(2680, 'Puthalpattu', 2, NULL, NULL, 1),
(2681, 'Gangadhara Nellore', 2, NULL, NULL, 1),
(2682, 'Penumuru', 2, NULL, NULL, 1),
(2683, 'Murakambattu', 2, NULL, NULL, 1),
(2684, 'Yadamarri', 2, NULL, NULL, 1),
(2685, 'Arugonda', 2, NULL, NULL, 1),
(2686, 'Bangarupalem', 2, NULL, NULL, 1),
(2687, 'Thavanampalle', 2, NULL, NULL, 1),
(2688, 'Iral', 2, NULL, NULL, 1),
(2689, 'Irala', 2, NULL, NULL, 1),
(2690, 'Kanipakam', 2, NULL, NULL, 1),
(2691, 'Gudipala', 2, NULL, NULL, 1),
(2692, 'Damalacheruvu', 2, NULL, NULL, 1),
(2693, 'Srirangarajapuram', 2, NULL, NULL, 1),
(2694, 'Rompicherla', 2, NULL, NULL, 1),
(2695, 'Chinnagottigallu', 2, NULL, NULL, 1),
(2696, 'Chinnagottigallu Mandal', 2, NULL, NULL, 1),
(2697, 'Bhakarapet', 2, NULL, NULL, 1),
(2698, 'Yerravaripalem', 2, NULL, NULL, 1),
(2699, 'G.K.Palle', 2, NULL, NULL, 1),
(2700, 'Kalikiri', 2, NULL, NULL, 1),
(2701, 'Kambhamvaripalle', 2, NULL, NULL, 1),
(2702, 'Pileru', 2, NULL, NULL, 1),
(2703, 'Piler', 2, NULL, NULL, 1),
(2704, 'Vayalpad', 2, NULL, NULL, 1),
(2705, 'Kalakada', 2, NULL, NULL, 1),
(2706, 'Madanpalle', 2, NULL, NULL, 1),
(2707, 'Punganur', 2, NULL, NULL, 1),
(2708, 'Chowdepalle', 2, NULL, NULL, 1),
(2709, 'Valmikipuram', 2, NULL, NULL, 1),
(2710, 'Gurramkonda', 2, NULL, NULL, 1),
(2711, 'B.Kothakota', 2, NULL, NULL, 1),
(2712, 'Mulakalacheruvu', 2, NULL, NULL, 1),
(2713, 'Palamaner', 2, NULL, NULL, 1),
(2714, 'Ramakuppam', 2, NULL, NULL, 1),
(2715, 'Peddapanjani', 2, NULL, NULL, 1),
(2716, 'Ramasamudram', 2, NULL, NULL, 1),
(2717, 'Palasamudram', 2, NULL, NULL, 1),
(2718, 'Santhipuram', 2, NULL, NULL, 1),
(2719, 'Venkatagirikota', 2, NULL, NULL, 1),
(2720, 'Kuppam', 2, NULL, NULL, 1),
(2721, 'Tirupati (Urban)', 2, NULL, NULL, 1),
(2722, 'Tirupati (Rural)', 2, NULL, NULL, 1),
(2723, 'Tirupati Rural', 2, NULL, NULL, 1),
(2724, 'Renigunta', 2, NULL, NULL, 1),
(2725, 'Yerpedu', 2, NULL, NULL, 1),
(2726, 'Akkurthi', 2, NULL, NULL, 1),
(2727, 'Varadaiahpalem', 2, NULL, NULL, 1),
(2728, 'Srikalahasti', 2, NULL, NULL, 1),
(2729, 'Vadamalapeta', 2, NULL, NULL, 1),
(2730, 'Vadamalpet', 2, NULL, NULL, 1),
(2731, 'Vedurukuppam', 2, NULL, NULL, 1),
(2732, 'Venkata Krishna Puram', 2, NULL, NULL, 1),
(2733, 'Puttur', 2, NULL, NULL, 1),
(2734, 'Narayanavanam', 2, NULL, NULL, 1),
(2735, 'Karvetinagar', 2, NULL, NULL, 1);
INSERT INTO `cities` (`id`, `name`, `state_id`, `created`, `modified`, `status`) VALUES
(2736, 'Pannur', 2, NULL, NULL, 1),
(2737, 'Vijayapuram', 2, NULL, NULL, 1),
(2738, 'Nindra', 2, NULL, NULL, 1),
(2739, 'Pichatur', 2, NULL, NULL, 1),
(2740, 'Pissatur', 2, NULL, NULL, 1),
(2741, 'Satyavedu', 2, NULL, NULL, 1),
(2742, 'Nagari', 2, NULL, NULL, 1),
(2743, 'Vengalrajukuppam', 2, NULL, NULL, 1),
(2744, 'Thondamanadu', 2, NULL, NULL, 1),
(2745, 'Buchinaidu Kandriga', 2, NULL, NULL, 1),
(2746, 'K.V.B.Puram', 2, NULL, NULL, 1),
(2747, 'Srisailam', 2, NULL, NULL, 1),
(2748, 'Banaganapalle', 2, NULL, NULL, 1),
(2749, 'Panyam', 2, NULL, NULL, 1),
(2750, 'Koilakuntla', 2, NULL, NULL, 1),
(2751, 'Koilkuntla', 2, NULL, NULL, 1),
(2752, 'Owk', 2, NULL, NULL, 1),
(2753, 'Banaganapalli', 2, NULL, NULL, 1),
(2754, 'Banaganpallie', 2, NULL, NULL, 1),
(2755, 'Kolimigundla', 2, NULL, NULL, 1),
(2756, 'Dornipadu', 2, NULL, NULL, 1),
(2757, 'Sanjamala', 2, NULL, NULL, 1),
(2758, 'Gundupapala', 2, NULL, NULL, 1),
(2759, 'Bethamcherla', 2, NULL, NULL, 1),
(2760, 'Veldurthi', 2, NULL, NULL, 1),
(2761, 'Devanakonda', 2, NULL, NULL, 1),
(2762, 'Peapally', 2, NULL, NULL, 1),
(2763, 'Tuggali', 2, NULL, NULL, 1),
(2764, 'Dhone', 2, NULL, NULL, 1),
(2765, 'Krishnagiri', 2, NULL, NULL, 1),
(2766, 'Adoni', 2, NULL, NULL, 1),
(2767, 'Mantralayam', 2, NULL, NULL, 1),
(2768, 'Pattikonda', 2, NULL, NULL, 1),
(2769, 'Gonegandla', 2, NULL, NULL, 1),
(2770, 'Yemmiganur', 2, NULL, NULL, 1),
(2771, 'Maddikera (East)', 2, NULL, NULL, 1),
(2772, 'Pagidyala', 2, NULL, NULL, 1),
(2773, 'Jupadu Bungalow', 2, NULL, NULL, 1),
(2774, 'Nandikotkur', 2, NULL, NULL, 1),
(2775, 'Pamulapadu', 2, NULL, NULL, 1),
(2776, 'C.Belagal', 2, NULL, NULL, 1),
(2777, 'Nandavaram', 2, NULL, NULL, 1),
(2778, 'Kodumur', 2, NULL, NULL, 1),
(2779, 'Nandyal', 2, NULL, NULL, 1),
(2780, 'Allagadda', 2, NULL, NULL, 1),
(2781, 'Gadivemula', 2, NULL, NULL, 1),
(2782, 'Sirvel', 2, NULL, NULL, 1),
(2783, 'Bandi Atmakur', 2, NULL, NULL, 1),
(2784, 'Velgode', 2, NULL, NULL, 1),
(2785, 'Allgadda', 2, NULL, NULL, 1),
(2786, 'Gospadu', 2, NULL, NULL, 1),
(2787, 'Mahanandi', 2, NULL, NULL, 1),
(2788, 'Nandyal .', 2, NULL, NULL, 1),
(2789, 'Krishna', 2, NULL, NULL, 1),
(2790, 'Vijayawada (Urban)', 2, NULL, NULL, 1),
(2791, 'Vijayawada (Rural)', 2, NULL, NULL, 1),
(2792, 'Bandar', 2, NULL, NULL, 1),
(2793, 'Machilipatnam', 2, NULL, NULL, 1),
(2794, 'Machillipatnam', 2, NULL, NULL, 1),
(2795, 'Gannavaram', 2, NULL, NULL, 1),
(2796, 'Vijayawada', 2, NULL, NULL, 1),
(2797, 'Bapulapadu', 2, NULL, NULL, 1),
(2798, 'Nuzvid', 2, NULL, NULL, 1),
(2799, 'Nandivada', 2, NULL, NULL, 1),
(2800, 'Telaprolu', 2, NULL, NULL, 1),
(2801, 'Veeravalli', 2, NULL, NULL, 1),
(2802, 'Billanapalli', 2, NULL, NULL, 1),
(2803, 'Nagayalanka', 2, NULL, NULL, 1),
(2804, 'Avanigadda', 2, NULL, NULL, 1),
(2805, 'Mopidevi', 2, NULL, NULL, 1),
(2806, 'Challapalli', 2, NULL, NULL, 1),
(2807, 'Ghantasala', 2, NULL, NULL, 1),
(2808, 'Penamaluru Mandal', 2, NULL, NULL, 1),
(2809, 'Poranki', 2, NULL, NULL, 1),
(2810, 'Movva', 2, NULL, NULL, 1),
(2811, 'Pedaparupudi', 2, NULL, NULL, 1),
(2812, 'Guduru', 2, NULL, NULL, 1),
(2813, 'Kankipadu', 2, NULL, NULL, 1),
(2814, 'Vuyyuru', 2, NULL, NULL, 1),
(2815, 'Pamarru', 2, NULL, NULL, 1),
(2816, 'Thotlavalluru', 2, NULL, NULL, 1),
(2817, 'Katuru', 2, NULL, NULL, 1),
(2818, 'Veerullapadu', 2, NULL, NULL, 1),
(2819, 'Jaggayyapeta', 2, NULL, NULL, 1),
(2820, 'Chadarlapadu', 2, NULL, NULL, 1),
(2821, 'Chandaralpadu', 2, NULL, NULL, 1),
(2822, 'Chandarlapadu', 2, NULL, NULL, 1),
(2823, 'Nandigama', 2, NULL, NULL, 1),
(2824, 'Penuganchiprolu', 2, NULL, NULL, 1),
(2825, 'Nuz Id', 2, NULL, NULL, 1),
(2826, 'Musunuru', 2, NULL, NULL, 1),
(2827, 'Agiripalle', 2, NULL, NULL, 1),
(2828, 'Aukiripalli', 2, NULL, NULL, 1),
(2829, 'Vja', 2, NULL, NULL, 1),
(2830, 'Chatrai', 2, NULL, NULL, 1),
(2831, 'Vissannapet', 2, NULL, NULL, 1),
(2832, 'Reddigudem', 2, NULL, NULL, 1),
(2833, 'A.Konduru', 2, NULL, NULL, 1),
(2834, 'Kondapalli', 2, NULL, NULL, 1),
(2835, 'Tiruvuru', 2, NULL, NULL, 1),
(2836, 'Akunuru', 2, NULL, NULL, 1),
(2837, 'Kakulapadu', 2, NULL, NULL, 1),
(2838, 'Vunguturu', 2, NULL, NULL, 1),
(2839, 'Vuyyur', 2, NULL, NULL, 1),
(2840, 'Gudivada', 2, NULL, NULL, 1),
(2841, 'Mudinepalli', 2, NULL, NULL, 1),
(2842, 'Bantumilli', 2, NULL, NULL, 1),
(2843, 'Krithivennu', 2, NULL, NULL, 1),
(2844, 'Kruthivennu', 2, NULL, NULL, 1),
(2845, 'Gudlavalleru', 2, NULL, NULL, 1),
(2846, 'Mandavalli', 2, NULL, NULL, 1),
(2847, 'Koduru', 2, NULL, NULL, 1),
(2848, 'Mudinepalle', 2, NULL, NULL, 1),
(2849, 'Gudlavallru', 2, NULL, NULL, 1),
(2850, 'Kaikalur', 2, NULL, NULL, 1),
(2851, 'Kalidindi', 2, NULL, NULL, 1),
(2852, 'Kalidinid', 2, NULL, NULL, 1),
(2853, 'Vizianagaram', 2, NULL, NULL, 1),
(2854, 'Mudinepelli', 2, NULL, NULL, 1),
(2855, 'Pedana', 2, NULL, NULL, 1),
(2856, 'Bantumalli', 2, NULL, NULL, 1),
(2857, 'Penugolanu', 2, NULL, NULL, 1),
(2858, 'Vatsavai', 2, NULL, NULL, 1),
(2859, 'Gampalagudem', 2, NULL, NULL, 1),
(2860, 'Gamplagudem', 2, NULL, NULL, 1),
(2861, 'Gamplaguedem', 2, NULL, NULL, 1),
(2862, 'Jaggaiahpet', 2, NULL, NULL, 1),
(2863, 'Guntur', 2, NULL, NULL, 1),
(2864, 'Medikonduru', 2, NULL, NULL, 1),
(2865, 'Lemalle', 2, NULL, NULL, 1),
(2866, 'Ponnekallu', 2, NULL, NULL, 1),
(2867, 'Prathipadu', 2, NULL, NULL, 1),
(2868, 'Amaravathi', 2, NULL, NULL, 1),
(2869, 'Bapatla', 2, NULL, NULL, 1),
(2870, 'Karlapalem', 2, NULL, NULL, 1),
(2871, 'Kakumanu', 2, NULL, NULL, 1),
(2872, 'Cheruuvu', 2, NULL, NULL, 1),
(2873, 'Cheruvu', 2, NULL, NULL, 1),
(2874, 'Ponnur', 2, NULL, NULL, 1),
(2875, 'Ponnuru', 2, NULL, NULL, 1),
(2876, 'Tenali', 2, NULL, NULL, 1),
(2877, 'Angalakudur', 2, NULL, NULL, 1),
(2878, 'Chebrole', 2, NULL, NULL, 1),
(2879, 'Sangamjagarlamudi', 2, NULL, NULL, 1),
(2880, 'Edlapadu', 2, NULL, NULL, 1),
(2881, 'Edlapdu', 2, NULL, NULL, 1),
(2882, 'Nadendla', 2, NULL, NULL, 1),
(2883, 'Pedanandipadu', 2, NULL, NULL, 1),
(2884, 'Tadikonda', 2, NULL, NULL, 1),
(2885, 'Mangalagiri Ho', 2, NULL, NULL, 1),
(2886, 'Tulluru', 2, NULL, NULL, 1),
(2887, 'Bhattiprolu', 2, NULL, NULL, 1),
(2888, 'Bhattiprole', 2, NULL, NULL, 1),
(2889, 'Vellaturu', 2, NULL, NULL, 1),
(2890, 'Dhulipudi', 2, NULL, NULL, 1),
(2891, 'Nagaram', 2, NULL, NULL, 1),
(2892, 'Cherukupalli', 2, NULL, NULL, 1),
(2893, 'Kanagala', 2, NULL, NULL, 1),
(2894, 'Vemuru', 2, NULL, NULL, 1),
(2895, 'Kuchinapudi', 2, NULL, NULL, 1),
(2896, 'Chodayapalem', 2, NULL, NULL, 1),
(2897, 'Repalle', 2, NULL, NULL, 1),
(2898, 'Anantavaram', 2, NULL, NULL, 1),
(2899, 'K.C.Works', 2, NULL, NULL, 1),
(2900, 'Pedavadlapudi', 2, NULL, NULL, 1),
(2901, 'Nutakki', 2, NULL, NULL, 1),
(2902, 'Kollipara', 2, NULL, NULL, 1),
(2903, 'Pedapalem', 2, NULL, NULL, 1),
(2904, 'Nandivelugu', 2, NULL, NULL, 1),
(2905, 'Kolakaluru', 2, NULL, NULL, 1),
(2906, 'Duggirala', 2, NULL, NULL, 1),
(2907, 'Emani', 2, NULL, NULL, 1),
(2908, 'Cherukupalle', 2, NULL, NULL, 1),
(2909, 'Appikatla', 2, NULL, NULL, 1),
(2910, 'Chandole', 2, NULL, NULL, 1),
(2911, 'Turumella', 2, NULL, NULL, 1),
(2912, 'Amartaluru', 2, NULL, NULL, 1),
(2913, 'Kuchipudi', 2, NULL, NULL, 1),
(2914, 'Nizampatnam', 2, NULL, NULL, 1),
(2915, 'Machavaram', 2, NULL, NULL, 1),
(2916, 'Patsalatadiparru', 2, NULL, NULL, 1),
(2917, 'Stuvartpuram', 2, NULL, NULL, 1),
(2918, 'Tsunduru', 2, NULL, NULL, 1),
(2919, 'Kolluru', 2, NULL, NULL, 1),
(2920, 'Intur', 2, NULL, NULL, 1),
(2921, 'Inturu', 2, NULL, NULL, 1),
(2922, 'Pedakurapadu', 2, NULL, NULL, 1),
(2923, 'Pedakurpadu', 2, NULL, NULL, 1),
(2924, 'Sattenapalle', 2, NULL, NULL, 1),
(2925, 'Muppalla', 2, NULL, NULL, 1),
(2926, 'Muppalla(Sa)', 2, NULL, NULL, 1),
(2927, 'Muppalla(Sap)', 2, NULL, NULL, 1),
(2928, 'Sttenapalle', 2, NULL, NULL, 1),
(2929, 'Atchampet', 2, NULL, NULL, 1),
(2930, 'Krosuru', 2, NULL, NULL, 1),
(2931, 'Bellamkonda', 2, NULL, NULL, 1),
(2932, 'Narasaraopet', 2, NULL, NULL, 1),
(2933, 'Bollapalle', 2, NULL, NULL, 1),
(2934, 'Piduguralla', 2, NULL, NULL, 1),
(2935, 'Pidugurlalla', 2, NULL, NULL, 1),
(2936, 'Dachepalle', 2, NULL, NULL, 1),
(2937, 'Gurazalla', 2, NULL, NULL, 1),
(2938, 'Gurzalla', 2, NULL, NULL, 1),
(2939, 'Rentachintala', 2, NULL, NULL, 1),
(2940, 'Macherla', 2, NULL, NULL, 1),
(2941, 'Tadepalle', 2, NULL, NULL, 1),
(2942, 'Mangalagiri', 2, NULL, NULL, 1),
(2943, 'Namburu', 2, NULL, NULL, 1),
(2944, 'Pedakakani', 2, NULL, NULL, 1),
(2945, 'Phirangipuram', 2, NULL, NULL, 1),
(2946, 'Narassaraopet', 2, NULL, NULL, 1),
(2947, 'Chilakaluripet', 2, NULL, NULL, 1),
(2948, 'Durgi', 2, NULL, NULL, 1),
(2949, 'Veldurthy', 2, NULL, NULL, 1),
(2950, 'Karempudi', 2, NULL, NULL, 1),
(2951, 'Nekarikallu', 2, NULL, NULL, 1),
(2952, 'Savalyapuram', 2, NULL, NULL, 1),
(2953, 'Vinukonda', 2, NULL, NULL, 1),
(2954, 'Ipuru', 2, NULL, NULL, 1),
(2955, 'Nuzendla', 2, NULL, NULL, 1),
(2956, 'Ongole', 2, NULL, NULL, 1),
(2957, 'Kanigiri', 2, NULL, NULL, 1),
(2958, 'Voletivaripalem', 2, NULL, NULL, 1),
(2959, 'Chirala', 2, NULL, NULL, 1),
(2960, 'Chiral', 2, NULL, NULL, 1),
(2961, 'Parchur', 2, NULL, NULL, 1),
(2962, 'Prakasam', 2, NULL, NULL, 1),
(2963, 'Kotha Patnam', 2, NULL, NULL, 1),
(2964, 'Vetapalem', 2, NULL, NULL, 1),
(2965, 'Addanki', 2, NULL, NULL, 1),
(2966, 'Podili', 2, NULL, NULL, 1),
(2967, 'Tangutur', 2, NULL, NULL, 1),
(2968, 'Kurichedu', 2, NULL, NULL, 1),
(2969, 'Donakonda', 2, NULL, NULL, 1),
(2970, 'Markapur', 2, NULL, NULL, 1),
(2971, 'Markapur Ho', 2, NULL, NULL, 1),
(2972, 'Peda Araveedu', 2, NULL, NULL, 1),
(2973, 'Markpur', 2, NULL, NULL, 1),
(2974, 'Tripuranthakam', 2, NULL, NULL, 1),
(2975, 'Yerragondapalem', 2, NULL, NULL, 1),
(2976, 'Pullalacheruvu', 2, NULL, NULL, 1),
(2977, 'Dornala', 2, NULL, NULL, 1),
(2978, 'Tarlupadu', 2, NULL, NULL, 1),
(2979, 'Cumbum', 2, NULL, NULL, 1),
(2980, 'Bestawaripeta', 2, NULL, NULL, 1),
(2981, 'Ardhaveedu', 2, NULL, NULL, 1),
(2982, 'Giddalur', 2, NULL, NULL, 1),
(2983, 'Racherla', 2, NULL, NULL, 1),
(2984, 'Komarolu', 2, NULL, NULL, 1),
(2985, 'Nellore', 2, NULL, NULL, 1),
(2986, 'Doravarisatram', 2, NULL, NULL, 1),
(2987, 'Sullurpeta', 2, NULL, NULL, 1),
(2988, 'Tada', 2, NULL, NULL, 1),
(2989, 'Naidupet', 2, NULL, NULL, 1),
(2990, 'Naidupeta', 2, NULL, NULL, 1),
(2991, 'Chittamur', 2, NULL, NULL, 1),
(2992, 'Chittamuru', 2, NULL, NULL, 1),
(2993, 'Pellakur', 2, NULL, NULL, 1),
(2994, 'Venkatagiri', 2, NULL, NULL, 1),
(2995, 'Dakkili', 2, NULL, NULL, 1),
(2996, 'Kovur', 2, NULL, NULL, 1),
(2997, 'Kovur Mandalam', 2, NULL, NULL, 1),
(2998, 'Bitragunta', 2, NULL, NULL, 1),
(2999, 'Damavaram', 2, NULL, NULL, 1),
(3000, 'Kavali', 2, NULL, NULL, 1),
(3001, 'Anemadugu', 2, NULL, NULL, 1),
(3002, 'Chakalakonda', 2, NULL, NULL, 1),
(3003, 'Duthalur', 2, NULL, NULL, 1),
(3004, 'Jaladanki', 2, NULL, NULL, 1),
(3005, 'Kaligiri', 2, NULL, NULL, 1),
(3006, 'Siddanakonduru', 2, NULL, NULL, 1),
(3007, 'Udayagiri', 2, NULL, NULL, 1),
(3008, 'Varikuntapadu', 2, NULL, NULL, 1),
(3009, 'Vinjamoor', 2, NULL, NULL, 1),
(3010, 'Vinjamur', 2, NULL, NULL, 1),
(3011, 'Nandipadu', 2, NULL, NULL, 1),
(3012, 'Gumparlapadu', 2, NULL, NULL, 1),
(3013, 'Gandipalem', 2, NULL, NULL, 1),
(3014, 'Dagadarthi', 2, NULL, NULL, 1),
(3015, 'Atmakur(Nl)', 2, NULL, NULL, 1),
(3016, 'S.S.Project', 2, NULL, NULL, 1),
(3017, 'Ss Project', 2, NULL, NULL, 1),
(3018, 'Ananatasagaram', 2, NULL, NULL, 1),
(3019, 'Anantasagaram', 2, NULL, NULL, 1),
(3020, 'Revur', 2, NULL, NULL, 1),
(3021, 'A.S.Peta', 2, NULL, NULL, 1),
(3022, 'Anumasamudrampeta Mandal', 2, NULL, NULL, 1),
(3023, 'Buchireddipalem Mandalam', 2, NULL, NULL, 1),
(3024, 'Buchireddypalem', 2, NULL, NULL, 1),
(3025, 'Buchireddypalem Mandalam', 2, NULL, NULL, 1),
(3026, 'Karatampadu', 2, NULL, NULL, 1),
(3027, 'Podalakur', 2, NULL, NULL, 1),
(3028, 'Virur', 2, NULL, NULL, 1),
(3029, 'Seetaramapuram', 2, NULL, NULL, 1),
(3030, 'Seetharamapuram', 2, NULL, NULL, 1),
(3031, 'Tp Gudur', 2, NULL, NULL, 1),
(3032, 'Marripadu', 2, NULL, NULL, 1),
(3033, 'Indukurpeta Mandalam', 2, NULL, NULL, 1),
(3034, 'Mypadu', 2, NULL, NULL, 1),
(3035, 'Indukurpeta', 2, NULL, NULL, 1),
(3036, 'Allur', 2, NULL, NULL, 1),
(3037, 'Allur Mandalam', 2, NULL, NULL, 1),
(3038, 'Kodavalur', 2, NULL, NULL, 1),
(3039, 'Kodavaluru', 2, NULL, NULL, 1),
(3040, 'Kodavaluru Mandalam', 2, NULL, NULL, 1),
(3041, 'Gandavaram', 2, NULL, NULL, 1),
(3042, 'Kodavalur Mandalam', 2, NULL, NULL, 1),
(3043, 'Vidavalur', 2, NULL, NULL, 1),
(3044, 'Venkatachala Satram', 2, NULL, NULL, 1),
(3045, 'Venkatachalam', 2, NULL, NULL, 1),
(3046, 'Survepalli', 2, NULL, NULL, 1),
(3047, 'Chejerla', 2, NULL, NULL, 1),
(3048, 'Kaluvoya', 2, NULL, NULL, 1),
(3049, 'Muthukur', 2, NULL, NULL, 1),
(3050, 'Muthukur Mandalam', 2, NULL, NULL, 1),
(3051, 'Brahmadevam', 2, NULL, NULL, 1),
(3052, 'Northrajupalem Mandalam', 2, NULL, NULL, 1),
(3053, 'Nr Palem', 2, NULL, NULL, 1),
(3054, 'Vojili', 2, NULL, NULL, 1),
(3055, 'Balayapalli', 2, NULL, NULL, 1),
(3056, 'Manubolu', 2, NULL, NULL, 1),
(3057, 'Sydapuram', 2, NULL, NULL, 1),
(3058, 'Rapur', 2, NULL, NULL, 1),
(3059, 'Kota', 2, NULL, NULL, 1),
(3060, 'Chillakur', 2, NULL, NULL, 1),
(3061, 'Vakadu', 2, NULL, NULL, 1),
(3062, 'Visakhapatnam', 2, NULL, NULL, 1),
(3063, 'Visakhapatnam (Urban)', 2, NULL, NULL, 1),
(3064, 'Pedagantyada', 2, NULL, NULL, 1),
(3065, 'Vishakhapatnam', 2, NULL, NULL, 1),
(3066, 'Visakhapatnam Rural', 2, NULL, NULL, 1),
(3067, 'Pendurthi', 2, NULL, NULL, 1),
(3068, 'Visakhapatnam (Rural)', 2, NULL, NULL, 1),
(3069, 'Anandapuram', 2, NULL, NULL, 1),
(3070, 'Gajuwaka', 2, NULL, NULL, 1),
(3071, 'Anakapalle', 2, NULL, NULL, 1),
(3072, 'Paravada', 2, NULL, NULL, 1),
(3073, 'Chodavaram', 2, NULL, NULL, 1),
(3074, 'Paderu', 2, NULL, NULL, 1),
(3075, 'Ananthagiri', 2, NULL, NULL, 1),
(3076, 'Cheedikada', 2, NULL, NULL, 1),
(3077, 'Atchutapuram', 2, NULL, NULL, 1),
(3078, 'Yellamanchili', 2, NULL, NULL, 1),
(3079, 'Golugonda', 2, NULL, NULL, 1),
(3080, 'Narsipatnam', 2, NULL, NULL, 1),
(3081, 'Chintapalle', 2, NULL, NULL, 1),
(3082, 'Nathavaram', 2, NULL, NULL, 1),
(3083, 'Araku', 2, NULL, NULL, 1),
(3084, 'Araku Valley', 2, NULL, NULL, 1),
(3085, 'Bheemunipatnam', 2, NULL, NULL, 1),
(3086, 'Visakhapatnam.', 2, NULL, NULL, 1),
(3087, 'Viskhapatnam', 2, NULL, NULL, 1),
(3088, 'Srikakulam', 2, NULL, NULL, 1),
(3089, 'Etcherla', 2, NULL, NULL, 1),
(3090, 'Etcherla Mandal', 2, NULL, NULL, 1),
(3091, 'Regidi Amadalavalasa', 2, NULL, NULL, 1),
(3092, 'Regidi Mandal', 2, NULL, NULL, 1),
(3093, 'Vangara Mandal', 2, NULL, NULL, 1),
(3094, 'Therlam Mandal', 2, NULL, NULL, 1),
(3095, 'Santhakaviti Mandal', 2, NULL, NULL, 1),
(3096, 'Rajam', 2, NULL, NULL, 1),
(3097, 'Rajam Mandal', 2, NULL, NULL, 1),
(3098, 'Sigadam Mandal', 2, NULL, NULL, 1),
(3099, 'Merakamudidam', 2, NULL, NULL, 1),
(3100, 'Merakamudidam Mandal', 2, NULL, NULL, 1),
(3101, 'Ganguvada Sigadam Mandal', 2, NULL, NULL, 1),
(3102, 'G.Sigadam Mandal', 2, NULL, NULL, 1),
(3103, 'Laveru Mandal', 2, NULL, NULL, 1),
(3104, 'Ponduru', 2, NULL, NULL, 1),
(3105, 'Ponduru Mandal', 2, NULL, NULL, 1),
(3106, 'Amadalavalasa', 2, NULL, NULL, 1),
(3107, 'Amadalavalasa Manal', 2, NULL, NULL, 1),
(3108, 'Amadalavalasa Mandal', 2, NULL, NULL, 1),
(3109, 'Burja Mandal', 2, NULL, NULL, 1),
(3110, 'Srikakulam Mandal', 2, NULL, NULL, 1),
(3111, 'Sarubujjili', 2, NULL, NULL, 1),
(3112, 'Sarubujjili Mandal', 2, NULL, NULL, 1),
(3113, 'Jalumuru', 2, NULL, NULL, 1),
(3114, 'Kotabommali Mandal', 2, NULL, NULL, 1),
(3115, 'Kotabommalimandal', 2, NULL, NULL, 1),
(3116, 'Santabommali Mandal', 2, NULL, NULL, 1),
(3117, 'Santhabommali Mandal', 2, NULL, NULL, 1),
(3118, 'Tekkali', 2, NULL, NULL, 1),
(3119, 'Nandigam Mandal', 2, NULL, NULL, 1),
(3120, 'Saravakota Mandal', 2, NULL, NULL, 1),
(3121, 'Tekkali Mandal', 2, NULL, NULL, 1),
(3122, 'Santhabommali', 2, NULL, NULL, 1),
(3123, 'Vajrapukotturu Mandal', 2, NULL, NULL, 1),
(3124, 'Pathapatnam', 2, NULL, NULL, 1),
(3125, 'Pathapatnam Mandal', 2, NULL, NULL, 1),
(3126, 'Hiramandalam Mandal', 2, NULL, NULL, 1),
(3127, 'Meliaputti Mandal', 2, NULL, NULL, 1),
(3128, 'Vajrapukothuru', 2, NULL, NULL, 1),
(3129, 'Palasa Mandal', 2, NULL, NULL, 1),
(3130, 'Meliaputti', 2, NULL, NULL, 1),
(3131, 'Palasa', 2, NULL, NULL, 1),
(3132, 'Mandasa', 2, NULL, NULL, 1),
(3133, 'Mandasa Mandal', 2, NULL, NULL, 1),
(3134, 'Sompeta Mandal', 2, NULL, NULL, 1),
(3135, 'Kanchili Mandal', 2, NULL, NULL, 1),
(3136, 'Kaviti Mandal', 2, NULL, NULL, 1),
(3137, 'Ichchapuram', 2, NULL, NULL, 1),
(3138, 'Ichchapuram Mandal', 2, NULL, NULL, 1),
(3139, 'Kaviti', 2, NULL, NULL, 1),
(3140, 'Gara Mandal', 2, NULL, NULL, 1),
(3141, 'Laveru', 2, NULL, NULL, 1),
(3142, 'Gara', 2, NULL, NULL, 1),
(3143, 'Ranastalam', 2, NULL, NULL, 1),
(3144, 'Ranasthalam Mandal', 2, NULL, NULL, 1),
(3145, 'Cheepurupalle', 2, NULL, NULL, 1),
(3146, 'Narasannapeta', 2, NULL, NULL, 1),
(3147, 'Narasannapeta Mandal', 2, NULL, NULL, 1),
(3148, 'Polaki Mandal', 2, NULL, NULL, 1),
(3149, 'Jalumuru Mandal', 2, NULL, NULL, 1),
(3150, 'Saravakota Mdl', 2, NULL, NULL, 1),
(3151, 'Palakonda', 2, NULL, NULL, 1),
(3152, 'R. Amadalavalasa', 2, NULL, NULL, 1),
(3153, 'R.Amadalavalasa', 2, NULL, NULL, 1),
(3154, 'Seethampeta', 2, NULL, NULL, 1),
(3155, 'Burja', 2, NULL, NULL, 1),
(3156, 'Bhamani Mandal', 2, NULL, NULL, 1),
(3157, 'Bhamini', 2, NULL, NULL, 1),
(3158, 'Bhamini Mandal', 2, NULL, NULL, 1),
(3159, 'Kotturu', 2, NULL, NULL, 1),
(3160, 'Kotturu Mandal', 2, NULL, NULL, 1),
(3161, 'Seethampeta Mandal', 2, NULL, NULL, 1),
(3162, 'Lakshminarsupeta', 2, NULL, NULL, 1),
(3163, 'Hiramandalam', 2, NULL, NULL, 1),
(3164, 'Veeraghattam', 2, NULL, NULL, 1),
(3165, 'Vangara', 2, NULL, NULL, 1),
(3166, 'Kotabommali', 2, NULL, NULL, 1),
(3167, 'Ajjada', 2, NULL, NULL, 1),
(3168, 'Kakinada', 2, NULL, NULL, 1),
(3169, 'Kakinada (Urban)', 2, NULL, NULL, 1),
(3170, 'Kakinada Rural', 2, NULL, NULL, 1),
(3171, 'Pedapudi', 2, NULL, NULL, 1),
(3172, 'Karapa', 2, NULL, NULL, 1),
(3173, 'Rajahmundry', 2, NULL, NULL, 1),
(3174, 'Rajahmundry (Urban)', 2, NULL, NULL, 1),
(3175, 'Rajahmundry Rural', 2, NULL, NULL, 1),
(3176, 'Korukonda', 2, NULL, NULL, 1),
(3177, 'Rajanagaram', 2, NULL, NULL, 1),
(3178, 'Sithanagaram', 2, NULL, NULL, 1),
(3179, 'Rajaahmundry Rural', 2, NULL, NULL, 1),
(3180, 'Kadiyam', 2, NULL, NULL, 1),
(3181, 'Alamuru', 2, NULL, NULL, 1),
(3182, 'Amalapuram', 2, NULL, NULL, 1),
(3183, 'Allavaram', 2, NULL, NULL, 1),
(3184, 'Allavaram Mandal', 2, NULL, NULL, 1),
(3185, 'Ainavilli', 2, NULL, NULL, 1),
(3186, 'Ainavilli Mandal', 2, NULL, NULL, 1),
(3187, 'Katrenikona', 2, NULL, NULL, 1),
(3188, 'Katrenikona Mandal', 2, NULL, NULL, 1),
(3189, 'Amalapuram Mandal', 2, NULL, NULL, 1),
(3190, 'Uppalaguptam', 2, NULL, NULL, 1),
(3191, 'Ambajipeta', 2, NULL, NULL, 1),
(3192, 'P.Gannavaram', 2, NULL, NULL, 1),
(3193, 'P.Gannavaram Mandal', 2, NULL, NULL, 1),
(3194, 'Mummidivaram', 2, NULL, NULL, 1),
(3195, 'Mummidivaram Mandal', 2, NULL, NULL, 1),
(3196, 'I.Polavaram', 2, NULL, NULL, 1),
(3197, 'I.Polavaram Mandal', 2, NULL, NULL, 1),
(3198, 'Ambajipeta Mandal', 2, NULL, NULL, 1),
(3199, 'Uppalaguptam Mandal', 2, NULL, NULL, 1),
(3200, 'Uppalaguptan Mandal', 2, NULL, NULL, 1),
(3201, 'Kothapeta Taluk', 2, NULL, NULL, 1),
(3202, 'Kothapeta', 2, NULL, NULL, 1),
(3203, 'Kothapeta Mandal', 2, NULL, NULL, 1),
(3204, 'Mandapeta', 2, NULL, NULL, 1),
(3205, 'Atreyapuram', 2, NULL, NULL, 1),
(3206, 'Atreyapuram Mandal', 2, NULL, NULL, 1),
(3207, 'Ravulapalem', 2, NULL, NULL, 1),
(3208, 'Atreypauram', 2, NULL, NULL, 1),
(3209, 'Ravulapalem Mandal', 2, NULL, NULL, 1),
(3210, 'D.Gannavaram Mandal', 2, NULL, NULL, 1),
(3211, 'Amabajipeta', 2, NULL, NULL, 1),
(3212, 'Razole', 2, NULL, NULL, 1),
(3213, 'Malikipuram', 2, NULL, NULL, 1),
(3214, 'Razole Mandal', 2, NULL, NULL, 1),
(3215, 'Mamidikuduru', 2, NULL, NULL, 1),
(3216, 'Mamidikuduru Mandal', 2, NULL, NULL, 1),
(3217, 'Sakhinetipalli', 2, NULL, NULL, 1),
(3218, 'Sakhinetipalli Mandal', 2, NULL, NULL, 1),
(3219, 'Malikipuram Mandal', 2, NULL, NULL, 1),
(3220, 'Bikkavolu', 2, NULL, NULL, 1),
(3221, 'Rayavaram', 2, NULL, NULL, 1),
(3222, 'Anaparthy', 2, NULL, NULL, 1),
(3223, 'Kajuluru', 2, NULL, NULL, 1),
(3224, 'Pamaru', 2, NULL, NULL, 1),
(3225, 'Gangavaram', 2, NULL, NULL, 1),
(3226, 'Rampachodavaram', 2, NULL, NULL, 1),
(3227, 'Gokavaram', 2, NULL, NULL, 1),
(3228, 'Devipatnam', 2, NULL, NULL, 1),
(3229, 'Maredumilli', 2, NULL, NULL, 1),
(3230, 'Rajavommangi', 2, NULL, NULL, 1),
(3231, 'Rangampeta', 2, NULL, NULL, 1),
(3232, 'Sithanagram', 2, NULL, NULL, 1),
(3233, 'Ragampeta', 2, NULL, NULL, 1),
(3234, 'Gandepalli', 2, NULL, NULL, 1),
(3235, 'Kapileswarapuram', 2, NULL, NULL, 1),
(3236, 'Tuni', 2, NULL, NULL, 1),
(3237, 'Sankhavaram', 2, NULL, NULL, 1),
(3238, 'Kotananduru', 2, NULL, NULL, 1),
(3239, 'Thondangi', 2, NULL, NULL, 1),
(3240, 'West Godavari', 2, NULL, NULL, 1),
(3241, 'Addateegala', 2, NULL, NULL, 1),
(3242, 'Addathigala', 2, NULL, NULL, 1),
(3243, 'Addatigala', 2, NULL, NULL, 1),
(3244, 'Kothapalli', 2, NULL, NULL, 1),
(3245, 'Yeleswaram', 2, NULL, NULL, 1),
(3246, 'Kirlampudi', 2, NULL, NULL, 1),
(3247, 'Pithapuram', 2, NULL, NULL, 1),
(3248, 'Samalkot', 2, NULL, NULL, 1),
(3249, 'Jaggampeta', 2, NULL, NULL, 1),
(3250, 'Peddapuram', 2, NULL, NULL, 1),
(3251, 'Samalkota', 2, NULL, NULL, 1),
(3252, 'Gollaprolu', 2, NULL, NULL, 1),
(3253, 'Tallarevu', 2, NULL, NULL, 1),
(3254, 'Thallarevu', 2, NULL, NULL, 1),
(3255, 'Pondicherry', 2, NULL, NULL, 1),
(3256, 'Y .Ramavaram', 2, NULL, NULL, 1),
(3257, 'Y Ramavaram', 2, NULL, NULL, 1),
(3258, 'Amalapuram.', 2, NULL, NULL, 1),
(3259, 'Eluru', 2, NULL, NULL, 1),
(3260, 'S.V. Peta', 2, NULL, NULL, 1),
(3261, 'S.V.Peta', 2, NULL, NULL, 1),
(3262, 'Chataparru', 2, NULL, NULL, 1),
(3263, 'Tadepalligudem', 2, NULL, NULL, 1),
(3264, 'Tadepalligudem Mandalam', 2, NULL, NULL, 1),
(3265, 'Tadepalligudem Mandaolam', 2, NULL, NULL, 1),
(3266, 'Nallajerla', 2, NULL, NULL, 1),
(3267, 'Nallajerla Mandal', 2, NULL, NULL, 1),
(3268, 'Nallajerla Mandalam', 2, NULL, NULL, 1),
(3269, 'Nallajarla Mandalam', 2, NULL, NULL, 1),
(3270, 'Nallajarlamandalam', 2, NULL, NULL, 1),
(3271, 'Nallajerlamandalam', 2, NULL, NULL, 1),
(3272, 'Bhimavaram', 2, NULL, NULL, 1),
(3273, 'Penumantra (Mdl)', 2, NULL, NULL, 1),
(3274, 'Atchanta (Mdl)', 2, NULL, NULL, 1),
(3275, 'Attili (Mdl)', 2, NULL, NULL, 1),
(3276, 'Manchili (Mdl)', 2, NULL, NULL, 1),
(3277, 'Minavilluru(Mdl)', 2, NULL, NULL, 1),
(3278, 'Moyyeru(Mdl)', 2, NULL, NULL, 1),
(3279, 'Pentapadu Mandalam', 2, NULL, NULL, 1),
(3280, 'Pentapadu Mandall', 2, NULL, NULL, 1),
(3281, 'Tanuku Mandalam', 2, NULL, NULL, 1),
(3282, 'Tanuku Mandal', 2, NULL, NULL, 1),
(3283, 'Pentapadu Mandal', 2, NULL, NULL, 1),
(3284, 'Vunguturu Mandalam', 2, NULL, NULL, 1),
(3285, 'Pentapadu', 2, NULL, NULL, 1),
(3286, 'Pentapadumandalam', 2, NULL, NULL, 1),
(3287, 'Nallajarla Mandal', 2, NULL, NULL, 1),
(3288, 'Ganapavaram Mandal', 2, NULL, NULL, 1),
(3289, 'Ganapavaram Mandalam', 2, NULL, NULL, 1),
(3290, 'Palakoderu Mandalam', 2, NULL, NULL, 1),
(3291, 'Undi Mandalam', 2, NULL, NULL, 1),
(3292, 'Nidamarrumandalam', 2, NULL, NULL, 1),
(3293, 'Nidamarry Mandal', 2, NULL, NULL, 1),
(3294, 'Ganapavaramm Andalam', 2, NULL, NULL, 1),
(3295, 'Ganapavaramandalam', 2, NULL, NULL, 1),
(3296, 'Ganapavarammandal', 2, NULL, NULL, 1),
(3297, 'Ganapavarammandalam', 2, NULL, NULL, 1),
(3298, 'Undi (Mdl)', 2, NULL, NULL, 1),
(3299, 'Bhimavaram (Mdl)', 2, NULL, NULL, 1),
(3300, 'Kalla (Mdl)', 2, NULL, NULL, 1),
(3301, 'Bhimavaram(Mdl)', 2, NULL, NULL, 1),
(3302, 'Palakoderu (Mdl)', 2, NULL, NULL, 1),
(3303, 'Tanuku', 2, NULL, NULL, 1),
(3304, 'Tanuku (Mdl)', 2, NULL, NULL, 1),
(3305, 'Vundrajavaram (Mdl)', 2, NULL, NULL, 1),
(3306, 'Iragavaram (Mdl)', 2, NULL, NULL, 1),
(3307, 'Velpur (Mdl)', 2, NULL, NULL, 1),
(3308, 'Iragavaram(Mdl)', 2, NULL, NULL, 1),
(3309, 'U.Varam(Mdl)', 2, NULL, NULL, 1),
(3310, 'Akividu (Mdl)', 2, NULL, NULL, 1),
(3311, 'Viravasaram(Mdl)', 2, NULL, NULL, 1),
(3312, 'Palakoderu(Mdl)', 2, NULL, NULL, 1),
(3313, 'Viravasaram (Mdl)', 2, NULL, NULL, 1),
(3314, 'Palacole', 2, NULL, NULL, 1),
(3315, 'Palakol (Mdl)', 2, NULL, NULL, 1),
(3316, 'Palakol(Mdl)', 2, NULL, NULL, 1),
(3317, 'Ellamanchili (Mdl)', 2, NULL, NULL, 1),
(3318, 'Poduru (Mdl)', 2, NULL, NULL, 1),
(3319, 'Narasapuram', 2, NULL, NULL, 1),
(3320, 'Narsapur (Mdl)', 2, NULL, NULL, 1),
(3321, 'Mogalturu(Mdl)', 2, NULL, NULL, 1),
(3322, 'Nidadavole', 2, NULL, NULL, 1),
(3323, 'Nidadavolemandalam', 2, NULL, NULL, 1),
(3324, 'Kovvuru Mandalam', 2, NULL, NULL, 1),
(3325, 'Nidadavole Mandalam', 2, NULL, NULL, 1),
(3326, 'Chagallu Mandalam', 2, NULL, NULL, 1),
(3327, 'Devarapalli Mandalam', 2, NULL, NULL, 1),
(3328, 'Nidadavole Mandal', 2, NULL, NULL, 1),
(3329, 'Wgdt', 2, NULL, NULL, 1),
(3330, 'Kannapuram', 2, NULL, NULL, 1),
(3331, 'Koyyalagudem', 2, NULL, NULL, 1),
(3332, 'Devarapalli Mandal', 2, NULL, NULL, 1),
(3333, 'Deverapalli', 2, NULL, NULL, 1),
(3334, 'Deverapalli Mandalam', 2, NULL, NULL, 1),
(3335, 'Devipatnam Mandalam', 2, NULL, NULL, 1),
(3336, 'Devipatnammandalam', 2, NULL, NULL, 1),
(3337, 'Buttayagudem', 2, NULL, NULL, 1),
(3338, 'Polavaram', 2, NULL, NULL, 1),
(3339, 'Polavaram Mandalam', 2, NULL, NULL, 1),
(3340, 'Polavarammandal', 2, NULL, NULL, 1),
(3341, 'Polavarammandalam', 2, NULL, NULL, 1),
(3342, 'Gopalapuram Mandal', 2, NULL, NULL, 1),
(3343, 'Gopalapuram Mandalam', 2, NULL, NULL, 1),
(3344, 'Buttayagudem Mandalam', 2, NULL, NULL, 1),
(3345, 'Polavaram Mandal', 2, NULL, NULL, 1),
(3346, 'Penugonda (Mdl)', 2, NULL, NULL, 1),
(3347, 'Peravali (Mdl)', 2, NULL, NULL, 1),
(3348, 'Peravali Mandalam', 2, NULL, NULL, 1),
(3349, 'Undrajavaram Mandalam', 2, NULL, NULL, 1),
(3350, 'Undrajavaram Mandalam.', 2, NULL, NULL, 1),
(3351, 'Peravali', 2, NULL, NULL, 1),
(3352, 'Poduru(Mdl)', 2, NULL, NULL, 1),
(3353, 'Tallapudi Mandal', 2, NULL, NULL, 1),
(3354, 'Tallapudi Mandalam', 2, NULL, NULL, 1),
(3355, 'Chagallu Mandal', 2, NULL, NULL, 1),
(3356, 'Chagally Mandalam', 2, NULL, NULL, 1),
(3357, 'Kovvur', 2, NULL, NULL, 1),
(3358, 'Kovvur Mandalam', 2, NULL, NULL, 1),
(3359, 'Dommeru', 2, NULL, NULL, 1),
(3360, 'Pulla', 2, NULL, NULL, 1),
(3361, 'Kaikaram', 2, NULL, NULL, 1),
(3362, 'Bhimadole', 2, NULL, NULL, 1),
(3363, 'D.Tirumala', 2, NULL, NULL, 1),
(3364, 'Dwarakatirumala', 2, NULL, NULL, 1),
(3365, 'Gundugolanu', 2, NULL, NULL, 1),
(3366, 'Denduluru', 2, NULL, NULL, 1),
(3367, 'Padapadu', 2, NULL, NULL, 1),
(3368, 'Pedapadu', 2, NULL, NULL, 1),
(3369, 'Kovvali', 2, NULL, NULL, 1),
(3370, 'J.R.Gudem', 2, NULL, NULL, 1),
(3371, 'J.R.Gudem Bo', 2, NULL, NULL, 1),
(3372, 'Jangareddigudem', 2, NULL, NULL, 1),
(3373, 'K.Kota', 2, NULL, NULL, 1),
(3374, 'Kamavarapukota', 2, NULL, NULL, 1),
(3375, 'Gopannapalem', 2, NULL, NULL, 1),
(3376, 'Lakkavaram', 2, NULL, NULL, 1),
(3377, 'Tadikalapudi', 2, NULL, NULL, 1),
(3378, 'Jeelugumilli', 2, NULL, NULL, 1),
(3379, 'Chintalapudi', 2, NULL, NULL, 1),
(3380, 'Pragadavaram', 2, NULL, NULL, 1),
(3381, 'Dharmajigudem', 2, NULL, NULL, 1),
(3382, 'T.Narasapuram', 2, NULL, NULL, 1),
(3383, 'Vijaayrai', 2, NULL, NULL, 1),
(3384, 'Vijayarai', 2, NULL, NULL, 1),
(3385, 'Bondapalli', 2, NULL, NULL, 1),
(3386, 'Denkada', 2, NULL, NULL, 1),
(3387, 'Nellimarla', 2, NULL, NULL, 1),
(3388, 'Apspqrs', 2, NULL, NULL, 1),
(3389, 'B.Tallavalasa', 2, NULL, NULL, 1),
(3390, 'Garividi', 2, NULL, NULL, 1),
(3391, 'Gurla', 2, NULL, NULL, 1),
(3392, 'Meraka Mudidam', 2, NULL, NULL, 1),
(3393, 'Badangi', 2, NULL, NULL, 1),
(3394, 'Therlam', 2, NULL, NULL, 1),
(3395, 'Sigadam', 2, NULL, NULL, 1),
(3396, 'Chipurupalle', 2, NULL, NULL, 1),
(3397, 'Anathagiri', 2, NULL, NULL, 1),
(3398, 'S Kota', 2, NULL, NULL, 1),
(3399, 'Vepada', 2, NULL, NULL, 1),
(3400, 'Srungavarapukota', 2, NULL, NULL, 1),
(3401, 'Bonangi', 2, NULL, NULL, 1),
(3402, 'Gantyada', 2, NULL, NULL, 1),
(3403, 'S.Kota.', 2, NULL, NULL, 1),
(3404, 'L Kota', 2, NULL, NULL, 1),
(3405, 'Kothavalasa', 2, NULL, NULL, 1),
(3406, 'Pusapatirega', 2, NULL, NULL, 1),
(3407, 'Konada', 2, NULL, NULL, 1),
(3408, 'Jami', 2, NULL, NULL, 1),
(3409, 'Mentada', 2, NULL, NULL, 1),
(3410, 'Bhogapuram', 2, NULL, NULL, 1),
(3411, 'Ramathirtam', 2, NULL, NULL, 1),
(3412, 'Kotagandredu', 2, NULL, NULL, 1),
(3413, 'Pedamajjipalem', 2, NULL, NULL, 1),
(3414, 'Alamanada', 2, NULL, NULL, 1),
(3415, 'Alamanda', 2, NULL, NULL, 1),
(3416, 'Alamanda Rs', 2, NULL, NULL, 1),
(3417, 'Gajapathinagaram', 2, NULL, NULL, 1),
(3418, 'Gajapathinagram', 2, NULL, NULL, 1),
(3419, 'Moida', 2, NULL, NULL, 1),
(3420, 'Garugubilli', 2, NULL, NULL, 1),
(3421, 'Parvatipuram', 2, NULL, NULL, 1),
(3422, 'Parvathipuram', 2, NULL, NULL, 1),
(3423, 'Komarada', 2, NULL, NULL, 1),
(3424, 'Gummalakshmipuram', 2, NULL, NULL, 1),
(3425, 'Kurupam', 2, NULL, NULL, 1),
(3426, 'Jiyyammavalasa', 2, NULL, NULL, 1),
(3427, 'Makkuva', 2, NULL, NULL, 1),
(3428, 'Seethanagaram', 2, NULL, NULL, 1),
(3429, 'Balijipeta', 2, NULL, NULL, 1),
(3430, 'Salur', 2, NULL, NULL, 1),
(3431, 'Bobbili', 2, NULL, NULL, 1),
(3432, 'Dattirajeru', 2, NULL, NULL, 1),
(3433, 'Dattirajeru Bo', 2, NULL, NULL, 1),
(3434, 'Ramabhadrapuram', 2, NULL, NULL, 1),
(3435, 'Datti Rajeru', 2, NULL, NULL, 1),
(3436, 'Pachipenta', 2, NULL, NULL, 1),
(3437, 'Pedamanapuram', 2, NULL, NULL, 1),
(3438, 'Challapeta', 2, NULL, NULL, 1),
(3439, 'Jiyyammavalsa', 2, NULL, NULL, 1),
(3440, 'Bangalore', 17, NULL, NULL, 1),
(3441, 'Bangalore North', 17, NULL, NULL, 1),
(3442, 'Bangalore South', 17, NULL, NULL, 1),
(3443, 'Banglore', 17, NULL, NULL, 1),
(3444, 'Hosakote', 17, NULL, NULL, 1),
(3445, 'Anekal', 17, NULL, NULL, 1),
(3446, 'Magadi', 17, NULL, NULL, 1),
(3447, 'Pavagada', 17, NULL, NULL, 1),
(3448, 'Dod Ballapur', 17, NULL, NULL, 1),
(3449, 'Dodballapura', 17, NULL, NULL, 1),
(3450, 'Doddaballapura', 17, NULL, NULL, 1),
(3451, 'Dodbalapura', 17, NULL, NULL, 1),
(3452, 'Gauribidanur', 17, NULL, NULL, 1),
(3453, 'Bagepalli', 17, NULL, NULL, 1),
(3454, 'Kolar', 17, NULL, NULL, 1),
(3455, 'Chik Ballapur', 17, NULL, NULL, 1),
(3456, 'Gudibanda', 17, NULL, NULL, 1),
(3457, 'Chickballapur', 17, NULL, NULL, 1),
(3458, 'Gaurobidanur', 17, NULL, NULL, 1),
(3459, 'Gauribidanure', 17, NULL, NULL, 1),
(3460, 'Gauribidnur', 17, NULL, NULL, 1),
(3461, 'Venkatapura', 17, NULL, NULL, 1),
(3462, 'Guribidanur', 17, NULL, NULL, 1),
(3463, 'Sidlaghatta', 17, NULL, NULL, 1),
(3464, 'Sidlghatta', 17, NULL, NULL, 1),
(3465, 'Channapatna', 17, NULL, NULL, 1),
(3466, 'Ramanagar', 17, NULL, NULL, 1),
(3467, 'Ramanagara', 17, NULL, NULL, 1),
(3468, 'Ramangara', 17, NULL, NULL, 1),
(3469, 'Devanahalli', 17, NULL, NULL, 1),
(3470, 'Devanhalli', 17, NULL, NULL, 1),
(3471, 'Nelamangala', 17, NULL, NULL, 1),
(3472, 'Kanakapura', 17, NULL, NULL, 1),
(3473, 'Hoskote', 17, NULL, NULL, 1),
(3474, 'Dharwad', 17, NULL, NULL, 1),
(3475, 'Nelamagala', 17, NULL, NULL, 1),
(3476, 'Kanakapaura', 17, NULL, NULL, 1),
(3477, 'Ramangaram', 17, NULL, NULL, 1),
(3478, 'Bangaloresouth', 17, NULL, NULL, 1),
(3479, 'Bg South', 17, NULL, NULL, 1),
(3480, 'Bgsouth', 17, NULL, NULL, 1),
(3481, 'Nla & Bgsouth', 17, NULL, NULL, 1),
(3482, 'Banglorenorth', 17, NULL, NULL, 1),
(3483, 'Bg North', 17, NULL, NULL, 1),
(3484, 'Bgnorth', 17, NULL, NULL, 1),
(3485, 'Ramanagaram', 17, NULL, NULL, 1),
(3486, 'Doddaballpura', 17, NULL, NULL, 1),
(3487, 'Doddabllapur', 17, NULL, NULL, 1),
(3488, 'Bangarapet', 17, NULL, NULL, 1),
(3489, 'Bangarpet', 17, NULL, NULL, 1),
(3490, 'Bangarpet Tq', 17, NULL, NULL, 1),
(3491, 'Bngarpet', 17, NULL, NULL, 1),
(3492, 'Chintamani', 17, NULL, NULL, 1),
(3493, 'Srinivasapura', 17, NULL, NULL, 1),
(3494, 'Srinivaspur', 17, NULL, NULL, 1),
(3495, 'Srinivsapur', 17, NULL, NULL, 1),
(3496, 'Mulbagal', 17, NULL, NULL, 1),
(3497, 'Malur', 17, NULL, NULL, 1),
(3498, 'Chintamanij', 17, NULL, NULL, 1),
(3499, 'Malavalli', 17, NULL, NULL, 1),
(3500, 'Mysore', 17, NULL, NULL, 1),
(3501, 'H D Kote', 17, NULL, NULL, 1),
(3502, 'Kollegal', 17, NULL, NULL, 1),
(3503, 'T Narasipura', 17, NULL, NULL, 1),
(3504, 'Periyapatna', 17, NULL, NULL, 1),
(3505, 'Hunsur', 17, NULL, NULL, 1),
(3506, 'Piriyapatna', 17, NULL, NULL, 1),
(3507, 'Gundlupet', 17, NULL, NULL, 1),
(3508, 'Chamarajanagara', 17, NULL, NULL, 1),
(3509, 'Nanjangud', 17, NULL, NULL, 1),
(3510, 'T Naraipura', 17, NULL, NULL, 1),
(3511, 'Gundluper', 17, NULL, NULL, 1),
(3512, 'Heggadadevankote', 17, NULL, NULL, 1),
(3513, 'Arkalgud', 17, NULL, NULL, 1),
(3514, 'Arsikere', 17, NULL, NULL, 1),
(3515, 'Chamarajanagar', 17, NULL, NULL, 1),
(3516, 'Aland', 17, NULL, NULL, 1),
(3517, 'Tirumakudal Narsipur', 17, NULL, NULL, 1),
(3518, 'Sorab', 17, NULL, NULL, 1),
(3519, 'Alur', 17, NULL, NULL, 1),
(3520, 'Bilgi', 17, NULL, NULL, 1),
(3521, 'Madikeri', 17, NULL, NULL, 1),
(3522, 'Virajpet', 17, NULL, NULL, 1),
(3523, 'Kodagu', 17, NULL, NULL, 1),
(3524, 'Koduru', 17, NULL, NULL, 1),
(3525, 'Somvarpet', 17, NULL, NULL, 1),
(3526, 'Somwarpet', 17, NULL, NULL, 1),
(3527, 'Somarpet', 17, NULL, NULL, 1),
(3528, 'Krishnarajpet', 17, NULL, NULL, 1),
(3529, 'Mandya', 17, NULL, NULL, 1),
(3530, 'Mangalore', 17, NULL, NULL, 1),
(3531, 'Maddur', 17, NULL, NULL, 1),
(3532, 'Shrirangapattana', 17, NULL, NULL, 1),
(3533, 'Srirangapatna', 17, NULL, NULL, 1),
(3534, 'Nagamangala', 17, NULL, NULL, 1),
(3535, 'K.R.Pete', 17, NULL, NULL, 1),
(3536, 'Pandavapura', 17, NULL, NULL, 1),
(3537, 'K.E.Pete', 17, NULL, NULL, 1),
(3538, 'Yelandur', 17, NULL, NULL, 1),
(3539, 'Gubbi', 17, NULL, NULL, 1),
(3540, 'Belur', 17, NULL, NULL, 1),
(3541, 'Devadurga', 17, NULL, NULL, 1),
(3542, 'Channarayapatna', 17, NULL, NULL, 1),
(3543, 'Davanagere', 17, NULL, NULL, 1),
(3544, 'K R Nagar', 17, NULL, NULL, 1),
(3545, 'Hebbalu', 17, NULL, NULL, 1),
(3546, 'Kannur', 17, NULL, NULL, 1),
(3547, 'Sriranagapatna', 17, NULL, NULL, 1),
(3548, 'Challakere', 17, NULL, NULL, 1),
(3549, 'Tumkur', 17, NULL, NULL, 1),
(3550, 'Kunigal', 17, NULL, NULL, 1),
(3551, 'Madhugiri', 17, NULL, NULL, 1),
(3552, 'Sira', 17, NULL, NULL, 1),
(3553, 'Tiptur', 17, NULL, NULL, 1),
(3554, 'C.N.Halli', 17, NULL, NULL, 1),
(3555, 'C.N.Hally', 17, NULL, NULL, 1),
(3556, 'Koratagere', 17, NULL, NULL, 1),
(3557, 'Korategere', 17, NULL, NULL, 1),
(3558, 'Hiriyur', 17, NULL, NULL, 1),
(3559, 'Chitradurga', 17, NULL, NULL, 1),
(3560, 'Shikarpur', 17, NULL, NULL, 1),
(3561, 'Turuvekere', 17, NULL, NULL, 1),
(3562, 'Chikkanayakanahlli', 17, NULL, NULL, 1),
(3563, 'Chiknayakanhalli', 17, NULL, NULL, 1),
(3564, 'C.N. Halli', 17, NULL, NULL, 1),
(3565, 'Tiptir', 17, NULL, NULL, 1),
(3566, 'C N Halli', 17, NULL, NULL, 1),
(3567, 'Arskiere', 17, NULL, NULL, 1),
(3568, 'Channarayapatana', 17, NULL, NULL, 1),
(3569, 'Channarayaptna', 17, NULL, NULL, 1),
(3570, 'Hosadurga', 17, NULL, NULL, 1),
(3571, 'Hassan', 17, NULL, NULL, 1),
(3572, 'Channrayapatna', 17, NULL, NULL, 1),
(3573, 'Arsiekre', 17, NULL, NULL, 1),
(3574, 'Arsikre', 17, NULL, NULL, 1),
(3575, 'Sakleshpur', 17, NULL, NULL, 1),
(3576, 'Saklehspur', 17, NULL, NULL, 1),
(3577, 'Arakalagud', 17, NULL, NULL, 1),
(3578, 'Kadur', 17, NULL, NULL, 1),
(3579, 'Channaryapatna', 17, NULL, NULL, 1),
(3580, 'Sakleshpura', 17, NULL, NULL, 1),
(3581, 'Arkalagud', 17, NULL, NULL, 1),
(3582, 'Arkalud', 17, NULL, NULL, 1),
(3583, 'Skaleshpur', 17, NULL, NULL, 1),
(3584, 'Holenarasipur', 17, NULL, NULL, 1),
(3585, 'Holenarasipura', 17, NULL, NULL, 1),
(3586, 'Holenarsipur', 17, NULL, NULL, 1),
(3587, 'Hole Narsipur', 17, NULL, NULL, 1),
(3588, 'Holeanarasipur', 17, NULL, NULL, 1),
(3589, 'Holeanrasipur', 17, NULL, NULL, 1),
(3590, 'Hagaribommanahalli', 17, NULL, NULL, 1),
(3591, 'Karkal', 17, NULL, NULL, 1),
(3592, 'Karkala', 17, NULL, NULL, 1),
(3593, 'Udupi', 17, NULL, NULL, 1),
(3594, 'Belthangady', 17, NULL, NULL, 1),
(3595, 'Kushtagi', 17, NULL, NULL, 1),
(3596, 'Bantval', 17, NULL, NULL, 1),
(3597, 'Bantwal', 17, NULL, NULL, 1),
(3598, 'Ullal', 17, NULL, NULL, 1),
(3599, 'Pudu', 17, NULL, NULL, 1),
(3600, 'Thumbe', 17, NULL, NULL, 1),
(3601, 'Puttur', 17, NULL, NULL, 1),
(3602, 'Sullia', 17, NULL, NULL, 1),
(3603, 'Sulya', 17, NULL, NULL, 1),
(3604, 'Beltangadi', 17, NULL, NULL, 1),
(3605, 'Belthagady', 17, NULL, NULL, 1),
(3606, 'Puttur(Dk)', 17, NULL, NULL, 1),
(3607, 'Adyar', 17, NULL, NULL, 1),
(3608, 'Kundapura', 17, NULL, NULL, 1),
(3609, 'Kundpaura', 17, NULL, NULL, 1),
(3610, 'Navunda', 17, NULL, NULL, 1),
(3611, 'Davangere', 17, NULL, NULL, 1),
(3612, 'Chikmagalur', 17, NULL, NULL, 1),
(3613, 'Koppa', 17, NULL, NULL, 1),
(3614, 'Narasimharajapura', 17, NULL, NULL, 1),
(3615, 'Mudigere', 17, NULL, NULL, 1),
(3616, 'Bhadravati', 17, NULL, NULL, 1),
(3617, 'Shimoga', 17, NULL, NULL, 1),
(3618, 'Tarikere', 17, NULL, NULL, 1),
(3619, 'Chikamaglur', 17, NULL, NULL, 1),
(3620, 'Sringeri', 17, NULL, NULL, 1),
(3621, 'Mudigee', 17, NULL, NULL, 1),
(3622, 'Srineri', 17, NULL, NULL, 1),
(3623, 'Honnali', 17, NULL, NULL, 1),
(3624, 'Tirthahalli', 17, NULL, NULL, 1),
(3625, 'Afzalpur', 17, NULL, NULL, 1),
(3626, 'Channagiri', 17, NULL, NULL, 1),
(3627, 'Sagar', 17, NULL, NULL, 1),
(3628, 'Thirthahalli', 17, NULL, NULL, 1),
(3629, 'Bhadravathi', 17, NULL, NULL, 1),
(3630, 'Shimogai', 17, NULL, NULL, 1),
(3631, 'Tarikee', 17, NULL, NULL, 1),
(3632, 'Bhadravaathi', 17, NULL, NULL, 1),
(3633, 'Bhadravathii', 17, NULL, NULL, 1),
(3634, 'Hosanagara', 17, NULL, NULL, 1),
(3635, 'Soraba', 17, NULL, NULL, 1),
(3636, 'Hosanagar', 17, NULL, NULL, 1),
(3637, 'Shikaripura', 17, NULL, NULL, 1),
(3638, 'Thrithahalli', 17, NULL, NULL, 1),
(3639, 'Jagalur', 17, NULL, NULL, 1),
(3640, 'Hodadurga', 17, NULL, NULL, 1),
(3641, 'Harihara', 17, NULL, NULL, 1),
(3642, 'Harihra', 17, NULL, NULL, 1),
(3643, 'Holalkere', 17, NULL, NULL, 1),
(3644, 'Hoadurga', 17, NULL, NULL, 1),
(3645, 'Molakalmuru', 17, NULL, NULL, 1),
(3646, 'Davanangere', 17, NULL, NULL, 1),
(3647, 'Harihar', 17, NULL, NULL, 1),
(3648, 'Badami', 17, NULL, NULL, 1),
(3649, 'Aurad', 17, NULL, NULL, 1),
(3650, 'Hasadurga', 17, NULL, NULL, 1),
(3651, 'Hariahra', 17, NULL, NULL, 1),
(3652, 'Dharwar', 17, NULL, NULL, 1),
(3653, 'Hubli', 17, NULL, NULL, 1),
(3654, 'Kundgol', 17, NULL, NULL, 1),
(3655, 'Navalgund', 17, NULL, NULL, 1),
(3656, 'Kalgahtagi', 17, NULL, NULL, 1),
(3657, 'Kalghatgi', 17, NULL, NULL, 1),
(3658, 'Hangal', 17, NULL, NULL, 1),
(3659, 'Byadgi', 17, NULL, NULL, 1),
(3660, 'Haveri', 17, NULL, NULL, 1),
(3661, 'Hirekerur', 17, NULL, NULL, 1),
(3662, 'Hirekrur', 17, NULL, NULL, 1),
(3663, 'Ranebennur', 17, NULL, NULL, 1),
(3664, 'Ranibennur', 17, NULL, NULL, 1),
(3665, 'Kungol', 17, NULL, NULL, 1),
(3666, 'Gadag', 17, NULL, NULL, 1),
(3667, 'Savanur', 17, NULL, NULL, 1),
(3668, 'Hirekeruru', 17, NULL, NULL, 1),
(3669, 'Supa', 17, NULL, NULL, 1),
(3670, 'Shiggaon', 17, NULL, NULL, 1),
(3671, 'Joida', 17, NULL, NULL, 1),
(3672, 'Indi', 17, NULL, NULL, 1),
(3673, 'Naregal', 17, NULL, NULL, 1),
(3674, 'Jevargi', 17, NULL, NULL, 1),
(3675, 'Bhatkal', 17, NULL, NULL, 1),
(3676, 'Kalaghatgi', 17, NULL, NULL, 1),
(3677, 'Kalgahtgi', 17, NULL, NULL, 1),
(3678, 'Kalghatagi', 17, NULL, NULL, 1),
(3679, 'Ranebennur`', 17, NULL, NULL, 1),
(3680, 'Navalagund', 17, NULL, NULL, 1),
(3681, 'Shiggoan', 17, NULL, NULL, 1),
(3682, 'Chitapur', 17, NULL, NULL, 1),
(3683, 'Belgaum', 17, NULL, NULL, 1),
(3684, 'Karwar', 17, NULL, NULL, 1),
(3685, 'Ankola', 17, NULL, NULL, 1),
(3686, 'Sirsi', 17, NULL, NULL, 1),
(3687, 'Kumta', 17, NULL, NULL, 1),
(3688, 'Siddapur', 17, NULL, NULL, 1),
(3689, 'Honavar', 17, NULL, NULL, 1),
(3690, 'Haliyal', 17, NULL, NULL, 1),
(3691, 'Yellapur', 17, NULL, NULL, 1),
(3692, 'Mundgod', 17, NULL, NULL, 1),
(3693, 'Yellpur', 17, NULL, NULL, 1),
(3694, 'Sidddapur', 17, NULL, NULL, 1),
(3695, 'Yellpaur', 17, NULL, NULL, 1),
(3696, 'Ron', 17, NULL, NULL, 1),
(3697, 'Mudargo', 17, NULL, NULL, 1),
(3698, 'Mundargi', 17, NULL, NULL, 1),
(3699, 'Shirahatti', 17, NULL, NULL, 1),
(3700, 'Shiratti', 17, NULL, NULL, 1),
(3701, 'Shirhatti', 17, NULL, NULL, 1),
(3702, 'Shirahaati', 17, NULL, NULL, 1),
(3703, 'Shorapur', 17, NULL, NULL, 1),
(3704, 'Nargund', 17, NULL, NULL, 1),
(3705, 'Harapanahalli', 17, NULL, NULL, 1),
(3706, 'Bellary', 17, NULL, NULL, 1),
(3707, 'Sandur', 17, NULL, NULL, 1),
(3708, 'Siruguppa', 17, NULL, NULL, 1),
(3709, 'Haralpanahalli', 17, NULL, NULL, 1),
(3710, 'Kudligi', 17, NULL, NULL, 1),
(3711, 'Hospet', 17, NULL, NULL, 1),
(3712, 'Kudlgi', 17, NULL, NULL, 1),
(3713, 'Harapanahallli', 17, NULL, NULL, 1),
(3714, 'Hb Halli', 17, NULL, NULL, 1),
(3715, 'Huvinahadagali', 17, NULL, NULL, 1),
(3716, 'Hadagalli', 17, NULL, NULL, 1),
(3717, 'Huvinhadagali', 17, NULL, NULL, 1),
(3718, 'Huvinagadagali', 17, NULL, NULL, 1),
(3719, 'H B Halli', 17, NULL, NULL, 1),
(3720, 'Hospet Ho', 17, NULL, NULL, 1),
(3721, 'Koppal', 17, NULL, NULL, 1),
(3722, 'Gangavathi', 17, NULL, NULL, 1),
(3723, 'Gangavati', 17, NULL, NULL, 1),
(3724, 'Gangawati', 17, NULL, NULL, 1),
(3725, 'Gangvathi', 17, NULL, NULL, 1),
(3726, 'Gamgavati', 17, NULL, NULL, 1),
(3727, 'Gamgavatjhi', 17, NULL, NULL, 1),
(3728, 'Gangavthi', 17, NULL, NULL, 1),
(3729, 'Yelburga', 17, NULL, NULL, 1),
(3730, 'Yelbulrga', 17, NULL, NULL, 1),
(3731, 'Ganagavati', 17, NULL, NULL, 1),
(3732, 'Yelbuarga', 17, NULL, NULL, 1),
(3733, 'Yelbura', 17, NULL, NULL, 1),
(3734, 'Kioppal', 17, NULL, NULL, 1),
(3735, 'Yelbarga', 17, NULL, NULL, 1),
(3736, 'Raichur', 17, NULL, NULL, 1),
(3737, 'Mudhol', 17, NULL, NULL, 1),
(3738, 'Gangavahi', 17, NULL, NULL, 1),
(3739, 'Kushtagui', 17, NULL, NULL, 1),
(3740, 'Kustagi', 17, NULL, NULL, 1),
(3741, 'Kukshtagi', 17, NULL, NULL, 1),
(3742, 'Kukshtgai', 17, NULL, NULL, 1),
(3743, 'Kustgai', 17, NULL, NULL, 1),
(3744, 'Kusthagi', 17, NULL, NULL, 1),
(3745, 'Kusthgati', 17, NULL, NULL, 1),
(3746, 'Kukstagai', 17, NULL, NULL, 1),
(3747, 'Kukstagi', 17, NULL, NULL, 1),
(3748, 'Kushatagi', 17, NULL, NULL, 1),
(3749, 'Kustagai', 17, NULL, NULL, 1),
(3750, 'Kustagao', 17, NULL, NULL, 1),
(3751, 'Gamgavathi', 17, NULL, NULL, 1),
(3752, 'Deodurga', 17, NULL, NULL, 1),
(3753, 'Lingasugur', 17, NULL, NULL, 1),
(3754, 'Lingsugur', 17, NULL, NULL, 1),
(3755, 'Manvi', 17, NULL, NULL, 1),
(3756, 'Sindhanur', 17, NULL, NULL, 1),
(3757, 'Sindhnur', 17, NULL, NULL, 1),
(3758, 'Gulbarga', 17, NULL, NULL, 1),
(3759, 'Yadgir', 17, NULL, NULL, 1),
(3760, 'Yadgiri', 17, NULL, NULL, 1),
(3761, 'Yadgri', 17, NULL, NULL, 1),
(3762, 'Sedam', 17, NULL, NULL, 1),
(3763, 'Chittapur', 17, NULL, NULL, 1),
(3764, 'Afjalpur', 17, NULL, NULL, 1),
(3765, 'Jewargi', 17, NULL, NULL, 1),
(3766, 'Jewargio', 17, NULL, NULL, 1),
(3767, 'Shorpaur', 17, NULL, NULL, 1),
(3768, 'Shahapur', 17, NULL, NULL, 1),
(3769, 'Shahpur', 17, NULL, NULL, 1),
(3770, 'Bidar', 17, NULL, NULL, 1),
(3771, 'Homnabad', 17, NULL, NULL, 1),
(3772, 'Humnabad', 17, NULL, NULL, 1),
(3773, 'Bagalkot', 17, NULL, NULL, 1),
(3774, 'Basavakalyan', 17, NULL, NULL, 1),
(3775, 'Afjlpur', 17, NULL, NULL, 1),
(3776, 'Asfjalpur', 17, NULL, NULL, 1),
(3777, 'Chincholi', 17, NULL, NULL, 1),
(3778, 'Auad (B)', 17, NULL, NULL, 1),
(3779, 'Aurad (B)', 17, NULL, NULL, 1),
(3780, 'Aurad(B)', 17, NULL, NULL, 1),
(3781, 'Bhalki', 17, NULL, NULL, 1),
(3782, 'Auarad (B)', 17, NULL, NULL, 1),
(3783, 'Bijapur', 17, NULL, NULL, 1),
(3784, 'B.Bagewadi', 17, NULL, NULL, 1),
(3785, 'Jamkhandi', 17, NULL, NULL, 1),
(3786, 'Sindgi', 17, NULL, NULL, 1),
(3787, 'Muddebihal', 17, NULL, NULL, 1),
(3788, 'Jamakhandi', 17, NULL, NULL, 1),
(3789, 'Singi', 17, NULL, NULL, 1),
(3790, 'Basavana Bagevadi', 17, NULL, NULL, 1),
(3791, 'Chikodi', 17, NULL, NULL, 1),
(3792, 'B..Bagewadi', 17, NULL, NULL, 1),
(3793, 'B Bagewadi', 17, NULL, NULL, 1),
(3794, 'Hungund', 17, NULL, NULL, 1),
(3795, 'Hungund Taluk', 17, NULL, NULL, 1),
(3796, 'Jamkandi', 17, NULL, NULL, 1),
(3797, 'Jqamkhandi', 17, NULL, NULL, 1),
(3798, 'Gokak', 17, NULL, NULL, 1),
(3799, 'Bailhongal', 17, NULL, NULL, 1),
(3800, 'Sampgaon', 17, NULL, NULL, 1),
(3801, 'Saundatti', 17, NULL, NULL, 1),
(3802, 'Khanapur', 17, NULL, NULL, 1),
(3803, 'Hukeri', 17, NULL, NULL, 1),
(3804, 'Ramdurg', 17, NULL, NULL, 1),
(3805, 'Bailhogal', 17, NULL, NULL, 1),
(3806, 'Londa', 17, NULL, NULL, 1),
(3807, 'Parasgad', 17, NULL, NULL, 1),
(3808, 'Athani', 17, NULL, NULL, 1),
(3809, 'Athni', 17, NULL, NULL, 1),
(3810, 'Raibag', 17, NULL, NULL, 1),
(3811, 'Kerur', 17, NULL, NULL, 1),
(3812, 'Raybag', 17, NULL, NULL, 1),
(3813, 'Pondicherry', 35, NULL, NULL, 1),
(3814, 'Chennai', 35, NULL, NULL, 1),
(3815, 'Chennai City North', 35, NULL, NULL, 1),
(3816, 'Tondiarpet Fort St George', 35, NULL, NULL, 1),
(3817, 'Tondiarpet Fort St Goerge', 35, NULL, NULL, 1),
(3818, 'Perambur Purasawalkam', 35, NULL, NULL, 1),
(3819, 'Egmore Nungambakka', 35, NULL, NULL, 1),
(3820, 'Egmore Nungambakkam', 35, NULL, NULL, 1),
(3821, 'Chennai City Corporation', 35, NULL, NULL, 1),
(3822, 'Saidapet', 35, NULL, NULL, 1),
(3823, 'Sriperumbudur', 35, NULL, NULL, 1),
(3824, 'Ambattur', 35, NULL, NULL, 1),
(3825, 'Tambaram', 35, NULL, NULL, 1),
(3826, 'Egmore Nungambakkm', 35, NULL, NULL, 1),
(3827, 'Mylapore - Triplicane', 35, NULL, NULL, 1),
(3828, 'Chinglepet', 35, NULL, NULL, 1),
(3829, 'Vellore', 35, NULL, NULL, 1),
(3830, 'Ponneri', 35, NULL, NULL, 1),
(3831, 'Poonamallee', 35, NULL, NULL, 1),
(3832, 'Poonamalee', 35, NULL, NULL, 1),
(3833, 'Gummidipoondi', 35, NULL, NULL, 1),
(3834, 'Avadi', 35, NULL, NULL, 1),
(3835, 'Viluppuram', 35, NULL, NULL, 1),
(3836, 'Perambur Purawalkam', 35, NULL, NULL, 1),
(3837, 'Chennai City South', 35, NULL, NULL, 1),
(3838, 'Maduravoyal', 35, NULL, NULL, 1),
(3839, 'Chennai Corporation', 35, NULL, NULL, 1),
(3840, 'Tiruvallur', 35, NULL, NULL, 1),
(3841, 'Mambalam', 35, NULL, NULL, 1),
(3842, 'Kancheepuram', 35, NULL, NULL, 1),
(3843, 'Chennai City', 35, NULL, NULL, 1),
(3844, 'Chengalpattu', 35, NULL, NULL, 1),
(3845, 'Sholinganallur', 35, NULL, NULL, 1),
(3846, 'Tiruporur', 35, NULL, NULL, 1),
(3847, 'Kanchipuram', 35, NULL, NULL, 1),
(3848, 'Uttukottai', 35, NULL, NULL, 1),
(3849, 'Gummidipundi', 35, NULL, NULL, 1),
(3850, 'Gummidipundii', 35, NULL, NULL, 1),
(3851, 'Gummidpundi', 35, NULL, NULL, 1),
(3852, 'Thiruvallur', 35, NULL, NULL, 1),
(3853, 'Tiurvallur', 35, NULL, NULL, 1),
(3854, 'Uthukkottai', 35, NULL, NULL, 1),
(3855, 'Palavakkam', 35, NULL, NULL, 1),
(3856, 'Mangadu', 35, NULL, NULL, 1),
(3857, 'Porur', 35, NULL, NULL, 1),
(3858, 'Tirukalikundram', 35, NULL, NULL, 1),
(3859, 'Tirukalukundram', 35, NULL, NULL, 1),
(3860, 'Tiruklalikundram', 35, NULL, NULL, 1),
(3861, 'Chingleput', 35, NULL, NULL, 1),
(3862, 'Tirukalilkundram', 35, NULL, NULL, 1),
(3863, 'Uthiramerur', 35, NULL, NULL, 1),
(3864, 'Uttiramerur', 35, NULL, NULL, 1),
(3865, 'Maduranthakam', 35, NULL, NULL, 1),
(3866, 'Utiramerur', 35, NULL, NULL, 1),
(3867, 'Chengalpattu Taluk', 35, NULL, NULL, 1),
(3868, 'Sembakkam', 35, NULL, NULL, 1),
(3869, 'Tirulkalikundram', 35, NULL, NULL, 1),
(3870, 'Tirukalikundram`', 35, NULL, NULL, 1),
(3871, 'Chingelpet', 35, NULL, NULL, 1),
(3872, 'Madurantakam', 35, NULL, NULL, 1),
(3873, 'Chengalplattu', 35, NULL, NULL, 1),
(3874, 'Chengallpattu', 35, NULL, NULL, 1),
(3875, 'Chengalpatatu', 35, NULL, NULL, 1),
(3876, 'Sriperubudur Taluk', 35, NULL, NULL, 1),
(3877, 'Cheyur', 35, NULL, NULL, 1),
(3878, 'Cheyyur', 35, NULL, NULL, 1),
(3879, 'Tindivanam', 35, NULL, NULL, 1),
(3880, 'Vanur', 35, NULL, NULL, 1),
(3881, 'Gingee', 35, NULL, NULL, 1),
(3882, 'Tindivaman', 35, NULL, NULL, 1),
(3883, 'Velur', 35, NULL, NULL, 1),
(3884, 'Tindvanam', 35, NULL, NULL, 1),
(3885, 'Karur', 35, NULL, NULL, 1),
(3886, 'Tiruvannamalai', 35, NULL, NULL, 1),
(3887, 'Vandavasi', 35, NULL, NULL, 1),
(3888, 'Cuddalore', 35, NULL, NULL, 1),
(3889, 'Desur', 35, NULL, NULL, 1),
(3890, 'Kilpennathur', 35, NULL, NULL, 1),
(3891, 'Villupuram', 35, NULL, NULL, 1),
(3892, 'Pondichery', 35, NULL, NULL, 1),
(3893, 'Kottakuppam', 35, NULL, NULL, 1),
(3894, 'Nettapakkam Commune Panchayat', 35, NULL, NULL, 1),
(3895, 'Villianur Commune Panchayat', 35, NULL, NULL, 1),
(3896, 'Villupurm', 35, NULL, NULL, 1),
(3897, 'Vikravandi', 35, NULL, NULL, 1),
(3898, 'Tirukkoyilur', 35, NULL, NULL, 1),
(3899, 'Sankarapuram', 35, NULL, NULL, 1),
(3900, 'Ariyur', 35, NULL, NULL, 1),
(3901, 'Arakandanallur', 35, NULL, NULL, 1),
(3902, 'Manalurpet', 35, NULL, NULL, 1),
(3903, 'Vriddhachalam', 35, NULL, NULL, 1),
(3904, 'Kadambur', 35, NULL, NULL, 1),
(3905, 'Virudhachalam', 35, NULL, NULL, 1),
(3906, 'Ulundurpet', 35, NULL, NULL, 1),
(3907, 'Ulundurpettai', 35, NULL, NULL, 1),
(3908, 'Tittagudi', 35, NULL, NULL, 1),
(3909, 'Tittakudi', 35, NULL, NULL, 1),
(3910, 'Pennadam', 35, NULL, NULL, 1),
(3911, 'Chinnasalem', 35, NULL, NULL, 1),
(3912, 'Kallakurichi', 35, NULL, NULL, 1),
(3913, 'Kallakkurichi', 35, NULL, NULL, 1),
(3914, 'Sankapuram', 35, NULL, NULL, 1),
(3915, 'Nallur', 35, NULL, NULL, 1),
(3916, 'Chengam', 35, NULL, NULL, 1),
(3917, 'Mangalam', 35, NULL, NULL, 1),
(3918, 'Vettavalam', 35, NULL, NULL, 1),
(3919, 'Polur', 35, NULL, NULL, 1),
(3920, 'Kalambur', 35, NULL, NULL, 1),
(3921, 'Panruti', 35, NULL, NULL, 1),
(3922, 'Nellikuppam', 35, NULL, NULL, 1),
(3923, 'Neyveli', 35, NULL, NULL, 1),
(3924, 'Chidambaram', 35, NULL, NULL, 1),
(3925, 'Kattumannarkoil', 35, NULL, NULL, 1),
(3926, 'Lalpet', 35, NULL, NULL, 1),
(3927, 'Chidabamram', 35, NULL, NULL, 1),
(3928, 'Parangipettai', 35, NULL, NULL, 1),
(3929, 'Bhuvanagiri', 35, NULL, NULL, 1),
(3930, 'Kattmannarkoil', 35, NULL, NULL, 1),
(3931, 'Kattumanarkoil', 35, NULL, NULL, 1),
(3932, 'Kattumannarkioil', 35, NULL, NULL, 1),
(3933, 'Kattummannarkoil', 35, NULL, NULL, 1),
(3934, 'Srimushnam', 35, NULL, NULL, 1),
(3935, 'Alapakkam', 35, NULL, NULL, 1),
(3936, 'Jayamkondacholapuram', 35, NULL, NULL, 1),
(3937, 'Udayarpalayam', 35, NULL, NULL, 1),
(3938, 'Mayiladuthurai', 35, NULL, NULL, 1),
(3939, 'Thanjavur', 35, NULL, NULL, 1),
(3940, 'Sirkali', 35, NULL, NULL, 1),
(3941, 'Tharangambadi', 35, NULL, NULL, 1),
(3942, 'Sirkali Tk', 35, NULL, NULL, 1),
(3943, 'Nagapattinam', 35, NULL, NULL, 1),
(3944, 'Mayiaduthurai', 35, NULL, NULL, 1),
(3945, 'Tirupanandal', 35, NULL, NULL, 1),
(3946, 'Tarangambadi', 35, NULL, NULL, 1),
(3947, 'Tharangampadi', 35, NULL, NULL, 1),
(3948, 'Nannilam', 35, NULL, NULL, 1),
(3949, 'Kodavasal', 35, NULL, NULL, 1),
(3950, 'Karaikal', 35, NULL, NULL, 1),
(3951, 'Thirunallar Commune Panchayat', 35, NULL, NULL, 1),
(3952, 'Nedungadu Commune Panchayat', 35, NULL, NULL, 1),
(3953, 'Neravy Commune Panchayat', 35, NULL, NULL, 1),
(3954, 'Thirumalairayan Pattinam Commu', 35, NULL, NULL, 1),
(3955, 'Kottucherry Commune Panchayat', 35, NULL, NULL, 1),
(3956, 'Kumbakonam', 35, NULL, NULL, 1),
(3957, 'Kuttalam', 35, NULL, NULL, 1),
(3958, 'Tiruvidamarudur', 35, NULL, NULL, 1),
(3959, 'Thiruvidaimarudur', 35, NULL, NULL, 1),
(3960, 'Thiruvarur', 35, NULL, NULL, 1),
(3961, 'Tiruvarur', 35, NULL, NULL, 1),
(3962, 'Mannarkudi', 35, NULL, NULL, 1),
(3963, 'Needamangalam', 35, NULL, NULL, 1),
(3964, 'Kilvelur', 35, NULL, NULL, 1),
(3965, 'Thirukkuvalai', 35, NULL, NULL, 1),
(3966, 'Tirukkuvalai', 35, NULL, NULL, 1),
(3967, 'Tiruturaipundi', 35, NULL, NULL, 1),
(3968, 'Tiruturipundi', 35, NULL, NULL, 1),
(3969, 'Tirukuvalai', 35, NULL, NULL, 1),
(3970, 'Mannargudi', 35, NULL, NULL, 1),
(3971, 'Thiruthuraipoondi', 35, NULL, NULL, 1),
(3972, 'Nidamangalam', 35, NULL, NULL, 1),
(3973, 'Tiurkuvalai', 35, NULL, NULL, 1),
(3974, 'Manali', 35, NULL, NULL, 1),
(3975, 'Vedaraniam', 35, NULL, NULL, 1),
(3976, 'Vedaranyam', 35, NULL, NULL, 1),
(3977, 'Papanasam', 35, NULL, NULL, 1),
(3978, 'Valangaiman', 35, NULL, NULL, 1),
(3979, 'Tiruppanandal', 35, NULL, NULL, 1),
(3980, 'Tiruvidaimarudur', 35, NULL, NULL, 1),
(3981, 'Kodavasla', 35, NULL, NULL, 1),
(3982, 'Valangaman', 35, NULL, NULL, 1),
(3983, 'Ariyalur', 35, NULL, NULL, 1),
(3984, 'Thiruvaiyaru', 35, NULL, NULL, 1),
(3985, 'Gandarvakkottai', 35, NULL, NULL, 1),
(3986, 'Gandarvakotai', 35, NULL, NULL, 1),
(3987, 'Gandarvakottai', 35, NULL, NULL, 1),
(3988, 'Koradacherry', 35, NULL, NULL, 1),
(3989, 'Pattukottai', 35, NULL, NULL, 1),
(3990, 'Orattanad', 35, NULL, NULL, 1),
(3991, 'Peraiyur', 35, NULL, NULL, 1),
(3992, 'Coimbatore', 35, NULL, NULL, 1),
(3993, 'Pattukkottai', 35, NULL, NULL, 1),
(3994, 'Peravurani', 35, NULL, NULL, 1),
(3995, 'Peravurni', 35, NULL, NULL, 1),
(3996, 'Patukottai', 35, NULL, NULL, 1),
(3997, 'Orathanadu', 35, NULL, NULL, 1),
(3998, 'Arantangi', 35, NULL, NULL, 1),
(3999, 'Aranthangi', 35, NULL, NULL, 1),
(4000, 'Aratangi', 35, NULL, NULL, 1),
(4001, 'Manamelkudi', 35, NULL, NULL, 1),
(4002, 'Avadaiyarkoil', 35, NULL, NULL, 1),
(4003, 'Avudayarkoil', 35, NULL, NULL, 1),
(4004, 'Alangudi', 35, NULL, NULL, 1),
(4005, 'Aranangi', 35, NULL, NULL, 1),
(4006, 'Vedarniam', 35, NULL, NULL, 1),
(4007, 'Tiruchirappalli', 35, NULL, NULL, 1),
(4008, 'Srirangam', 35, NULL, NULL, 1),
(4009, 'Thuraiyur', 35, NULL, NULL, 1);
INSERT INTO `cities` (`id`, `name`, `state_id`, `created`, `modified`, `status`) VALUES
(4010, 'Turaiyur', 35, NULL, NULL, 1),
(4011, 'Musiri', 35, NULL, NULL, 1),
(4012, 'Manachanalloor', 35, NULL, NULL, 1),
(4013, 'Manachanallur', 35, NULL, NULL, 1),
(4014, 'Thottiam', 35, NULL, NULL, 1),
(4015, 'Perambalur', 35, NULL, NULL, 1),
(4016, 'Veppanthattai', 35, NULL, NULL, 1),
(4017, 'Kunnam', 35, NULL, NULL, 1),
(4018, 'Lalgudi', 35, NULL, NULL, 1),
(4019, 'Trichy', 35, NULL, NULL, 1),
(4020, 'Thottiyam', 35, NULL, NULL, 1),
(4021, 'Kulithalai', 35, NULL, NULL, 1),
(4022, 'Kulittalai', 35, NULL, NULL, 1),
(4023, 'Manaparai', 35, NULL, NULL, 1),
(4024, 'Manapparai', 35, NULL, NULL, 1),
(4025, 'Illupur', 35, NULL, NULL, 1),
(4026, 'Thirumayam', 35, NULL, NULL, 1),
(4027, 'Tiruppathur', 35, NULL, NULL, 1),
(4028, 'Illuppur', 35, NULL, NULL, 1),
(4029, 'Iluppur', 35, NULL, NULL, 1),
(4030, 'Kulathur', 35, NULL, NULL, 1),
(4031, 'Sendurai', 35, NULL, NULL, 1),
(4032, 'Tiruchirapalli', 35, NULL, NULL, 1),
(4033, 'Jayamkondcholapuram', 35, NULL, NULL, 1),
(4034, 'Jayamkondocholapuram', 35, NULL, NULL, 1),
(4035, 'Pudukkottai', 35, NULL, NULL, 1),
(4036, 'Pudukkottai--', 35, NULL, NULL, 1),
(4037, 'Pudukottai', 35, NULL, NULL, 1),
(4038, 'Annavasal', 35, NULL, NULL, 1),
(4039, 'Tirumayam', 35, NULL, NULL, 1),
(4040, 'Tirumayaaam', 35, NULL, NULL, 1),
(4041, 'Nerkuppai', 35, NULL, NULL, 1),
(4042, 'Tirumayaam', 35, NULL, NULL, 1),
(4043, 'Sivaganga', 35, NULL, NULL, 1),
(4044, 'Kanadukathan', 35, NULL, NULL, 1),
(4045, 'Kandanur', 35, NULL, NULL, 1),
(4046, 'Kottaiyur', 35, NULL, NULL, 1),
(4047, 'Pallathur', 35, NULL, NULL, 1),
(4048, 'Kamudhi', 35, NULL, NULL, 1),
(4049, 'Kamuthi', 35, NULL, NULL, 1),
(4050, 'Kadaladi', 35, NULL, NULL, 1),
(4051, 'Tiruvadanai', 35, NULL, NULL, 1),
(4052, 'Devakottai', 35, NULL, NULL, 1),
(4053, 'Ramanathapuram', 35, NULL, NULL, 1),
(4054, 'Rameswaram', 35, NULL, NULL, 1),
(4055, 'Paramakudi', 35, NULL, NULL, 1),
(4056, 'Nattarasankottai', 35, NULL, NULL, 1),
(4057, 'Kamudi', 35, NULL, NULL, 1),
(4058, 'Mudukulathur', 35, NULL, NULL, 1),
(4059, 'Dindigul', 35, NULL, NULL, 1),
(4060, 'Vedasandur', 35, NULL, NULL, 1),
(4061, 'Kodaikanal', 35, NULL, NULL, 1),
(4062, 'Nilakkottai', 35, NULL, NULL, 1),
(4063, 'Nilakottai', 35, NULL, NULL, 1),
(4064, 'Vadipatti', 35, NULL, NULL, 1),
(4065, 'Sevugampatti', 35, NULL, NULL, 1),
(4066, 'Pallapatti', 35, NULL, NULL, 1),
(4067, 'Natham', 35, NULL, NULL, 1),
(4068, 'Madurai', 35, NULL, NULL, 1),
(4069, 'Singampuneri', 35, NULL, NULL, 1),
(4070, 'Palani', 35, NULL, NULL, 1),
(4071, 'Erode', 35, NULL, NULL, 1),
(4072, 'Oddanchatram', 35, NULL, NULL, 1),
(4073, 'Madurai South', 35, NULL, NULL, 1),
(4074, 'Madurai North', 35, NULL, NULL, 1),
(4075, 'Tirumangalam', 35, NULL, NULL, 1),
(4076, 'Melur', 35, NULL, NULL, 1),
(4077, 'Periyakulam', 35, NULL, NULL, 1),
(4078, 'Thirumangalam', 35, NULL, NULL, 1),
(4079, 'Paravai', 35, NULL, NULL, 1),
(4080, 'Andipatti', 35, NULL, NULL, 1),
(4081, 'Aundipatti', 35, NULL, NULL, 1),
(4082, 'Bodinayakanur', 35, NULL, NULL, 1),
(4083, 'Usilampatti', 35, NULL, NULL, 1),
(4084, 'Theni', 35, NULL, NULL, 1),
(4085, 'Uthamapalayam', 35, NULL, NULL, 1),
(4086, 'Tirumangalam Taluk', 35, NULL, NULL, 1),
(4087, 'Virudhunagar', 35, NULL, NULL, 1),
(4088, 'Vriudhunagar', 35, NULL, NULL, 1),
(4089, 'Aruppukkottai', 35, NULL, NULL, 1),
(4090, 'Aruppukottai', 35, NULL, NULL, 1),
(4091, 'Rajapalayam', 35, NULL, NULL, 1),
(4092, 'Sattur', 35, NULL, NULL, 1),
(4093, 'Srivilliputtur', 35, NULL, NULL, 1),
(4094, 'Sivakasi', 35, NULL, NULL, 1),
(4095, 'Kariapatti', 35, NULL, NULL, 1),
(4096, 'Srivilliputhur', 35, NULL, NULL, 1),
(4097, 'Tiruchuli', 35, NULL, NULL, 1),
(4098, 'Ettayapuram', 35, NULL, NULL, 1),
(4099, 'Chinnamanur', 35, NULL, NULL, 1),
(4100, 'Highways', 35, NULL, NULL, 1),
(4101, 'Kamayagoundanpatti', 35, NULL, NULL, 1),
(4102, 'Kombai', 35, NULL, NULL, 1),
(4103, 'Pannaipuram', 35, NULL, NULL, 1),
(4104, 'Kovilpatti', 35, NULL, NULL, 1),
(4105, 'Pudupatti', 35, NULL, NULL, 1),
(4106, 'Narasingapuram', 35, NULL, NULL, 1),
(4107, 'Devadanapatti', 35, NULL, NULL, 1),
(4108, 'Tirunelveli', 35, NULL, NULL, 1),
(4109, 'Palayamkottai', 35, NULL, NULL, 1),
(4110, 'Palayankottai', 35, NULL, NULL, 1),
(4111, 'Nanguneri', 35, NULL, NULL, 1),
(4112, 'Radhapuram', 35, NULL, NULL, 1),
(4113, 'Ambasamudram', 35, NULL, NULL, 1),
(4114, 'Nenguneri', 35, NULL, NULL, 1),
(4115, 'Thoothukkudi', 35, NULL, NULL, 1),
(4116, 'Tirunelvel;I', 35, NULL, NULL, 1),
(4117, 'Alangulam', 35, NULL, NULL, 1),
(4118, 'Mettur', 35, NULL, NULL, 1),
(4119, 'Sankarankovil', 35, NULL, NULL, 1),
(4120, 'Sankarankoil', 35, NULL, NULL, 1),
(4121, 'Tenkasi', 35, NULL, NULL, 1),
(4122, 'Kalugumalai', 35, NULL, NULL, 1),
(4123, 'Sivagiri', 35, NULL, NULL, 1),
(4124, 'Sivigiri', 35, NULL, NULL, 1),
(4125, 'Sengottai', 35, NULL, NULL, 1),
(4126, 'Shenkottai', 35, NULL, NULL, 1),
(4127, 'Virakeralampudur', 35, NULL, NULL, 1),
(4128, 'Virakerlamapudur', 35, NULL, NULL, 1),
(4129, 'Veerapandi', 35, NULL, NULL, 1),
(4130, 'Vilathikulam', 35, NULL, NULL, 1),
(4131, 'Tuticorin', 35, NULL, NULL, 1),
(4132, 'Srivaikuntam', 35, NULL, NULL, 1),
(4133, 'Tiruchendur', 35, NULL, NULL, 1),
(4134, 'Otapidaram', 35, NULL, NULL, 1),
(4135, 'Ottapidaram', 35, NULL, NULL, 1),
(4136, 'Kanam', 35, NULL, NULL, 1),
(4137, 'Pallipattu', 35, NULL, NULL, 1),
(4138, 'Ottapidaam', 35, NULL, NULL, 1),
(4139, 'Satankulam', 35, NULL, NULL, 1),
(4140, 'Rivaikuntam', 35, NULL, NULL, 1),
(4141, 'Sathankulam', 35, NULL, NULL, 1),
(4142, 'Vilathikulam (Kol)', 35, NULL, NULL, 1),
(4143, 'Vilathikulam ( Kol)', 35, NULL, NULL, 1),
(4144, 'Agastheeswaram', 35, NULL, NULL, 1),
(4145, 'Kanyakumari', 35, NULL, NULL, 1),
(4146, 'Vilavancode', 35, NULL, NULL, 1),
(4147, 'Kalkulam', 35, NULL, NULL, 1),
(4148, 'Thovala', 35, NULL, NULL, 1),
(4149, 'Kanniyakumari', 35, NULL, NULL, 1),
(4150, 'Killiyur', 35, NULL, NULL, 1),
(4151, 'Thovalai', 35, NULL, NULL, 1),
(4152, 'Agasteeswaram', 35, NULL, NULL, 1),
(4153, 'Kulasekarapuram', 35, NULL, NULL, 1),
(4154, 'Karaikudi', 35, NULL, NULL, 1),
(4155, 'Karaikudi-Sakkottai Block', 35, NULL, NULL, 1),
(4156, 'Karaikudi -Sakkottai Block', 35, NULL, NULL, 1),
(4157, 'Karaikudi--Sakkottai Block', 35, NULL, NULL, 1),
(4158, 'Karaikkudi', 35, NULL, NULL, 1),
(4159, 'Karaikudi-Sakkottaiblock', 35, NULL, NULL, 1),
(4160, 'Tiruppattur', 35, NULL, NULL, 1),
(4161, 'Tirupattur', 35, NULL, NULL, 1),
(4162, 'Tirupathur', 35, NULL, NULL, 1),
(4163, 'Karaikudi-Kallal Block', 35, NULL, NULL, 1),
(4164, 'Tiruppattur- Kallal Block', 35, NULL, NULL, 1),
(4165, 'Karaikudi -Kallal Block', 35, NULL, NULL, 1),
(4166, 'Karaikudi-Kallalblock', 35, NULL, NULL, 1),
(4167, 'Tiruppattur-', 35, NULL, NULL, 1),
(4168, 'Tiruppattur-Singampunari Block', 35, NULL, NULL, 1),
(4169, 'Tiruppattur-Singampunariblock', 35, NULL, NULL, 1),
(4170, 'Tiruppattur -Singsmpunariblock', 35, NULL, NULL, 1),
(4171, 'Tiruppattur-Singamounariblock', 35, NULL, NULL, 1),
(4172, 'Singampunari Block', 35, NULL, NULL, 1),
(4173, 'Tirppattur-Singamounari Block', 35, NULL, NULL, 1),
(4174, 'Manamadurai', 35, NULL, NULL, 1),
(4175, 'Ilayangudi', 35, NULL, NULL, 1),
(4176, 'Panapakkam', 35, NULL, NULL, 1),
(4177, 'Tirutani', 35, NULL, NULL, 1),
(4178, 'Tiruttani', 35, NULL, NULL, 1),
(4179, 'Pallipat', 35, NULL, NULL, 1),
(4180, 'Trutani', 35, NULL, NULL, 1),
(4181, 'Sriperubudur', 35, NULL, NULL, 1),
(4182, 'Dusi', 35, NULL, NULL, 1),
(4183, 'Thorapadi', 35, NULL, NULL, 1),
(4184, 'Katpadi', 35, NULL, NULL, 1),
(4185, 'Shenbakkam', 35, NULL, NULL, 1),
(4186, 'Pennathur', 35, NULL, NULL, 1),
(4187, 'Konavattam', 35, NULL, NULL, 1),
(4188, 'Vadugapatti', 35, NULL, NULL, 1),
(4189, 'Kannamangalam', 35, NULL, NULL, 1),
(4190, 'Ammoor', 35, NULL, NULL, 1),
(4191, 'Kalavai', 35, NULL, NULL, 1),
(4192, 'Timiri', 35, NULL, NULL, 1),
(4193, 'Walajapet', 35, NULL, NULL, 1),
(4194, 'Vilapakkam', 35, NULL, NULL, 1),
(4195, 'Chennasamudram', 35, NULL, NULL, 1),
(4196, 'Dharmapuri', 35, NULL, NULL, 1),
(4197, 'Krishnagiri', 35, NULL, NULL, 1),
(4198, 'Hosur', 35, NULL, NULL, 1),
(4199, 'Kambainallur', 35, NULL, NULL, 1),
(4200, 'Kadathur', 35, NULL, NULL, 1),
(4201, 'Alangayam', 35, NULL, NULL, 1),
(4202, 'Vaniyambadi', 35, NULL, NULL, 1),
(4203, 'Ambur', 35, NULL, NULL, 1),
(4204, 'Pallikonda', 35, NULL, NULL, 1),
(4205, 'Thuthipattu', 35, NULL, NULL, 1),
(4206, 'Salem', 35, NULL, NULL, 1),
(4207, 'Kannankurichi', 35, NULL, NULL, 1),
(4208, 'Kondalampatti', 35, NULL, NULL, 1),
(4209, 'Attur', 35, NULL, NULL, 1),
(4210, 'Gangavalli', 35, NULL, NULL, 1),
(4211, 'Thammampatti', 35, NULL, NULL, 1),
(4212, 'Kolathur', 35, NULL, NULL, 1),
(4213, 'Mecheri', 35, NULL, NULL, 1),
(4214, 'Nangavalli', 35, NULL, NULL, 1),
(4215, 'Omalur', 35, NULL, NULL, 1),
(4216, 'Tharamangalam', 35, NULL, NULL, 1),
(4217, 'Harur', 35, NULL, NULL, 1),
(4218, 'Marandahalli', 35, NULL, NULL, 1),
(4219, 'Pennagaram', 35, NULL, NULL, 1),
(4220, 'Pappireddipatti', 35, NULL, NULL, 1),
(4221, 'Mohanur', 35, NULL, NULL, 1),
(4222, 'Konganapuram', 35, NULL, NULL, 1),
(4223, 'Poolampatti', 35, NULL, NULL, 1),
(4224, 'Padaiveedu', 35, NULL, NULL, 1),
(4225, 'Kalappanaickenpatti', 35, NULL, NULL, 1),
(4226, 'Namakkal', 35, NULL, NULL, 1),
(4227, 'Rasipuram', 35, NULL, NULL, 1),
(4228, 'Attayampatti', 35, NULL, NULL, 1),
(4229, 'Mallasamudram', 35, NULL, NULL, 1),
(4230, 'Kaniyur', 35, NULL, NULL, 1),
(4231, 'Komaralingam', 35, NULL, NULL, 1),
(4232, 'Avanashi', 35, NULL, NULL, 1),
(4233, 'Palladam', 35, NULL, NULL, 1),
(4234, 'Aravakurichi', 35, NULL, NULL, 1),
(4235, 'Krishnarayapuram', 35, NULL, NULL, 1),
(4236, 'Kirishnarayapuram', 35, NULL, NULL, 1),
(4237, 'Kuniyamuthur', 35, NULL, NULL, 1),
(4238, 'Kurudampalayam', 35, NULL, NULL, 1),
(4239, 'Othakalmandapam', 35, NULL, NULL, 1),
(4240, 'Kalapatti', 35, NULL, NULL, 1),
(4241, 'Irugur', 35, NULL, NULL, 1),
(4242, 'Karamadai', 35, NULL, NULL, 1),
(4243, 'Madukkarai', 35, NULL, NULL, 1),
(4244, 'Vellalur', 35, NULL, NULL, 1),
(4245, 'Chettipalayam', 35, NULL, NULL, 1),
(4246, 'Kannampalayam', 35, NULL, NULL, 1),
(4247, 'Pollachi', 35, NULL, NULL, 1),
(4248, 'Kinathukadavu', 35, NULL, NULL, 1),
(4249, 'Kovilpalayam', 35, NULL, NULL, 1),
(4250, 'Madathukulam', 35, NULL, NULL, 1),
(4251, 'Samathur', 35, NULL, NULL, 1),
(4252, 'Valparai', 35, NULL, NULL, 1),
(4253, 'Vettaikaranpudur', 35, NULL, NULL, 1),
(4254, 'Kannur', 19, NULL, NULL, 1),
(4255, 'Cannanore (Kannur)', 19, NULL, NULL, 1),
(4256, 'Thalassery', 19, NULL, NULL, 1),
(4257, 'Thalasery', 19, NULL, NULL, 1),
(4258, 'Taliparamba', 19, NULL, NULL, 1),
(4259, 'Cannanore', 19, NULL, NULL, 1),
(4260, 'Taliaparamba', 19, NULL, NULL, 1),
(4261, 'Hosdurg', 19, NULL, NULL, 1),
(4262, 'Mananthavady', 19, NULL, NULL, 1),
(4263, 'Vythiri', 19, NULL, NULL, 1),
(4264, 'Manantahvady', 19, NULL, NULL, 1),
(4265, 'Thalasseery', 19, NULL, NULL, 1),
(4266, 'Sulthanbathery', 19, NULL, NULL, 1),
(4267, 'Wayanad', 19, NULL, NULL, 1),
(4268, 'Kasaragod', 19, NULL, NULL, 1),
(4269, 'Kasargode', 19, NULL, NULL, 1),
(4270, 'Kozhikode', 19, NULL, NULL, 1),
(4271, 'Calicut', 19, NULL, NULL, 1),
(4272, 'Olavanna', 19, NULL, NULL, 1),
(4273, 'Vadakara', 19, NULL, NULL, 1),
(4274, 'Vythiti', 19, NULL, NULL, 1),
(4275, 'Quilandy', 19, NULL, NULL, 1),
(4276, 'Koyilandi', 19, NULL, NULL, 1),
(4277, 'Tirurangadi', 19, NULL, NULL, 1),
(4278, 'Koyilani', 19, NULL, NULL, 1),
(4279, 'Sulthan Batheri', 19, NULL, NULL, 1),
(4280, 'Sulthan Bathery', 19, NULL, NULL, 1),
(4281, 'Ernad', 19, NULL, NULL, 1),
(4282, 'Eranad', 19, NULL, NULL, 1),
(4283, 'Malapuram', 19, NULL, NULL, 1),
(4284, 'Tirur', 19, NULL, NULL, 1),
(4285, 'Manjeri', 19, NULL, NULL, 1),
(4286, 'Nilambur', 19, NULL, NULL, 1),
(4287, '#N/A', 19, NULL, NULL, 1),
(4288, 'Perintalmanna', 19, NULL, NULL, 1),
(4289, 'Perinthalmanna', 19, NULL, NULL, 1),
(4290, 'Palakkad', 19, NULL, NULL, 1),
(4291, 'Thrissur', 19, NULL, NULL, 1),
(4292, 'Chittur', 19, NULL, NULL, 1),
(4293, 'Alatur', 19, NULL, NULL, 1),
(4294, 'Alathur', 19, NULL, NULL, 1),
(4295, 'Mannarkad', 19, NULL, NULL, 1),
(4296, 'Mannarkkad', 19, NULL, NULL, 1),
(4297, 'Ottapalam', 19, NULL, NULL, 1),
(4298, 'Mannarkad Q', 19, NULL, NULL, 1),
(4299, 'Ottappalam', 19, NULL, NULL, 1),
(4300, 'Thalapilly', 19, NULL, NULL, 1),
(4301, 'Talappilly', 19, NULL, NULL, 1),
(4302, 'Ottpalam', 19, NULL, NULL, 1),
(4303, 'Ottapalam.', 19, NULL, NULL, 1),
(4304, 'Chavakkad', 19, NULL, NULL, 1),
(4305, 'Ponani', 19, NULL, NULL, 1),
(4306, 'Ponnani', 19, NULL, NULL, 1),
(4307, 'Trichur', 19, NULL, NULL, 1),
(4308, 'Mukundapuram', 19, NULL, NULL, 1),
(4309, 'Mukundapuram Taluk', 19, NULL, NULL, 1),
(4310, 'Kodungallur', 19, NULL, NULL, 1),
(4311, 'Irinjalakuda', 19, NULL, NULL, 1),
(4312, 'Paravur', 19, NULL, NULL, 1),
(4313, 'Mi\\Ukundapuram', 19, NULL, NULL, 1),
(4314, 'Kochi', 19, NULL, NULL, 1),
(4315, 'Ernakulam', 19, NULL, NULL, 1),
(4316, 'Kanayannur', 19, NULL, NULL, 1),
(4317, 'Kunnathunad', 19, NULL, NULL, 1),
(4318, 'Kunnathunadu', 19, NULL, NULL, 1),
(4319, 'Muvattupuzha', 19, NULL, NULL, 1),
(4320, 'Aluva', 19, NULL, NULL, 1),
(4321, 'Parur', 19, NULL, NULL, 1),
(4322, 'Iduki', 19, NULL, NULL, 1),
(4323, 'Peermade', 19, NULL, NULL, 1),
(4324, 'Peerumade', 19, NULL, NULL, 1),
(4325, 'Udumbanchola', 19, NULL, NULL, 1),
(4326, 'Ranni', 19, NULL, NULL, 1),
(4327, 'Idukki', 19, NULL, NULL, 1),
(4328, 'Devikulam', 19, NULL, NULL, 1),
(4329, 'Thodupuzha', 19, NULL, NULL, 1),
(4330, 'Kottayam', 19, NULL, NULL, 1),
(4331, 'Perumbaikad', 19, NULL, NULL, 1),
(4332, 'Changanacherry', 19, NULL, NULL, 1),
(4333, 'Changanassery', 19, NULL, NULL, 1),
(4334, 'Kuttanad', 19, NULL, NULL, 1),
(4335, 'Kuttanadu', 19, NULL, NULL, 1),
(4336, 'Meenachil', 19, NULL, NULL, 1),
(4337, 'Vaikom', 19, NULL, NULL, 1),
(4338, 'Voikom', 19, NULL, NULL, 1),
(4339, 'Kanjirapally', 19, NULL, NULL, 1),
(4340, 'Kanjirappally', 19, NULL, NULL, 1),
(4341, 'Mallappally', 19, NULL, NULL, 1),
(4342, 'Kothamangalam', 19, NULL, NULL, 1),
(4343, 'Ambalapuzha', 19, NULL, NULL, 1),
(4344, 'Ambalapuha', 19, NULL, NULL, 1),
(4345, 'Ambalappuzha', 19, NULL, NULL, 1),
(4346, 'Ambalapuzh A', 19, NULL, NULL, 1),
(4347, 'Alappuzha', 19, NULL, NULL, 1),
(4348, 'Cherthala', 19, NULL, NULL, 1),
(4349, 'Cherthla', 19, NULL, NULL, 1),
(4350, 'Mararikulam', 19, NULL, NULL, 1),
(4351, 'Thiruvalla', 19, NULL, NULL, 1),
(4352, 'Tiruvalla', 19, NULL, NULL, 1),
(4353, 'Chengannur', 19, NULL, NULL, 1),
(4354, 'Pathanamthitta', 19, NULL, NULL, 1),
(4355, 'Kozhenchery', 19, NULL, NULL, 1),
(4356, 'Adoor', 19, NULL, NULL, 1),
(4357, 'Adur', 19, NULL, NULL, 1),
(4358, 'Kozhencherry', 19, NULL, NULL, 1),
(4359, 'Mavelikkara', 19, NULL, NULL, 1),
(4360, 'Mavelikara', 19, NULL, NULL, 1),
(4361, 'Kozhencherri', 19, NULL, NULL, 1),
(4362, 'Ranny', 19, NULL, NULL, 1),
(4363, 'Pathanapuram', 19, NULL, NULL, 1),
(4364, 'Kollam', 19, NULL, NULL, 1),
(4365, 'Karthikappally', 19, NULL, NULL, 1),
(4366, 'Karunagappaly', 19, NULL, NULL, 1),
(4367, 'Karunagapally', 19, NULL, NULL, 1),
(4368, 'Karunagappally', 19, NULL, NULL, 1),
(4369, 'Kunnathur', 19, NULL, NULL, 1),
(4370, 'Kottarakkara', 19, NULL, NULL, 1),
(4371, 'Kottarakara', 19, NULL, NULL, 1),
(4372, 'Kolllam', 19, NULL, NULL, 1),
(4373, 'Adichanallur', 19, NULL, NULL, 1),
(4374, 'Thiruvananthapuram', 19, NULL, NULL, 1),
(4375, 'Trivandrum', 19, NULL, NULL, 1),
(4376, 'Nedumangad', 19, NULL, NULL, 1),
(4377, 'Trivendrum', 19, NULL, NULL, 1),
(4378, 'Neyyattinkara', 19, NULL, NULL, 1),
(4379, 'Chirayinkeezhu', 19, NULL, NULL, 1),
(4380, 'Chirayinkeezh', 19, NULL, NULL, 1),
(4381, 'Chirayinkil', 19, NULL, NULL, 1),
(4382, 'Tiruvanathapuram', 19, NULL, NULL, 1),
(4383, 'NA', 19, NULL, NULL, 1),
(4384, 'Kolkata', 41, NULL, NULL, 1),
(4385, 'Amherst Street', 41, NULL, NULL, 1),
(4386, 'Parsibagan', 41, NULL, NULL, 1),
(4387, 'Beleghata', 41, NULL, NULL, 1),
(4388, 'Narkeldanga', 41, NULL, NULL, 1),
(4389, 'Sankaritola', 41, NULL, NULL, 1),
(4390, 'Sealdah', 41, NULL, NULL, 1),
(4391, 'Taltala', 41, NULL, NULL, 1),
(4392, 'Circus Avenue', 41, NULL, NULL, 1),
(4393, 'Park Circus', 41, NULL, NULL, 1),
(4394, 'Bediadanga', 41, NULL, NULL, 1),
(4395, 'Picnic Garden', 41, NULL, NULL, 1),
(4396, 'Tiljala', 41, NULL, NULL, 1),
(4397, 'Topsia', 41, NULL, NULL, 1),
(4398, 'A. C Lane', 41, NULL, NULL, 1),
(4399, '24 Pgs North', 41, NULL, NULL, 1),
(4400, 'Patipukur', 41, NULL, NULL, 1),
(4401, 'Sreebhumi', 41, NULL, NULL, 1),
(4402, 'Barrackpore', 41, NULL, NULL, 1),
(4403, 'North 24 Paraganas', 41, NULL, NULL, 1),
(4404, 'Kankurgachi', 41, NULL, NULL, 1),
(4405, 'Phulbagan', 41, NULL, NULL, 1),
(4406, 'Dum Dum Park', 41, NULL, NULL, 1),
(4407, 'Jessore Road', 41, NULL, NULL, 1),
(4408, 'North 24 Pgs', 41, NULL, NULL, 1),
(4409, 'Belgharia', 41, NULL, NULL, 1),
(4410, 'North 24 Parganas', 41, NULL, NULL, 1),
(4411, 'D B Nagar', 41, NULL, NULL, 1),
(4412, 'D B Nagr', 41, NULL, NULL, 1),
(4413, 'Sakltlake', 41, NULL, NULL, 1),
(4414, 'Saltlake', 41, NULL, NULL, 1),
(4415, 'Budge Budge - I', 41, NULL, NULL, 1),
(4416, 'South 24 Parganas', 41, NULL, NULL, 1),
(4417, 'Saltklake', 41, NULL, NULL, 1),
(4418, 'Vip Nagar', 41, NULL, NULL, 1),
(4419, 'Bishnupur - I', 41, NULL, NULL, 1),
(4420, 'Dhapa', 41, NULL, NULL, 1),
(4421, 'Barrackpur - I', 41, NULL, NULL, 1),
(4422, 'Titagarh]', 41, NULL, NULL, 1),
(4423, 'N.C.Pukur', 41, NULL, NULL, 1),
(4424, 'Barasat - I', 41, NULL, NULL, 1),
(4425, 'Kadambagachi', 41, NULL, NULL, 1),
(4426, 'Kamdevpur', 41, NULL, NULL, 1),
(4427, 'Khilkapur', 41, NULL, NULL, 1),
(4428, 'Mirhati', 41, NULL, NULL, 1),
(4429, 'Noapara', 41, NULL, NULL, 1),
(4430, 'Noapara Madhavpur', 41, NULL, NULL, 1),
(4431, 'Bodai', 41, NULL, NULL, 1),
(4432, 'Jagannathpur', 41, NULL, NULL, 1),
(4433, 'Malikapur', 41, NULL, NULL, 1),
(4434, 'Bhagyamantapur', 41, NULL, NULL, 1),
(4435, 'Kirtipur`', 41, NULL, NULL, 1),
(4436, 'Madanpur Krishnapur', 41, NULL, NULL, 1),
(4437, 'Mudiahat', 41, NULL, NULL, 1),
(4438, 'Barasat - Ii', 41, NULL, NULL, 1),
(4439, 'Barrackpur - Ii', 41, NULL, NULL, 1),
(4440, 'Habra - I', 41, NULL, NULL, 1),
(4441, 'Ganti', 41, NULL, NULL, 1),
(4442, 'Akandakeshari', 41, NULL, NULL, 1),
(4443, 'Bagu', 41, NULL, NULL, 1),
(4444, 'Bishnupur', 41, NULL, NULL, 1),
(4445, 'Hatisala', 41, NULL, NULL, 1),
(4446, 'Kadampukur', 41, NULL, NULL, 1),
(4447, 'Kamduni', 41, NULL, NULL, 1),
(4448, 'Kashinathpur', 41, NULL, NULL, 1),
(4449, 'Machibhanga', 41, NULL, NULL, 1),
(4450, 'Matiaghata', 41, NULL, NULL, 1),
(4451, 'Patharghata', 41, NULL, NULL, 1),
(4452, 'Pithapukuria', 41, NULL, NULL, 1),
(4453, 'Rajarhat', 41, NULL, NULL, 1),
(4454, 'Rohanda', 41, NULL, NULL, 1),
(4455, 'Satbhaya', 41, NULL, NULL, 1),
(4456, 'Shyamnagar', 41, NULL, NULL, 1),
(4457, 'Sikharpur', 41, NULL, NULL, 1),
(4458, 'Bhangar - Ii', 41, NULL, NULL, 1),
(4459, 'Urttar Kashipur', 41, NULL, NULL, 1),
(4460, 'Budge Budge', 41, NULL, NULL, 1),
(4461, 'Budge Budge - Ii', 41, NULL, NULL, 1),
(4462, 'Gosaba', 41, NULL, NULL, 1),
(4463, 'Thakurpukur Mahestola', 41, NULL, NULL, 1),
(4464, 'Baruipur', 41, NULL, NULL, 1),
(4465, 'Sonarpur', 41, NULL, NULL, 1),
(4466, 'Amdanga', 41, NULL, NULL, 1),
(4467, 'New Town', 41, NULL, NULL, 1),
(4468, 'Deshbandhunagar', 41, NULL, NULL, 1),
(4469, 'Bally Jagachha', 41, NULL, NULL, 1),
(4470, 'Domjur', 41, NULL, NULL, 1),
(4471, 'Sankrail', 41, NULL, NULL, 1),
(4472, 'Uluberia - I', 41, NULL, NULL, 1),
(4473, 'Uluberia - Ii', 41, NULL, NULL, 1),
(4474, 'Howrah', 41, NULL, NULL, 1),
(4475, 'Panchla', 41, NULL, NULL, 1),
(4476, 'Amta - Ii', 41, NULL, NULL, 1),
(4477, 'Jagatballavpur', 41, NULL, NULL, 1),
(4478, 'Chinsurah', 41, NULL, NULL, 1),
(4479, 'Chinsurah - Magra', 41, NULL, NULL, 1),
(4480, 'Hooghly', 41, NULL, NULL, 1),
(4481, 'Addconagar', 41, NULL, NULL, 1),
(4482, 'Goghat - Ii', 41, NULL, NULL, 1),
(4483, 'Goghat-Ii', 41, NULL, NULL, 1),
(4484, 'Bandel', 41, NULL, NULL, 1),
(4485, 'Chandanagar', 41, NULL, NULL, 1),
(4486, 'Chandannagar', 41, NULL, NULL, 1),
(4487, 'Singur', 41, NULL, NULL, 1),
(4488, 'Boinchi', 41, NULL, NULL, 1),
(4489, 'Pandua', 41, NULL, NULL, 1),
(4490, 'Ilsobamandal', 41, NULL, NULL, 1),
(4491, 'Ilsobamandali', 41, NULL, NULL, 1),
(4492, 'Ilsomandalai', 41, NULL, NULL, 1),
(4493, 'Itachuna', 41, NULL, NULL, 1),
(4494, 'Magra', 41, NULL, NULL, 1),
(4495, 'Polba - Dadpur', 41, NULL, NULL, 1),
(4496, 'PURULIYA', 41, NULL, NULL, 1),
(4497, 'Serampur Uttarpara', 41, NULL, NULL, 1),
(4498, 'Serampore', 41, NULL, NULL, 1),
(4499, 'Bhandarhati', 41, NULL, NULL, 1),
(4500, 'Bhanderhati', 41, NULL, NULL, 1),
(4501, 'Dhaniakhali', 41, NULL, NULL, 1),
(4502, 'Gurap', 41, NULL, NULL, 1),
(4503, 'Chanditala - Ii', 41, NULL, NULL, 1),
(4504, 'Puinan', 41, NULL, NULL, 1),
(4505, 'Khanpur', 41, NULL, NULL, 1),
(4506, 'Arambagh', 41, NULL, NULL, 1),
(4507, 'Tarakeswar', 41, NULL, NULL, 1),
(4508, 'Dasghara', 41, NULL, NULL, 1),
(4509, 'Haripal', 41, NULL, NULL, 1),
(4510, 'Jangipara', 41, NULL, NULL, 1),
(4511, 'Khanakul 1B', 41, NULL, NULL, 1),
(4512, 'Khanakul 2B', 41, NULL, NULL, 1),
(4513, 'Khanakul I.B', 41, NULL, NULL, 1),
(4514, 'Khanakul-1B', 41, NULL, NULL, 1),
(4515, 'Khanakul-2B', 41, NULL, NULL, 1),
(4516, 'Burdwan', 41, NULL, NULL, 1),
(4517, 'Pursurah', 41, NULL, NULL, 1),
(4518, 'Arambag', 41, NULL, NULL, 1),
(4519, 'Khanakul-I', 41, NULL, NULL, 1),
(4520, 'Raina', 41, NULL, NULL, 1),
(4521, 'Pursura', 41, NULL, NULL, 1),
(4522, 'Pursurah.', 41, NULL, NULL, 1),
(4523, 'Khanakul2B', 41, NULL, NULL, 1),
(4524, 'KRISHNAGAR', 41, NULL, NULL, 1),
(4525, 'Balagarh', 41, NULL, NULL, 1),
(4526, 'Bansberia', 41, NULL, NULL, 1),
(4527, 'Guptipara', 41, NULL, NULL, 1),
(4528, 'Nayasarai', 41, NULL, NULL, 1),
(4529, 'Khamargachi', 41, NULL, NULL, 1),
(4530, 'Goghat-I', 41, NULL, NULL, 1),
(4531, 'Goghat-1', 41, NULL, NULL, 1),
(4532, 'Goghat - I', 41, NULL, NULL, 1),
(4533, 'Chanditala - I', 41, NULL, NULL, 1),
(4534, 'Chandangar', 41, NULL, NULL, 1),
(4535, 'Burdwan - I', 41, NULL, NULL, 1),
(4536, 'Galsi - I', 41, NULL, NULL, 1),
(4537, 'Bhatar', 41, NULL, NULL, 1),
(4538, 'Kalna', 41, NULL, NULL, 1),
(4539, 'Katwa', 41, NULL, NULL, 1),
(4540, 'Ketugram - I', 41, NULL, NULL, 1),
(4541, 'Ketugram - Ii', 41, NULL, NULL, 1),
(4542, 'Mangolkote', 41, NULL, NULL, 1),
(4543, 'Burdwan - Ii', 41, NULL, NULL, 1),
(4544, 'Memari', 41, NULL, NULL, 1),
(4545, 'Raina - I', 41, NULL, NULL, 1),
(4546, 'Bhater', 41, NULL, NULL, 1),
(4547, 'Ausgram - I', 41, NULL, NULL, 1),
(4548, 'Gushkara', 41, NULL, NULL, 1),
(4549, 'Guskara', 41, NULL, NULL, 1),
(4550, 'Burdwan Sadar', 41, NULL, NULL, 1),
(4551, 'Kalna - I', 41, NULL, NULL, 1),
(4552, 'Katwa - I', 41, NULL, NULL, 1),
(4553, 'Khandaghosh', 41, NULL, NULL, 1),
(4554, 'Bhatart', 41, NULL, NULL, 1),
(4555, 'Manteswar', 41, NULL, NULL, 1),
(4556, 'Ausgram - Ii', 41, NULL, NULL, 1),
(4557, 'Memari - I', 41, NULL, NULL, 1),
(4558, 'Kanksa', 41, NULL, NULL, 1),
(4559, 'Bardhaman', 41, NULL, NULL, 1),
(4560, 'Memari - Ii', 41, NULL, NULL, 1),
(4561, 'Durgapur Mc', 41, NULL, NULL, 1),
(4562, 'Durgapur Municipal Corporation', 41, NULL, NULL, 1),
(4563, 'Faridpur Durgapur', 41, NULL, NULL, 1),
(4564, 'Asansol', 41, NULL, NULL, 1),
(4565, 'Duragpur Mc', 41, NULL, NULL, 1),
(4566, 'Barabani', 41, NULL, NULL, 1),
(4567, 'Jamuria', 41, NULL, NULL, 1),
(4568, 'Baraboni', 41, NULL, NULL, 1),
(4569, 'Andal', 41, NULL, NULL, 1),
(4570, 'Raniganj', 41, NULL, NULL, 1),
(4571, 'Pandabeswar', 41, NULL, NULL, 1),
(4572, 'Raniganj Mc', 41, NULL, NULL, 1),
(4573, 'Kulti Mc', 41, NULL, NULL, 1),
(4574, 'Asansol Mc', 41, NULL, NULL, 1),
(4575, 'Salanpur', 41, NULL, NULL, 1),
(4576, 'Jamuriahat', 41, NULL, NULL, 1),
(4577, 'Pandaveshwar', 41, NULL, NULL, 1),
(4578, 'Pandaveshwr', 41, NULL, NULL, 1),
(4579, 'Raniganj Municipality', 41, NULL, NULL, 1),
(4580, 'Laudoha', 41, NULL, NULL, 1),
(4581, 'Jamalpur', 41, NULL, NULL, 1),
(4582, 'Purbasthali - I', 41, NULL, NULL, 1),
(4583, 'Kalna - Ii', 41, NULL, NULL, 1),
(4584, 'Raina - Ii', 41, NULL, NULL, 1),
(4585, 'Purbasthali - Ii', 41, NULL, NULL, 1),
(4586, 'Burddwan', 41, NULL, NULL, 1),
(4587, 'Galsi - Ii', 41, NULL, NULL, 1),
(4588, 'Katwa - Ii', 41, NULL, NULL, 1),
(4589, 'Midnapore', 41, NULL, NULL, 1),
(4590, 'Binpur-I', 41, NULL, NULL, 1),
(4591, 'Garhbeta-I', 41, NULL, NULL, 1),
(4592, 'Garhbeta-Ii', 41, NULL, NULL, 1),
(4593, 'MEDINIPUR ', 41, NULL, NULL, 1),
(4594, 'Ballichak', 41, NULL, NULL, 1),
(4595, 'Debra', 41, NULL, NULL, 1),
(4596, 'Kharagpur', 41, NULL, NULL, 1),
(4597, 'Pingla', 41, NULL, NULL, 1),
(4598, 'Baligeria', 41, NULL, NULL, 1),
(4599, 'Banisole', 41, NULL, NULL, 1),
(4600, 'Banskuthi', 41, NULL, NULL, 1),
(4601, 'Baranegui', 41, NULL, NULL, 1),
(4602, 'Chandabila', 41, NULL, NULL, 1),
(4603, 'Chilkipada', 41, NULL, NULL, 1),
(4604, 'Dhumsai', 41, NULL, NULL, 1),
(4605, 'Dokra', 41, NULL, NULL, 1),
(4606, 'Dolgram', 41, NULL, NULL, 1),
(4607, 'Kuldiha', 41, NULL, NULL, 1),
(4608, 'Morchi', 41, NULL, NULL, 1),
(4609, 'Nagripada', 41, NULL, NULL, 1),
(4610, 'Paika', 41, NULL, NULL, 1),
(4611, 'Satpautia', 41, NULL, NULL, 1),
(4612, 'Keshpur', 41, NULL, NULL, 1),
(4613, 'Garhbeta-Iii', 41, NULL, NULL, 1),
(4614, 'Salbani', 41, NULL, NULL, 1),
(4615, 'Salboni', 41, NULL, NULL, 1),
(4616, 'Panskura', 41, NULL, NULL, 1),
(4617, 'Panskura-Ii', 41, NULL, NULL, 1),
(4618, 'Daspur', 41, NULL, NULL, 1),
(4619, 'Panskura-I', 41, NULL, NULL, 1),
(4620, 'Amda', 41, NULL, NULL, 1),
(4621, 'Baghasti', 41, NULL, NULL, 1),
(4622, 'Benadiha', 41, NULL, NULL, 1),
(4623, 'Bhasra', 41, NULL, NULL, 1),
(4624, 'Borah', 41, NULL, NULL, 1),
(4625, 'Chakla', 41, NULL, NULL, 1),
(4626, 'Gaganeswar', 41, NULL, NULL, 1),
(4627, 'Ganasarisa', 41, NULL, NULL, 1),
(4628, 'Jamsole', 41, NULL, NULL, 1),
(4629, 'June Belda', 41, NULL, NULL, 1),
(4630, 'Keshiary', 41, NULL, NULL, 1),
(4631, 'Kuishgeria', 41, NULL, NULL, 1),
(4632, 'Kukai', 41, NULL, NULL, 1),
(4633, 'Lengamara', 41, NULL, NULL, 1),
(4634, 'Markanda', 41, NULL, NULL, 1),
(4635, 'Nachhipur', 41, NULL, NULL, 1),
(4636, 'Rautarapur', 41, NULL, NULL, 1),
(4637, 'Santrapur', 41, NULL, NULL, 1),
(4638, 'Singaijamuna', 41, NULL, NULL, 1),
(4639, 'Sukharole', 41, NULL, NULL, 1),
(4640, 'Uttar Dumurkhola', 41, NULL, NULL, 1),
(4641, 'Panskura Ii', 41, NULL, NULL, 1),
(4642, 'Sahid Matangini', 41, NULL, NULL, 1),
(4643, 'Barida', 41, NULL, NULL, 1),
(4644, 'Bakrachak', 41, NULL, NULL, 1),
(4645, 'Binandapur', 41, NULL, NULL, 1),
(4646, 'Chhorda', 41, NULL, NULL, 1),
(4647, 'Chunpara', 41, NULL, NULL, 1),
(4648, 'D.S.Boni', 41, NULL, NULL, 1),
(4649, 'Keshiapada', 41, NULL, NULL, 1),
(4650, 'Kultikri', 41, NULL, NULL, 1),
(4651, 'Laudaha', 41, NULL, NULL, 1),
(4652, 'Pathra', 41, NULL, NULL, 1),
(4653, 'Ranbonia', 41, NULL, NULL, 1),
(4654, 'T.Mahisamunda', 41, NULL, NULL, 1),
(4655, 'Sahidmatangini', 41, NULL, NULL, 1),
(4656, 'Panakura', 41, NULL, NULL, 1),
(4657, 'Sabang', 41, NULL, NULL, 1),
(4658, 'Andhari', 41, NULL, NULL, 1),
(4659, 'Andhari Maubhandar', 41, NULL, NULL, 1),
(4660, 'Bachhurkhoyar', 41, NULL, NULL, 1),
(4661, 'Baharadari', 41, NULL, NULL, 1),
(4662, 'Bonpura', 41, NULL, NULL, 1),
(4663, 'Narda', 41, NULL, NULL, 1),
(4664, 'Rohini', 41, NULL, NULL, 1),
(4665, 'Narayangarh', 41, NULL, NULL, 1),
(4666, 'Kharagpur-I', 41, NULL, NULL, 1),
(4667, 'Daspur-I', 41, NULL, NULL, 1),
(4668, 'Daspur-Ii', 41, NULL, NULL, 1),
(4669, 'Ghatal', 41, NULL, NULL, 1),
(4670, 'Kharagpur-Ii', 41, NULL, NULL, 1),
(4671, 'Tamluk-I', 41, NULL, NULL, 1),
(4672, 'Garhbeta', 41, NULL, NULL, 1),
(4673, 'Garheta', 41, NULL, NULL, 1),
(4674, 'Jharia', 41, NULL, NULL, 1),
(4675, 'Kalmapukhuria', 41, NULL, NULL, 1),
(4676, 'Kharikamathani', 41, NULL, NULL, 1),
(4677, 'Nayagram', 41, NULL, NULL, 1),
(4678, 'Nekrasole', 41, NULL, NULL, 1),
(4679, 'Tufuria Kalmapur', 41, NULL, NULL, 1),
(4680, 'Tamluk', 41, NULL, NULL, 1),
(4681, 'Chandrakona-I', 41, NULL, NULL, 1),
(4682, 'Chandrakona-Ii', 41, NULL, NULL, 1),
(4683, 'Hgatal', 41, NULL, NULL, 1),
(4684, 'Ajodhyapur', 41, NULL, NULL, 1),
(4685, 'Bahitrakunda', 41, NULL, NULL, 1),
(4686, 'Baksispur', 41, NULL, NULL, 1),
(4687, 'Contai', 41, NULL, NULL, 1),
(4688, 'Damodarpur', 41, NULL, NULL, 1),
(4689, 'Darua', 41, NULL, NULL, 1),
(4690, 'Daudpur', 41, NULL, NULL, 1),
(4691, 'Dhangaon', 41, NULL, NULL, 1),
(4692, 'Durmuth', 41, NULL, NULL, 1),
(4693, 'Fuleswar', 41, NULL, NULL, 1),
(4694, 'Kantai', 41, NULL, NULL, 1),
(4695, 'Mahisagote', 41, NULL, NULL, 1),
(4696, 'Namal', 41, NULL, NULL, 1),
(4697, 'Nayaput', 41, NULL, NULL, 1),
(4698, 'Pailachhanpur', 41, NULL, NULL, 1),
(4699, 'R.P.Barh', 41, NULL, NULL, 1),
(4700, 'Sabajput', 41, NULL, NULL, 1),
(4701, 'Srirampur', 41, NULL, NULL, 1),
(4702, 'Tengunia', 41, NULL, NULL, 1),
(4703, 'Alangiri', 41, NULL, NULL, 1),
(4704, 'Baitabazar', 41, NULL, NULL, 1),
(4705, 'Jerthan', 41, NULL, NULL, 1),
(4706, 'Astichak', 41, NULL, NULL, 1),
(4707, 'Atbati', 41, NULL, NULL, 1),
(4708, 'Balageria', 41, NULL, NULL, 1),
(4709, 'Balighai', 41, NULL, NULL, 1),
(4710, 'Bathuary', 41, NULL, NULL, 1),
(4711, 'Bhatda', 41, NULL, NULL, 1),
(4712, 'Bidurpur', 41, NULL, NULL, 1),
(4713, 'Hatbaincha', 41, NULL, NULL, 1),
(4714, 'Jamualachimpur', 41, NULL, NULL, 1),
(4715, 'Kajli', 41, NULL, NULL, 1),
(4716, 'Keutgeria', 41, NULL, NULL, 1),
(4717, 'Khejurda', 41, NULL, NULL, 1),
(4718, 'Naskarpur', 41, NULL, NULL, 1),
(4719, 'Pirijkhanbarh', 41, NULL, NULL, 1),
(4720, 'Urdhabpur', 41, NULL, NULL, 1),
(4721, 'Uttar-Tajpur', 41, NULL, NULL, 1),
(4722, 'Balisai', 41, NULL, NULL, 1),
(4723, 'Bodhra', 41, NULL, NULL, 1),
(4724, 'Dakhinbadalpur', 41, NULL, NULL, 1),
(4725, 'Deuli', 41, NULL, NULL, 1),
(4726, 'Gopalchak', 41, NULL, NULL, 1),
(4727, 'Karanji', 41, NULL, NULL, 1),
(4728, 'Narandia', 41, NULL, NULL, 1),
(4729, 'Narkuli', 41, NULL, NULL, 1),
(4730, 'Satilapur', 41, NULL, NULL, 1),
(4731, 'Shyampur', 41, NULL, NULL, 1),
(4732, 'Akanda', 41, NULL, NULL, 1),
(4733, 'Bakhrabad', 41, NULL, NULL, 1),
(4734, 'Belda', 41, NULL, NULL, 1),
(4735, 'Chakmahima', 41, NULL, NULL, 1),
(4736, 'Chotta-Chatla', 41, NULL, NULL, 1),
(4737, 'Dhalbelun', 41, NULL, NULL, 1),
(4738, 'Dhangarpara', 41, NULL, NULL, 1),
(4739, 'Gaita', 41, NULL, NULL, 1),
(4740, 'Kanpur', 41, NULL, NULL, 1),
(4741, 'Kashipur', 41, NULL, NULL, 1),
(4742, 'Khalina', 41, NULL, NULL, 1),
(4743, 'Lalnagar', 41, NULL, NULL, 1),
(4744, 'Phandar', 41, NULL, NULL, 1),
(4745, 'Reripur', 41, NULL, NULL, 1),
(4746, 'Saljora', 41, NULL, NULL, 1),
(4747, 'Tarua', 41, NULL, NULL, 1),
(4748, 'Thakurchak', 41, NULL, NULL, 1),
(4749, 'Uparjagatpur', 41, NULL, NULL, 1),
(4750, 'Bhupatinagar', 41, NULL, NULL, 1),
(4751, 'Mugberia', 41, NULL, NULL, 1),
(4752, 'Purbaradhapur', 41, NULL, NULL, 1),
(4753, 'Udbadal', 41, NULL, NULL, 1),
(4754, 'Basuli Bazar', 41, NULL, NULL, 1),
(4755, 'Bayenda', 41, NULL, NULL, 1),
(4756, 'Bhaghadari', 41, NULL, NULL, 1),
(4757, 'Dumandari', 41, NULL, NULL, 1),
(4758, 'Angua', 41, NULL, NULL, 1),
(4759, 'Banjhatia', 41, NULL, NULL, 1),
(4760, 'Belmula', 41, NULL, NULL, 1),
(4761, 'Chaulia', 41, NULL, NULL, 1),
(4762, 'Dantan', 41, NULL, NULL, 1),
(4763, 'Gazipur', 41, NULL, NULL, 1),
(4764, 'Jamirapalgarh', 41, NULL, NULL, 1),
(4765, 'Kakrajit', 41, NULL, NULL, 1),
(4766, 'Kotepada', 41, NULL, NULL, 1),
(4767, 'Lalitapur', 41, NULL, NULL, 1),
(4768, 'Murabani', 41, NULL, NULL, 1),
(4769, 'Paragana', 41, NULL, NULL, 1),
(4770, 'Saorapin', 41, NULL, NULL, 1),
(4771, 'Sarrang', 41, NULL, NULL, 1),
(4772, 'Sonakonia', 41, NULL, NULL, 1),
(4773, 'Uttar Ranibarh', 41, NULL, NULL, 1),
(4774, 'Amtalia', 41, NULL, NULL, 1),
(4775, 'Aurai', 41, NULL, NULL, 1),
(4776, 'Bhawanichak', 41, NULL, NULL, 1),
(4777, 'Deulbarh', 41, NULL, NULL, 1),
(4778, 'Ghoraghata', 41, NULL, NULL, 1),
(4779, 'Jamua Sankarpur', 41, NULL, NULL, 1),
(4780, 'Kulanjara', 41, NULL, NULL, 1),
(4781, 'Namaldiha', 41, NULL, NULL, 1),
(4782, 'Sarada', 41, NULL, NULL, 1),
(4783, 'Uttar Amtalia', 41, NULL, NULL, 1),
(4784, 'Digha', 41, NULL, NULL, 1),
(4785, 'Paya-Medinipur', 41, NULL, NULL, 1),
(4786, 'Saripur', 41, NULL, NULL, 1),
(4787, 'Baranihary', 41, NULL, NULL, 1),
(4788, 'Barida Bazar', 41, NULL, NULL, 1),
(4789, 'Bartana', 41, NULL, NULL, 1),
(4790, 'Benachakri', 41, NULL, NULL, 1),
(4791, 'Chhatri', 41, NULL, NULL, 1),
(4792, 'Egra', 41, NULL, NULL, 1),
(4793, 'Erenda', 41, NULL, NULL, 1),
(4794, 'Kaithore', 41, NULL, NULL, 1),
(4795, 'Khar', 41, NULL, NULL, 1),
(4796, 'Kharuigarh', 41, NULL, NULL, 1),
(4797, 'Rasan', 41, NULL, NULL, 1),
(4798, 'Susunia', 41, NULL, NULL, 1),
(4799, 'Ajoya', 41, NULL, NULL, 1),
(4800, 'Bansgora Bazar', 41, NULL, NULL, 1),
(4801, 'Barabari South', 41, NULL, NULL, 1),
(4802, 'Chingurdania', 41, NULL, NULL, 1),
(4803, 'D.Kalamdan', 41, NULL, NULL, 1),
(4804, 'Dekhali', 41, NULL, NULL, 1),
(4805, 'Haria', 41, NULL, NULL, 1),
(4806, 'Jukhia Bazar', 41, NULL, NULL, 1),
(4807, 'Krishnanagar Contai', 41, NULL, NULL, 1),
(4808, 'Lakhi', 41, NULL, NULL, 1),
(4809, 'Mohati', 41, NULL, NULL, 1),
(4810, 'Subdi', 41, NULL, NULL, 1),
(4811, 'Thakurnagar', 41, NULL, NULL, 1),
(4812, 'Tikashi', 41, NULL, NULL, 1),
(4813, 'Uttar Kalamdan', 41, NULL, NULL, 1),
(4814, 'Baratala', 41, NULL, NULL, 1),
(4815, 'Boga', 41, NULL, NULL, 1),
(4816, 'Gopichak', 41, NULL, NULL, 1),
(4817, 'Janka', 41, NULL, NULL, 1),
(4818, 'Kartikkhali', 41, NULL, NULL, 1),
(4819, 'Kasaria', 41, NULL, NULL, 1),
(4820, 'Katka Debichak', 41, NULL, NULL, 1),
(4821, 'Keunchia', 41, NULL, NULL, 1),
(4822, 'Khejuri', 41, NULL, NULL, 1),
(4823, 'Kunjapur', 41, NULL, NULL, 1),
(4824, 'Lakshmanchak', 41, NULL, NULL, 1),
(4825, 'Medakhali', 41, NULL, NULL, 1),
(4826, 'Nijkasba', 41, NULL, NULL, 1),
(4827, 'Pankhai', 41, NULL, NULL, 1),
(4828, 'Ramchak', 41, NULL, NULL, 1),
(4829, 'Satkhanda Sahebnagar', 41, NULL, NULL, 1),
(4830, 'Sillyaberia', 41, NULL, NULL, 1),
(4831, 'Baharganj', 41, NULL, NULL, 1),
(4832, 'Chaudachulli', 41, NULL, NULL, 1),
(4833, 'Deulpota Keshabchak', 41, NULL, NULL, 1),
(4834, 'Haludbari', 41, NULL, NULL, 1),
(4835, 'Jahanabad', 41, NULL, NULL, 1),
(4836, 'Kalagachia', 41, NULL, NULL, 1),
(4837, 'Kamarda Bazar', 41, NULL, NULL, 1),
(4838, 'Serkhanchak', 41, NULL, NULL, 1),
(4839, 'Takapura', 41, NULL, NULL, 1),
(4840, 'Battala', 41, NULL, NULL, 1),
(4841, 'Haipur', 41, NULL, NULL, 1),
(4842, 'Khalisabhanga', 41, NULL, NULL, 1),
(4843, 'Maitana', 41, NULL, NULL, 1),
(4844, 'Majna', 41, NULL, NULL, 1),
(4845, 'Mandarpur', 41, NULL, NULL, 1),
(4846, 'Sisusadan', 41, NULL, NULL, 1),
(4847, 'Tagaria', 41, NULL, NULL, 1),
(4848, 'Barmakhal', 41, NULL, NULL, 1),
(4849, 'Dhankrabanka', 41, NULL, NULL, 1),
(4850, 'Maisali', 41, NULL, NULL, 1),
(4851, 'Manglamaro', 41, NULL, NULL, 1),
(4852, 'Panchuria', 41, NULL, NULL, 1),
(4853, 'Saridaspur', 41, NULL, NULL, 1),
(4854, 'Tagharia', 41, NULL, NULL, 1),
(4855, 'Chhoto Srikrishnapur', 41, NULL, NULL, 1),
(4856, 'Koria', 41, NULL, NULL, 1),
(4857, 'Jenkapur', 41, NULL, NULL, 1),
(4858, 'Menkapur', 41, NULL, NULL, 1),
(4859, 'Salikotha', 41, NULL, NULL, 1),
(4860, 'Talda Ratanchak', 41, NULL, NULL, 1),
(4861, 'Amarda', 41, NULL, NULL, 1),
(4862, 'Begunia', 41, NULL, NULL, 1),
(4863, 'Mohanpur', 41, NULL, NULL, 1),
(4864, 'Paroi', 41, NULL, NULL, 1),
(4865, 'Rajnagar', 41, NULL, NULL, 1),
(4866, 'Siyalsai', 41, NULL, NULL, 1),
(4867, 'Tanua', 41, NULL, NULL, 1),
(4868, 'East Midnapore', 41, NULL, NULL, 1),
(4869, 'Bahurupa', 41, NULL, NULL, 1),
(4870, 'Barakalankai', 41, NULL, NULL, 1),
(4871, 'Bhadrakali', 41, NULL, NULL, 1),
(4872, 'Birbira', 41, NULL, NULL, 1),
(4873, 'Dibarpanda', 41, NULL, NULL, 1),
(4874, 'Fulgeria', 41, NULL, NULL, 1),
(4875, 'Handlarajgarh', 41, NULL, NULL, 1),
(4876, 'Jhanjianankar', 41, NULL, NULL, 1),
(4877, 'Kanthalia', 41, NULL, NULL, 1),
(4878, 'Khurshi', 41, NULL, NULL, 1),
(4879, 'Konarpur', 41, NULL, NULL, 1),
(4880, 'Kotaigarh', 41, NULL, NULL, 1),
(4881, 'Lohabaranchak', 41, NULL, NULL, 1),
(4882, 'Makrampurbazar', 41, NULL, NULL, 1),
(4883, 'Nankarmaguria', 41, NULL, NULL, 1),
(4884, 'Rampura', 41, NULL, NULL, 1),
(4885, 'Saluka', 41, NULL, NULL, 1),
(4886, 'Sansadgopinathpur', 41, NULL, NULL, 1),
(4887, 'Tentuliabhumjan', 41, NULL, NULL, 1),
(4888, 'Chandanpur', 41, NULL, NULL, 1),
(4889, 'Ghatua Purusottampur', 41, NULL, NULL, 1),
(4890, 'Panchetgarh', 41, NULL, NULL, 1),
(4891, 'Alamchak Belda', 41, NULL, NULL, 1),
(4892, 'Amarpur', 41, NULL, NULL, 1),
(4893, 'Argora', 41, NULL, NULL, 1),
(4894, 'Ayma Barbaria', 41, NULL, NULL, 1),
(4895, 'Bulakipur', 41, NULL, NULL, 1),
(4896, 'Gokulpur', 41, NULL, NULL, 1),
(4897, 'Kanakpur', 41, NULL, NULL, 1),
(4898, 'Kekai', 41, NULL, NULL, 1),
(4899, 'Makrampur', 41, NULL, NULL, 1),
(4900, 'Naipur', 41, NULL, NULL, 1),
(4901, 'North Biswanathpur', 41, NULL, NULL, 1),
(4902, 'Patashpur', 41, NULL, NULL, 1),
(4903, 'Satbahini', 41, NULL, NULL, 1),
(4904, 'Ballyagobindapur', 41, NULL, NULL, 1),
(4905, 'Chakbhabani', 41, NULL, NULL, 1),
(4906, 'Pania', 41, NULL, NULL, 1),
(4907, 'Pratapdighi', 41, NULL, NULL, 1),
(4908, 'Alankarpur', 41, NULL, NULL, 1),
(4909, 'Gobra', 41, NULL, NULL, 1),
(4910, 'Haldia Patna', 41, NULL, NULL, 1),
(4911, 'Hirapur', 41, NULL, NULL, 1),
(4912, 'Jhawgeria', 41, NULL, NULL, 1),
(4913, 'Mandar', 41, NULL, NULL, 1),
(4914, 'Ramnagar', 41, NULL, NULL, 1),
(4915, 'Baikunthapur', 41, NULL, NULL, 1),
(4916, 'Bankiput', 41, NULL, NULL, 1),
(4917, 'Basantia', 41, NULL, NULL, 1),
(4918, 'Benichak', 41, NULL, NULL, 1),
(4919, 'Chapatala', 41, NULL, NULL, 1),
(4920, 'Dariapur', 41, NULL, NULL, 1),
(4921, 'Dholmari', 41, NULL, NULL, 1),
(4922, 'Safiabad', 41, NULL, NULL, 1),
(4923, 'Uttarharaschak', 41, NULL, NULL, 1),
(4924, 'Barabatia', 41, NULL, NULL, 1),
(4925, 'Uttar Asda', 41, NULL, NULL, 1),
(4926, 'Bandhuchak', 41, NULL, NULL, 1),
(4927, 'Brahamankhalisa', 41, NULL, NULL, 1),
(4928, 'Garh Haripur', 41, NULL, NULL, 1),
(4929, 'Jahalda', 41, NULL, NULL, 1),
(4930, 'Keut Khalisa', 41, NULL, NULL, 1),
(4931, 'Lalat', 41, NULL, NULL, 1),
(4932, 'Mustafapur', 41, NULL, NULL, 1),
(4933, 'Renjura', 41, NULL, NULL, 1),
(4934, 'Analberia', 41, NULL, NULL, 1),
(4935, 'Basudebberia', 41, NULL, NULL, 1),
(4936, 'Dakhin Sandalpur', 41, NULL, NULL, 1),
(4937, 'Dhanghara', 41, NULL, NULL, 1),
(4938, 'Dighadari', 41, NULL, NULL, 1),
(4939, 'Gangadharchak', 41, NULL, NULL, 1),
(4940, 'Ichabari', 41, NULL, NULL, 1),
(4941, 'Kanaidighi', 41, NULL, NULL, 1),
(4942, 'Kayemgeria', 41, NULL, NULL, 1),
(4943, 'Kumirda', 41, NULL, NULL, 1),
(4944, 'Nachinda', 41, NULL, NULL, 1),
(4945, 'Panichiary', 41, NULL, NULL, 1),
(4946, 'Paushi', 41, NULL, NULL, 1),
(4947, 'Sarpai', 41, NULL, NULL, 1),
(4948, 'Asda', 41, NULL, NULL, 1),
(4949, 'Babla', 41, NULL, NULL, 1),
(4950, 'Ekarukhi', 41, NULL, NULL, 1),
(4951, 'Garh Radhanagar', 41, NULL, NULL, 1),
(4952, 'Khakurda', 41, NULL, NULL, 1),
(4953, 'Kushbasan', 41, NULL, NULL, 1),
(4954, 'Laudangri', 41, NULL, NULL, 1),
(4955, 'Mirzapur Belda', 41, NULL, NULL, 1),
(4956, 'Porolda', 41, NULL, NULL, 1),
(4957, 'Purunda', 41, NULL, NULL, 1),
(4958, 'Sabra', 41, NULL, NULL, 1),
(4959, 'Sauri', 41, NULL, NULL, 1),
(4960, 'Turka Kashba', 41, NULL, NULL, 1),
(4961, 'Turkagarh', 41, NULL, NULL, 1),
(4962, 'Aswathapur', 41, NULL, NULL, 1),
(4963, 'Bolkhusda', 41, NULL, NULL, 1),
(4964, 'Chandanpurhat', 41, NULL, NULL, 1),
(4965, 'Jasteghori', 41, NULL, NULL, 1),
(4966, 'Kandagram', 41, NULL, NULL, 1),
(4967, 'Mirgoda', 41, NULL, NULL, 1),
(4968, 'Ranisai', 41, NULL, NULL, 1),
(4969, 'Sadihat', 41, NULL, NULL, 1),
(4970, 'Sadikpur', 41, NULL, NULL, 1),
(4971, 'Sagareswar', 41, NULL, NULL, 1),
(4972, 'Sahara', 41, NULL, NULL, 1),
(4973, 'Kalyanpur Tentulmuri', 41, NULL, NULL, 1),
(4974, 'Kasbagola', 41, NULL, NULL, 1),
(4975, 'Panchrol', 41, NULL, NULL, 1),
(4976, 'Telami', 41, NULL, NULL, 1),
(4977, 'Barada Bazar', 41, NULL, NULL, 1),
(4978, 'Chatla', 41, NULL, NULL, 1),
(4979, 'Chirulia', 41, NULL, NULL, 1),
(4980, 'Chorpalia', 41, NULL, NULL, 1),
(4981, 'Dubda', 41, NULL, NULL, 1),
(4982, 'Garia', 41, NULL, NULL, 1),
(4983, 'Juki', 41, NULL, NULL, 1),
(4984, 'Jumki', 41, NULL, NULL, 1),
(4985, 'Khurutia', 41, NULL, NULL, 1),
(4986, 'Kultikri Aranga', 41, NULL, NULL, 1),
(4987, 'Negua', 41, NULL, NULL, 1),
(4988, 'Paniparul', 41, NULL, NULL, 1),
(4989, 'Shipur', 41, NULL, NULL, 1),
(4990, 'Banamalichatta', 41, NULL, NULL, 1),
(4991, 'Daisai', 41, NULL, NULL, 1),
(4992, 'Karaldanimakbarh', 41, NULL, NULL, 1),
(4993, 'Marisda', 41, NULL, NULL, 1),
(4994, 'Barabantalia', 41, NULL, NULL, 1),
(4995, 'Deshdattabarh', 41, NULL, NULL, 1),
(4996, 'Jhawa', 41, NULL, NULL, 1),
(4997, 'Junput', 41, NULL, NULL, 1),
(4998, 'Paschim Bamunia', 41, NULL, NULL, 1),
(4999, 'Bakurpada', 41, NULL, NULL, 1),
(5000, 'Deulinekurseni', 41, NULL, NULL, 1),
(5001, 'Garh-Monoharpur', 41, NULL, NULL, 1),
(5002, 'Kashimpur', 41, NULL, NULL, 1),
(5003, 'Keshrambha', 41, NULL, NULL, 1),
(5004, 'Khatnagar', 41, NULL, NULL, 1),
(5005, 'Kutki', 41, NULL, NULL, 1),
(5006, 'Maljamuna', 41, NULL, NULL, 1),
(5007, 'Nekurseni', 41, NULL, NULL, 1),
(5008, 'Palsandapur', 41, NULL, NULL, 1),
(5009, 'Tararui', 41, NULL, NULL, 1),
(5010, 'Uchudiha', 41, NULL, NULL, 1),
(5011, 'Basudebpur', 41, NULL, NULL, 1),
(5012, 'Bhajachauli', 41, NULL, NULL, 1),
(5013, 'Biswanathpur', 41, NULL, NULL, 1),
(5014, 'Dhandalibarh', 41, NULL, NULL, 1),
(5015, 'Junboni', 41, NULL, NULL, 1),
(5016, 'Khagda', 41, NULL, NULL, 1),
(5017, 'Mahespur', 41, NULL, NULL, 1),
(5018, 'Murisai', 41, NULL, NULL, 1),
(5019, 'Paschim Manikpur', 41, NULL, NULL, 1),
(5020, 'Satmile', 41, NULL, NULL, 1),
(5021, 'Uttar Badalpur', 41, NULL, NULL, 1),
(5022, 'Depal', 41, NULL, NULL, 1),
(5023, 'Manikabasan', 41, NULL, NULL, 1),
(5024, 'Paldhui', 41, NULL, NULL, 1),
(5025, 'Purba Madhabpur', 41, NULL, NULL, 1),
(5026, 'Uttar Gobindapur', 41, NULL, NULL, 1),
(5027, 'Uttar Kanpur', 41, NULL, NULL, 1),
(5028, 'Alukaranbarh', 41, NULL, NULL, 1),
(5029, 'Amarshi', 41, NULL, NULL, 1),
(5030, 'Barhat', 41, NULL, NULL, 1),
(5031, 'Hatgopalpur', 41, NULL, NULL, 1),
(5032, 'Katranka', 41, NULL, NULL, 1),
(5033, 'Madanmohanpur', 41, NULL, NULL, 1),
(5034, 'Saulabheri', 41, NULL, NULL, 1),
(5035, 'Selmabad', 41, NULL, NULL, 1),
(5036, 'Bhuniajibarh', 41, NULL, NULL, 1),
(5037, 'Chaulkhola', 41, NULL, NULL, 1),
(5038, 'Dakshin Kalyanpur', 41, NULL, NULL, 1),
(5039, 'Dakshin Kalynpur', 41, NULL, NULL, 1),
(5040, 'Islampur', 41, NULL, NULL, 1),
(5041, 'Kalindi', 41, NULL, NULL, 1),
(5042, 'Kalindi Teghari', 41, NULL, NULL, 1),
(5043, 'Pichabani', 41, NULL, NULL, 1),
(5044, 'Argoal', 41, NULL, NULL, 1),
(5045, 'Arjunnagar', 41, NULL, NULL, 1),
(5046, 'Bamanbarh', 41, NULL, NULL, 1),
(5047, 'Baraudaypur', 41, NULL, NULL, 1),
(5048, 'Brajaballavepur', 41, NULL, NULL, 1),
(5049, 'Itaberia', 41, NULL, NULL, 1),
(5050, 'Jabda', 41, NULL, NULL, 1),
(5051, 'Kalsi', 41, NULL, NULL, 1),
(5052, 'Lalua', 41, NULL, NULL, 1),
(5053, 'Manikjore', 41, NULL, NULL, 1),
(5054, 'Mathura', 41, NULL, NULL, 1),
(5055, 'Sukhakhola', 41, NULL, NULL, 1),
(5056, 'Akpura', 41, NULL, NULL, 1),
(5057, 'Anikola', 41, NULL, NULL, 1),
(5058, 'Barangi', 41, NULL, NULL, 1),
(5059, 'Borai', 41, NULL, NULL, 1),
(5060, 'Chak Islampur', 41, NULL, NULL, 1),
(5061, 'Dhuipada', 41, NULL, NULL, 1),
(5062, 'Dobaria', 41, NULL, NULL, 1),
(5063, 'Gomunda', 41, NULL, NULL, 1),
(5064, 'Kumarda', 41, NULL, NULL, 1),
(5065, 'Matibaruan', 41, NULL, NULL, 1),
(5066, 'Nilda', 41, NULL, NULL, 1),
(5067, 'Remu', 41, NULL, NULL, 1),
(5068, 'Sautia', 41, NULL, NULL, 1),
(5069, 'Bankibheri', 41, NULL, NULL, 1),
(5070, 'Bhimeswaribazar', 41, NULL, NULL, 1),
(5071, 'Bibhisanpur', 41, NULL, NULL, 1),
(5072, 'Noonhanda', 41, NULL, NULL, 1),
(5073, 'Palpara', 41, NULL, NULL, 1),
(5074, 'Panchahari', 41, NULL, NULL, 1),
(5075, 'Totanala', 41, NULL, NULL, 1),
(5076, 'Ururi', 41, NULL, NULL, 1),
(5077, 'Adasimla', 41, NULL, NULL, 1),
(5078, 'Barachara', 41, NULL, NULL, 1),
(5079, 'Bonai', 41, NULL, NULL, 1),
(5080, 'Chandkuri-Batikati', 41, NULL, NULL, 1),
(5081, 'Chhatorekole', 41, NULL, NULL, 1),
(5082, 'Dasagram', 41, NULL, NULL, 1),
(5083, 'Duria', 41, NULL, NULL, 1),
(5084, 'Kalasbarh', 41, NULL, NULL, 1),
(5085, 'Kolanda', 41, NULL, NULL, 1),
(5086, 'Rautara', 41, NULL, NULL, 1),
(5087, 'Sarta', 41, NULL, NULL, 1),
(5088, 'Binpur-Ii', 41, NULL, NULL, 1),
(5089, 'Jhargram', 41, NULL, NULL, 1),
(5090, 'Jamboni', 41, NULL, NULL, 1),
(5091, 'Gopiballavpur-I', 41, NULL, NULL, 1),
(5092, 'Gopiballavpur-Ii', 41, NULL, NULL, 1),
(5093, 'Bhagawanpur', 41, NULL, NULL, 1),
(5094, 'Bhagwanpur', 41, NULL, NULL, 1),
(5095, 'Haldia Municipality', 41, NULL, NULL, 1),
(5096, 'Haldiamunicipality', 41, NULL, NULL, 1),
(5097, 'Sutahata', 41, NULL, NULL, 1),
(5098, 'Mahisadal', 41, NULL, NULL, 1),
(5099, 'Nandigram', 41, NULL, NULL, 1),
(5100, 'Reapara', 41, NULL, NULL, 1),
(5101, 'Bhagawanpur-Ii', 41, NULL, NULL, 1),
(5102, 'Kajlagarh', 41, NULL, NULL, 1),
(5103, 'Tamkluk-I', 41, NULL, NULL, 1),
(5104, 'Nandakumar', 41, NULL, NULL, 1),
(5105, 'Moiyna', 41, NULL, NULL, 1),
(5106, 'Moyna', 41, NULL, NULL, 1),
(5107, 'Nandigram-I', 41, NULL, NULL, 1),
(5108, 'Bhagwarpur', 41, NULL, NULL, 1),
(5109, 'Bhawanpur', 41, NULL, NULL, 1),
(5110, 'Chandipur', 41, NULL, NULL, 1),
(5111, 'Nandigram-Iii', 41, NULL, NULL, 1),
(5112, 'Khukurdaha', 41, NULL, NULL, 1),
(5113, 'Arankiarana', 41, NULL, NULL, 1),
(5114, 'Haldia', 41, NULL, NULL, 1),
(5115, 'Nandigram-Ii', 41, NULL, NULL, 1),
(5116, 'Nandigram Ii', 41, NULL, NULL, 1),
(5117, 'GOPINATHPUR', 41, NULL, NULL, 1),
(5118, 'Bankura - I', 41, NULL, NULL, 1),
(5119, 'Bankura', 41, NULL, NULL, 1),
(5120, 'Sonamukhi', 41, NULL, NULL, 1),
(5121, 'Hirbandh', 41, NULL, NULL, 1),
(5122, 'Indpur', 41, NULL, NULL, 1),
(5123, 'Khatra', 41, NULL, NULL, 1),
(5124, 'Taldangra', 41, NULL, NULL, 1),
(5125, 'Joypur', 41, NULL, NULL, 1),
(5126, 'Vishnupur', 41, NULL, NULL, 1),
(5127, 'Chhatna', 41, NULL, NULL, 1),
(5128, 'Saltora', 41, NULL, NULL, 1),
(5129, 'G.Ghati', 41, NULL, NULL, 1),
(5130, 'Gangajalghati', 41, NULL, NULL, 1),
(5131, 'Raipur', 41, NULL, NULL, 1),
(5132, 'Sarenga', 41, NULL, NULL, 1),
(5133, 'Ranibandh', 41, NULL, NULL, 1),
(5134, 'Onda', 41, NULL, NULL, 1),
(5135, 'Jaypur', 41, NULL, NULL, 1),
(5136, 'Kotalpur', 41, NULL, NULL, 1),
(5137, 'Kotulpur', 41, NULL, NULL, 1),
(5138, 'Barjora', 41, NULL, NULL, 1),
(5139, 'Mejia', 41, NULL, NULL, 1),
(5140, 'Mejhia', 41, NULL, NULL, 1),
(5141, 'Ranibundh', 41, NULL, NULL, 1),
(5142, 'Simlapal', 41, NULL, NULL, 1),
(5143, 'Bankura - Ii', 41, NULL, NULL, 1),
(5144, 'Bishnpur', 41, NULL, NULL, 1),
(5145, 'Borjora', 41, NULL, NULL, 1),
(5146, 'Indas', 41, NULL, NULL, 1),
(5147, 'Indus', 41, NULL, NULL, 1),
(5148, 'Patrasayer', 41, NULL, NULL, 1),
(5149, 'Puncha', 41, NULL, NULL, 1),
(5150, 'Purulia', 41, NULL, NULL, 1),
(5151, 'Purulia - I', 41, NULL, NULL, 1),
(5152, 'Chharrah', 41, NULL, NULL, 1),
(5153, 'Adra', 41, NULL, NULL, 1),
(5154, 'Kalapathar', 41, NULL, NULL, 1),
(5155, 'Neturia', 41, NULL, NULL, 1),
(5156, 'Raghunathpur', 41, NULL, NULL, 1),
(5157, 'Santuri', 41, NULL, NULL, 1),
(5158, 'Anara', 41, NULL, NULL, 1),
(5159, 'Anara Rs', 41, NULL, NULL, 1),
(5160, 'Para', 41, NULL, NULL, 1),
(5161, 'Purulia - Ii', 41, NULL, NULL, 1),
(5162, 'Barabazar', 41, NULL, NULL, 1),
(5163, 'Barabhum', 41, NULL, NULL, 1),
(5164, 'Balakdih', 41, NULL, NULL, 1),
(5165, 'Kenda', 41, NULL, NULL, 1),
(5166, 'Manbazar', 41, NULL, NULL, 1),
(5167, 'Manbazar - I', 41, NULL, NULL, 1),
(5168, 'Bundwan', 41, NULL, NULL, 1),
(5169, 'Hura', 41, NULL, NULL, 1),
(5170, 'Manbazar - Ii', 41, NULL, NULL, 1),
(5171, 'Manbazar Ii', 41, NULL, NULL, 1),
(5172, 'Raghuathpur', 41, NULL, NULL, 1),
(5173, 'Raghunath Pur I', 41, NULL, NULL, 1),
(5174, 'Ramkanali', 41, NULL, NULL, 1),
(5175, 'Baghmundi', 41, NULL, NULL, 1),
(5176, 'Bagmudni', 41, NULL, NULL, 1),
(5177, 'Bagmundi', 41, NULL, NULL, 1),
(5178, 'Balarampur', 41, NULL, NULL, 1),
(5179, 'Raghunathpur - Ii', 41, NULL, NULL, 1),
(5180, 'Santaldih', 41, NULL, NULL, 1),
(5181, 'Hutmura', 41, NULL, NULL, 1),
(5182, 'Purulia Ii', 41, NULL, NULL, 1),
(5183, 'Manguria', 41, NULL, NULL, 1),
(5184, 'Baghmudni', 41, NULL, NULL, 1),
(5185, 'Arsha', 41, NULL, NULL, 1),
(5186, 'Sirkabad', 41, NULL, NULL, 1),
(5187, 'Murardih', 41, NULL, NULL, 1),
(5188, 'Manihara', 41, NULL, NULL, 1),
(5189, 'Garjaipur', 41, NULL, NULL, 1),
(5190, 'Jaipur', 41, NULL, NULL, 1),
(5191, 'Jhalda I', 41, NULL, NULL, 1),
(5192, 'Jhalda Ii', 41, NULL, NULL, 1),
(5193, 'Jhalda', 41, NULL, NULL, 1),
(5194, 'Bagmundih', 41, NULL, NULL, 1),
(5195, 'Tulin', 41, NULL, NULL, 1),
(5196, 'Jhalda - Ii', 41, NULL, NULL, 1),
(5197, 'Jiudaru', 41, NULL, NULL, 1),
(5198, 'Kotshila', 41, NULL, NULL, 1),
(5199, 'Birbhum', 41, NULL, NULL, 1),
(5200, 'Suri - I', 41, NULL, NULL, 1),
(5201, 'Suri - Ii', 41, NULL, NULL, 1),
(5202, 'Dubrajpur', 41, NULL, NULL, 1),
(5203, 'Sainthia', 41, NULL, NULL, 1),
(5204, 'Bolpur Sriniketan', 41, NULL, NULL, 1),
(5205, 'Nanoor', 41, NULL, NULL, 1),
(5206, 'Murarai - I', 41, NULL, NULL, 1),
(5207, 'Rampurhat - I', 41, NULL, NULL, 1),
(5208, 'Mayureswar - I', 41, NULL, NULL, 1),
(5209, 'Nalhati - I', 41, NULL, NULL, 1),
(5210, 'Labpur', 41, NULL, NULL, 1),
(5211, 'Englishbazar', 41, NULL, NULL, 1),
(5212, 'Gajol', 41, NULL, NULL, 1),
(5213, 'Koilabad', 41, NULL, NULL, 1),
(5214, 'Kumarganj', 41, NULL, NULL, 1),
(5215, 'Old Malda', 41, NULL, NULL, 1),
(5216, 'Pukuria', 41, NULL, NULL, 1),
(5217, 'Ratua', 41, NULL, NULL, 1),
(5218, 'Ratua Ii', 41, NULL, NULL, 1),
(5219, 'ENGLISH BAZAR', 41, NULL, NULL, 1),
(5220, 'Gouramari', 41, NULL, NULL, 1),
(5221, 'Habibpir', 41, NULL, NULL, 1),
(5222, 'Habibpur (Srirampur Anchal)', 41, NULL, NULL, 1),
(5223, 'Mabarakpur', 41, NULL, NULL, 1),
(5224, 'Srirampur (Habibpur)', 41, NULL, NULL, 1),
(5225, 'Aktail', 41, NULL, NULL, 1),
(5226, 'Bulbulchandi', 41, NULL, NULL, 1),
(5227, 'Habibpur', 41, NULL, NULL, 1),
(5228, 'Kanturka', 41, NULL, NULL, 1),
(5229, 'Chanchal', 41, NULL, NULL, 1),
(5230, 'Hatinda', 41, NULL, NULL, 1),
(5231, 'Alal', 41, NULL, NULL, 1),
(5232, 'Deotala', 41, NULL, NULL, 1),
(5233, 'Gajol.', 41, NULL, NULL, 1),
(5234, 'Habibpur (Arajimistrabati)', 41, NULL, NULL, 1),
(5235, 'Hardamnagar', 41, NULL, NULL, 1),
(5236, 'Harishchandrapur', 41, NULL, NULL, 1),
(5237, 'Harishchandrapur -Ii', 41, NULL, NULL, 1),
(5238, 'Malior', 41, NULL, NULL, 1),
(5239, 'Mariary', 41, NULL, NULL, 1),
(5240, 'Miahat', 41, NULL, NULL, 1),
(5241, 'Pipla Kashimpur', 41, NULL, NULL, 1),
(5242, 'Talbangrua', 41, NULL, NULL, 1),
(5243, 'Talgachhi', 41, NULL, NULL, 1),
(5244, 'Talgram', 41, NULL, NULL, 1),
(5245, 'Talsur', 41, NULL, NULL, 1),
(5246, 'Khanpur Hubaspur 165', 41, NULL, NULL, 1),
(5247, 'Baishnabnagar', 41, NULL, NULL, 1),
(5248, 'Kaliachak', 41, NULL, NULL, 1),
(5249, 'Lakshipur', 41, NULL, NULL, 1),
(5250, 'Bamangola', 41, NULL, NULL, 1),
(5251, 'Bamongola', 41, NULL, NULL, 1),
(5252, 'Dalla', 41, NULL, NULL, 1),
(5253, 'Dighalbar', 41, NULL, NULL, 1),
(5254, 'Habibpuir', 41, NULL, NULL, 1),
(5255, 'Patul', 41, NULL, NULL, 1),
(5256, 'Amarsinghi', 41, NULL, NULL, 1),
(5257, 'Andhirampara', 41, NULL, NULL, 1),
(5258, 'Chorolmoni', 41, NULL, NULL, 1),
(5259, 'Damaipur', 41, NULL, NULL, 1),
(5260, 'Gangadevi', 41, NULL, NULL, 1),
(5261, 'Goripur', 41, NULL, NULL, 1),
(5262, 'Sripur', 41, NULL, NULL, 1),
(5263, 'Kushida', 41, NULL, NULL, 1),
(5264, 'Paro', 41, NULL, NULL, 1),
(5265, 'Tulsihatta', 41, NULL, NULL, 1),
(5266, 'Sahajalalpur', 41, NULL, NULL, 1),
(5267, 'Kharba', 41, NULL, NULL, 1),
(5268, 'Chariantatapur', 41, NULL, NULL, 1),
(5269, 'Kaliacahak', 41, NULL, NULL, 1),
(5270, 'Kaliachak-1', 41, NULL, NULL, 1),
(5271, 'Kaliachak-I', 41, NULL, NULL, 1),
(5272, 'Mozampur', 41, NULL, NULL, 1),
(5273, 'North Jadupur', 41, NULL, NULL, 1),
(5274, 'Silampur', 41, NULL, NULL, 1),
(5275, 'Silampur-Ii', 41, NULL, NULL, 1),
(5276, 'Chowki Mirdadpur', 41, NULL, NULL, 1),
(5277, 'Manikchak', 41, NULL, NULL, 1),
(5278, 'Pashchim Narayanpur', 41, NULL, NULL, 1),
(5279, 'Manikchjak', 41, NULL, NULL, 1),
(5280, 'Ratua -I', 41, NULL, NULL, 1),
(5281, 'Ratua-I', 41, NULL, NULL, 1),
(5282, 'Baro Sujapur', 41, NULL, NULL, 1),
(5283, 'Kaliachak Ii', 41, NULL, NULL, 1),
(5284, 'Kaliachak-Ii', 41, NULL, NULL, 1),
(5285, 'Mothabari', 41, NULL, NULL, 1),
(5286, 'Panchanandapur', 41, NULL, NULL, 1),
(5287, 'Uttar Lakshmipur', 41, NULL, NULL, 1),
(5288, 'Kaliachak-Iii', 41, NULL, NULL, 1),
(5289, 'Krishnapur', 41, NULL, NULL, 1),
(5290, 'Ratua-Ii', 41, NULL, NULL, 1),
(5291, 'Akandaberia', 41, NULL, NULL, 1),
(5292, 'Kadamtala', 41, NULL, NULL, 1),
(5293, 'Balurghat', 41, NULL, NULL, 1),
(5294, 'Itahar', 41, NULL, NULL, 1),
(5295, 'Banshihari', 41, NULL, NULL, 1),
(5296, 'Bansihari', 41, NULL, NULL, 1),
(5297, 'Kushmundi', 41, NULL, NULL, 1);
INSERT INTO `cities` (`id`, `name`, `state_id`, `created`, `modified`, `status`) VALUES
(5298, 'Raiganj', 41, NULL, NULL, 1),
(5299, 'Gazole', 41, NULL, NULL, 1),
(5300, 'Gangarampur', 41, NULL, NULL, 1),
(5301, 'Harirampur', 41, NULL, NULL, 1),
(5302, 'Hili', 41, NULL, NULL, 1),
(5303, 'Hilli', 41, NULL, NULL, 1),
(5304, 'Tapan', 41, NULL, NULL, 1),
(5305, 'Kaliaganj', 41, NULL, NULL, 1),
(5306, 'Kaliganj', 41, NULL, NULL, 1),
(5307, 'Kaliyaganj', 41, NULL, NULL, 1),
(5308, 'Hemtabad', 41, NULL, NULL, 1),
(5309, 'West Dinajpur', 41, NULL, NULL, 1),
(5310, 'Kushmandi', 41, NULL, NULL, 1),
(5311, 'Balurgthat', 41, NULL, NULL, 1),
(5312, 'Kumargunj', 41, NULL, NULL, 1),
(5313, 'Dalkhola', 41, NULL, NULL, 1),
(5314, 'Goalpokhar - Ii', 41, NULL, NULL, 1),
(5315, 'Karandighi', 41, NULL, NULL, 1),
(5316, 'Chopra', 41, NULL, NULL, 1),
(5317, 'Ilsmapur', 41, NULL, NULL, 1),
(5318, 'Goalpokhar - I', 41, NULL, NULL, 1),
(5319, 'Goalpukher', 41, NULL, NULL, 1),
(5320, 'Siliguri', 41, NULL, NULL, 1),
(5321, 'Rajganj', 41, NULL, NULL, 1),
(5322, 'Kalimpong -I', 41, NULL, NULL, 1),
(5323, 'Kurseong', 41, NULL, NULL, 1),
(5324, 'Naxalbari', 41, NULL, NULL, 1),
(5325, 'Matigara', 41, NULL, NULL, 1),
(5326, 'Darjeeling', 41, NULL, NULL, 1),
(5327, 'Phansidewa', 41, NULL, NULL, 1),
(5328, 'Darjeeling Pulbazar', 41, NULL, NULL, 1),
(5329, 'Jorebunglow Sukiapokhri', 41, NULL, NULL, 1),
(5330, 'Kalimpong - Ii', 41, NULL, NULL, 1),
(5331, 'Rangli Rangliot', 41, NULL, NULL, 1),
(5332, 'Kalimpong', 41, NULL, NULL, 1),
(5333, 'Mirik', 41, NULL, NULL, 1),
(5334, 'Darjiling', 41, NULL, NULL, 1),
(5335, 'Kharibari', 41, NULL, NULL, 1),
(5336, 'Mal', 41, NULL, NULL, 1),
(5337, 'Gorubathan', 41, NULL, NULL, 1),
(5338, 'Jalpaiguri', 41, NULL, NULL, 1),
(5339, 'Jalpaiguri Sadar', 41, NULL, NULL, 1),
(5340, 'Haldibari', 41, NULL, NULL, 1),
(5341, 'Dhupguri', 41, NULL, NULL, 1),
(5342, 'Nagrakata', 41, NULL, NULL, 1),
(5343, 'Falakata', 41, NULL, NULL, 1),
(5344, 'Madarihat', 41, NULL, NULL, 1),
(5345, 'Matelli', 41, NULL, NULL, 1),
(5346, 'Matteli', 41, NULL, NULL, 1),
(5347, 'Alipurduar', 41, NULL, NULL, 1),
(5348, 'Dhupguri Sadar', 41, NULL, NULL, 1),
(5349, 'Mathabhanga - Ii', 41, NULL, NULL, 1),
(5350, 'Mathabhanga', 41, NULL, NULL, 1),
(5351, 'Alipurduar - I', 41, NULL, NULL, 1),
(5352, 'Kalchini', 41, NULL, NULL, 1),
(5353, 'Dinhata - I', 41, NULL, NULL, 1),
(5354, 'Maynaguri', 41, NULL, NULL, 1),
(5355, 'Madari Hat', 41, NULL, NULL, 1),
(5356, 'Mekhliganj', 41, NULL, NULL, 1),
(5357, 'Kumargram', 41, NULL, NULL, 1),
(5358, 'Garubathan I', 41, NULL, NULL, 1),
(5359, 'Mekliganj', 41, NULL, NULL, 1),
(5360, 'Mekhliganjs.O.', 41, NULL, NULL, 1),
(5361, 'Cooch Behar - I', 41, NULL, NULL, 1),
(5362, 'Koch Bihar', 41, NULL, NULL, 1),
(5363, 'Tufanganj', 41, NULL, NULL, 1),
(5364, 'Tufanganj - Ii', 41, NULL, NULL, 1),
(5365, 'Cooch Behar', 41, NULL, NULL, 1),
(5366, 'Cooch Behar - Ii', 41, NULL, NULL, 1),
(5367, 'Dinhata', 41, NULL, NULL, 1),
(5368, 'Dinhata - Ii', 41, NULL, NULL, 1),
(5369, 'Mathabhanga - I', 41, NULL, NULL, 1),
(5370, 'Tufanganj - I', 41, NULL, NULL, 1),
(5371, 'Sitalkuchi', 41, NULL, NULL, 1),
(5372, 'Sitai', 41, NULL, NULL, 1),
(5373, 'Mathabhanga`', 41, NULL, NULL, 1),
(5374, 'Alipurduar - Ii', 41, NULL, NULL, 1),
(5375, 'Krishnagar - I', 41, NULL, NULL, 1),
(5376, 'Krishnanagar Municipality', 41, NULL, NULL, 1),
(5377, 'Dogachhi', 41, NULL, NULL, 1),
(5378, 'Hanskhali', 41, NULL, NULL, 1),
(5379, 'Krishnagar I', 41, NULL, NULL, 1),
(5380, 'Krishnanagar I', 41, NULL, NULL, 1),
(5381, 'Chapra', 41, NULL, NULL, 1),
(5382, 'Krishnagar-I', 41, NULL, NULL, 1),
(5383, 'Tehatta', 41, NULL, NULL, 1),
(5384, 'Tehatta I', 41, NULL, NULL, 1),
(5385, 'Nadia', 41, NULL, NULL, 1),
(5386, 'Ranaghat-I', 41, NULL, NULL, 1),
(5387, 'Santipur', 41, NULL, NULL, 1),
(5388, 'Karimpur I', 41, NULL, NULL, 1),
(5389, 'Nakashipara', 41, NULL, NULL, 1),
(5390, 'Dhubulia', 41, NULL, NULL, 1),
(5391, 'Krishnagar - Ii', 41, NULL, NULL, 1),
(5392, 'Krishnanagar Ii', 41, NULL, NULL, 1),
(5393, 'Bethuadahari', 41, NULL, NULL, 1),
(5394, 'Debagram', 41, NULL, NULL, 1),
(5395, 'Ranaghat - I', 41, NULL, NULL, 1),
(5396, 'Kalligang', 41, NULL, NULL, 1),
(5397, 'Krishnangar Ii', 41, NULL, NULL, 1),
(5398, 'Karimpur Ii', 41, NULL, NULL, 1),
(5399, 'Tehatta Ii', 41, NULL, NULL, 1),
(5400, 'Nowda', 41, NULL, NULL, 1),
(5401, 'Nowda (Murshidabad)', 41, NULL, NULL, 1),
(5402, 'Palashipara', 41, NULL, NULL, 1),
(5403, 'Plashipara', 41, NULL, NULL, 1),
(5404, 'Shikarpur Bdo I', 41, NULL, NULL, 1),
(5405, 'Krishnanagar-I', 41, NULL, NULL, 1),
(5406, 'Tehatta - I', 41, NULL, NULL, 1),
(5407, 'Karimpur Ii (Mohisbatan)', 41, NULL, NULL, 1),
(5408, 'Nazrpur', 41, NULL, NULL, 1),
(5409, 'Krishnaganj', 41, NULL, NULL, 1),
(5410, 'BERHAMPORE', 41, NULL, NULL, 1),
(5411, 'Ranaghat-I/Ii', 41, NULL, NULL, 1),
(5412, 'Ranagaht-Ii', 41, NULL, NULL, 1),
(5413, 'Ranaghat - Ii', 41, NULL, NULL, 1),
(5414, 'Ranaghat-Ii', 41, NULL, NULL, 1),
(5415, 'Haringhata', 41, NULL, NULL, 1),
(5416, 'Chakdah', 41, NULL, NULL, 1),
(5417, 'Chakdaha', 41, NULL, NULL, 1),
(5418, 'Haringhat', 41, NULL, NULL, 1),
(5419, 'Ranaghat', 41, NULL, NULL, 1),
(5420, 'Nabadwip', 41, NULL, NULL, 1),
(5421, 'Nabadwip Municipality', 41, NULL, NULL, 1),
(5422, 'Sreemayapur', 41, NULL, NULL, 1),
(5423, 'Krishnagar-Ii', 41, NULL, NULL, 1),
(5424, 'Purbasthali I', 41, NULL, NULL, 1),
(5425, 'Hanskhlai', 41, NULL, NULL, 1),
(5426, 'Murshidabad', 41, NULL, NULL, 1),
(5427, 'Murshidabad Jiaganj', 41, NULL, NULL, 1),
(5428, 'Nabagram', 41, NULL, NULL, 1),
(5429, 'Suti - Ii', 41, NULL, NULL, 1),
(5430, 'Domkal', 41, NULL, NULL, 1),
(5431, 'Nawda', 41, NULL, NULL, 1),
(5432, 'Sagardighi', 41, NULL, NULL, 1),
(5433, 'DEBIPUR', 41, NULL, NULL, 1),
(5434, 'Burwan', 41, NULL, NULL, 1),
(5435, 'Beldanga - I', 41, NULL, NULL, 1),
(5436, 'Bhagawangola - I', 41, NULL, NULL, 1),
(5437, 'Bhagawangola - Ii', 41, NULL, NULL, 1),
(5438, 'Kandi', 41, NULL, NULL, 1),
(5439, 'Suti - I', 41, NULL, NULL, 1),
(5440, 'Bharatpur - I', 41, NULL, NULL, 1),
(5441, 'Khargram', 41, NULL, NULL, 1),
(5442, 'Lalgola', 41, NULL, NULL, 1),
(5443, 'Beldanga - Ii', 41, NULL, NULL, 1),
(5444, 'Hariharpara', 41, NULL, NULL, 1),
(5445, 'Raghunathganj - I', 41, NULL, NULL, 1),
(5446, 'GOALJAN', 41, NULL, NULL, 1),
(5447, 'Farakka', 41, NULL, NULL, 1),
(5448, 'Samserganj', 41, NULL, NULL, 1),
(5449, 'Raghunathganj - Ii', 41, NULL, NULL, 1),
(5450, 'Jalangi', 41, NULL, NULL, 1),
(5451, 'GHORSALA', 41, NULL, NULL, 1),
(5452, 'Palsanda', 41, NULL, NULL, 1),
(5453, 'Raninagar - I', 41, NULL, NULL, 1),
(5454, 'Raninagar - Ii', 41, NULL, NULL, 1),
(5455, 'Bharatpur - Ii', 41, NULL, NULL, 1),
(5456, 'Behrampore', 41, NULL, NULL, 1),
(5457, 'Palta', 41, NULL, NULL, 1),
(5458, 'Bhatpara', 41, NULL, NULL, 1),
(5459, 'Jagatdal', 41, NULL, NULL, 1),
(5460, 'Kankinara', 41, NULL, NULL, 1),
(5461, 'Athpur', 41, NULL, NULL, 1),
(5462, 'Fingapara', 41, NULL, NULL, 1),
(5463, 'Garulia', 41, NULL, NULL, 1),
(5464, 'Halishahar', 41, NULL, NULL, 1),
(5465, 'Ichapur', 41, NULL, NULL, 1),
(5466, 'Kanchrapara', 41, NULL, NULL, 1),
(5467, 'Gorifa', 41, NULL, NULL, 1),
(5468, 'Adhata', 41, NULL, NULL, 1),
(5469, 'Hishabi', 41, NULL, NULL, 1),
(5470, 'Sadhanpur Uludanga', 41, NULL, NULL, 1),
(5471, 'Habra - Ii', 41, NULL, NULL, 1),
(5472, 'Iswarigacha', 41, NULL, NULL, 1),
(5473, 'Sabdalpur', 41, NULL, NULL, 1),
(5474, 'Bagdah', 41, NULL, NULL, 1),
(5475, 'Baksha', 41, NULL, NULL, 1),
(5476, 'Boyra', 41, NULL, NULL, 1),
(5477, 'Chandpur', 41, NULL, NULL, 1),
(5478, 'Hatkurulia', 41, NULL, NULL, 1),
(5479, 'Malidah', 41, NULL, NULL, 1),
(5480, 'Mambhagina', 41, NULL, NULL, 1),
(5481, 'Mashyampur', 41, NULL, NULL, 1),
(5482, 'Jeoldanga', 41, NULL, NULL, 1),
(5483, 'Bira', 41, NULL, NULL, 1),
(5484, 'Joypul', 41, NULL, NULL, 1),
(5485, 'Laxmipul', 41, NULL, NULL, 1),
(5486, 'Rowtara', 41, NULL, NULL, 1),
(5487, 'Sethpur', 41, NULL, NULL, 1),
(5488, 'Talsa', 41, NULL, NULL, 1),
(5489, 'Angrail', 41, NULL, NULL, 1),
(5490, 'Balisha Chowmatha', 41, NULL, NULL, 1),
(5491, 'Bangaon', 41, NULL, NULL, 1),
(5492, 'Boaldah', 41, NULL, NULL, 1),
(5493, 'Bongaon', 41, NULL, NULL, 1),
(5494, 'Dharampukuria', 41, NULL, NULL, 1),
(5495, 'Dogachia', 41, NULL, NULL, 1),
(5496, 'Ghatbour', 41, NULL, NULL, 1),
(5497, 'Kalupur', 41, NULL, NULL, 1),
(5498, 'Nakpul', 41, NULL, NULL, 1),
(5499, 'Panchita', 41, NULL, NULL, 1),
(5500, 'Paschim Malikberia', 41, NULL, NULL, 1),
(5501, 'Purantan Bongaon', 41, NULL, NULL, 1),
(5502, 'Baikara', 41, NULL, NULL, 1),
(5503, 'Ballavpur', 41, NULL, NULL, 1),
(5504, 'Chandpara', 41, NULL, NULL, 1),
(5505, 'Chekati', 41, NULL, NULL, 1),
(5506, 'Duma', 41, NULL, NULL, 1),
(5507, 'Gaighata', 41, NULL, NULL, 1),
(5508, 'Goalbathan', 41, NULL, NULL, 1),
(5509, 'Jhawdanga', 41, NULL, NULL, 1),
(5510, 'Jhikra', 41, NULL, NULL, 1),
(5511, 'Kahankia', 41, NULL, NULL, 1),
(5512, 'Kaipukuria', 41, NULL, NULL, 1),
(5513, 'Kharua Rajapur', 41, NULL, NULL, 1),
(5514, 'Monmohanpur', 41, NULL, NULL, 1),
(5515, 'Sasadanga', 41, NULL, NULL, 1),
(5516, 'Tetulbaria', 41, NULL, NULL, 1),
(5517, 'Barghorai', 41, NULL, NULL, 1),
(5518, 'Charghat', 41, NULL, NULL, 1),
(5519, 'Chatra', 41, NULL, NULL, 1),
(5520, 'Deara', 41, NULL, NULL, 1),
(5521, 'Kachdaha', 41, NULL, NULL, 1),
(5522, 'Kapileswarpur', 41, NULL, NULL, 1),
(5523, 'Ramchandrapur Khaspur', 41, NULL, NULL, 1),
(5524, 'Salua', 41, NULL, NULL, 1),
(5525, 'Adhikashimpur', 41, NULL, NULL, 1),
(5526, 'Bamangachi', 41, NULL, NULL, 1),
(5527, 'Amandikandi', 41, NULL, NULL, 1),
(5528, 'Colony Simulia', 41, NULL, NULL, 1),
(5529, 'Dharampur', 41, NULL, NULL, 1),
(5530, 'Ghonza', 41, NULL, NULL, 1),
(5531, 'Jaleswar', 41, NULL, NULL, 1),
(5532, 'Natagram', 41, NULL, NULL, 1),
(5533, 'Rampur Bhatpara', 41, NULL, NULL, 1),
(5534, 'Ambikapur', 41, NULL, NULL, 1),
(5535, 'Amdobe', 41, NULL, NULL, 1),
(5536, 'Asharu', 41, NULL, NULL, 1),
(5537, 'Bagangram', 41, NULL, NULL, 1),
(5538, 'Bagda', 41, NULL, NULL, 1),
(5539, 'Baliadanga', 41, NULL, NULL, 1),
(5540, 'Beara', 41, NULL, NULL, 1),
(5541, 'Bharatpur', 41, NULL, NULL, 1),
(5542, 'Ganrapota', 41, NULL, NULL, 1),
(5543, 'Ghatpatila', 41, NULL, NULL, 1),
(5544, 'Gobrapur', 41, NULL, NULL, 1),
(5545, 'Gotri', 41, NULL, NULL, 1),
(5546, 'Jagadishpur', 41, NULL, NULL, 1),
(5547, 'Karanga', 41, NULL, NULL, 1),
(5548, 'Koniara', 41, NULL, NULL, 1),
(5549, 'Krishnachandapur', 41, NULL, NULL, 1),
(5550, 'Panchpota', 41, NULL, NULL, 1),
(5551, 'Pathsimulia', 41, NULL, NULL, 1),
(5552, 'Ranihati', 41, NULL, NULL, 1),
(5553, 'Sundarpur', 41, NULL, NULL, 1),
(5554, 'Tangra', 41, NULL, NULL, 1),
(5555, 'Gobardanga', 41, NULL, NULL, 1),
(5556, 'Nakpul Kuchlia', 41, NULL, NULL, 1),
(5557, 'Bairampur', 41, NULL, NULL, 1),
(5558, 'Barrackpore Sripalli', 41, NULL, NULL, 1),
(5559, 'Gopalnagar', 41, NULL, NULL, 1),
(5560, 'Madiahat', 41, NULL, NULL, 1),
(5561, 'Satberi', 41, NULL, NULL, 1),
(5562, 'Simulia', 41, NULL, NULL, 1),
(5563, 'Bergoom', 41, NULL, NULL, 1),
(5564, 'Fultala', 41, NULL, NULL, 1),
(5565, 'Janaphul', 41, NULL, NULL, 1),
(5566, 'Putia', 41, NULL, NULL, 1),
(5567, 'Baneswarpur', 41, NULL, NULL, 1),
(5568, 'Berabari', 41, NULL, NULL, 1),
(5569, 'Bhawanipur', 41, NULL, NULL, 1),
(5570, 'H Colony', 41, NULL, NULL, 1),
(5571, 'Kulia', 41, NULL, NULL, 1),
(5572, 'Kumarkhola', 41, NULL, NULL, 1),
(5573, 'Nataberia', 41, NULL, NULL, 1),
(5574, 'Kumra', 41, NULL, NULL, 1),
(5575, 'Sonakenia', 41, NULL, NULL, 1),
(5576, 'Samudrapur', 41, NULL, NULL, 1),
(5577, 'Sendanga', 41, NULL, NULL, 1),
(5578, 'Amudia', 41, NULL, NULL, 1),
(5579, 'Balti', 41, NULL, NULL, 1),
(5580, 'East Bishnupur', 41, NULL, NULL, 1),
(5581, 'Gobindapur', 41, NULL, NULL, 1),
(5582, 'Hakimpur', 41, NULL, NULL, 1),
(5583, 'Nityananda Kati', 41, NULL, NULL, 1),
(5584, 'Purandarpur', 41, NULL, NULL, 1),
(5585, 'Saguna', 41, NULL, NULL, 1),
(5586, 'Sakdah Jadapur', 41, NULL, NULL, 1),
(5587, 'Sutia', 41, NULL, NULL, 1),
(5588, 'Swarupnagar', 41, NULL, NULL, 1),
(5589, 'Banglani', 41, NULL, NULL, 1),
(5590, 'Bithari', 41, NULL, NULL, 1),
(5591, 'Duttapara', 41, NULL, NULL, 1),
(5592, 'Kantabagan', 41, NULL, NULL, 1),
(5593, 'Sanrapul', 41, NULL, NULL, 1),
(5594, 'Chikanpara', 41, NULL, NULL, 1),
(5595, 'Ramchandra Pur', 41, NULL, NULL, 1),
(5596, 'Ghoshpur', 41, NULL, NULL, 1),
(5597, 'Rajballapur', 41, NULL, NULL, 1),
(5598, 'Simulpur', 41, NULL, NULL, 1),
(5599, 'Uludanga', 41, NULL, NULL, 1),
(5600, 'Bhanderkhola', 41, NULL, NULL, 1),
(5601, 'Chowberia', 41, NULL, NULL, 1),
(5602, 'Dighari', 41, NULL, NULL, 1),
(5603, 'Hingli', 41, NULL, NULL, 1),
(5604, 'Naahata', 41, NULL, NULL, 1),
(5605, 'Ramshankarpur', 41, NULL, NULL, 1),
(5606, 'Satashi', 41, NULL, NULL, 1),
(5607, 'Taranipur', 41, NULL, NULL, 1),
(5608, 'Basirhat', 41, NULL, NULL, 1),
(5609, 'Mominpur', 41, NULL, NULL, 1),
(5610, 'Rajendrapur', 41, NULL, NULL, 1),
(5611, 'Basirhat - I', 41, NULL, NULL, 1),
(5612, 'Itinda', 41, NULL, NULL, 1),
(5613, 'Merudandi', 41, NULL, NULL, 1),
(5614, 'Panitar', 41, NULL, NULL, 1),
(5615, 'Sibhati', 41, NULL, NULL, 1),
(5616, 'Eojnagar', 41, NULL, NULL, 1),
(5617, 'Gokna', 41, NULL, NULL, 1),
(5618, 'Jadurhati', 41, NULL, NULL, 1),
(5619, 'Kachua Swarupnagar', 41, NULL, NULL, 1),
(5620, 'Bohara', 41, NULL, NULL, 1),
(5621, 'Chhoto Jagulia', 41, NULL, NULL, 1),
(5622, 'Naksha', 41, NULL, NULL, 1),
(5623, 'Nimdaria', 41, NULL, NULL, 1),
(5624, 'Sindrani', 41, NULL, NULL, 1),
(5625, 'Thoara', 41, NULL, NULL, 1),
(5626, 'Barast', 41, NULL, NULL, 1),
(5627, 'Basanti', 41, NULL, NULL, 1),
(5628, 'Sandeshkhali - Ii', 41, NULL, NULL, 1),
(5629, 'Canning - I', 41, NULL, NULL, 1),
(5630, 'Canning - Ii', 41, NULL, NULL, 1),
(5631, 'Kultali', 41, NULL, NULL, 1),
(5632, 'Champahati', 41, NULL, NULL, 1),
(5633, 'Diamond Harbour - I', 41, NULL, NULL, 1),
(5634, 'Kulpi', 41, NULL, NULL, 1),
(5635, 'Magrahat - I', 41, NULL, NULL, 1),
(5636, 'Mandirbazar', 41, NULL, NULL, 1),
(5637, 'Mathurapur - I', 41, NULL, NULL, 1),
(5638, 'Jaynagar - I', 41, NULL, NULL, 1),
(5639, 'Jaynagar - Ii', 41, NULL, NULL, 1),
(5640, 'Namkhana', 41, NULL, NULL, 1),
(5641, 'Kakdwip', 41, NULL, NULL, 1),
(5642, 'Patharpratima', 41, NULL, NULL, 1),
(5643, 'Mathurapur - Ii', 41, NULL, NULL, 1),
(5644, 'Magrahat - Ii', 41, NULL, NULL, 1),
(5645, 'Sagar', 41, NULL, NULL, 1),
(5646, 'Canning', 41, NULL, NULL, 1),
(5647, 'Diamond Harbour - Ii', 41, NULL, NULL, 1),
(5648, 'Bakrahat', 41, NULL, NULL, 1),
(5649, 'Bishnupur - Ii', 41, NULL, NULL, 1),
(5650, 'Baduria', 41, NULL, NULL, 1),
(5651, 'Bena', 41, NULL, NULL, 1),
(5652, 'Buruj', 41, NULL, NULL, 1),
(5653, 'Jasaikati', 41, NULL, NULL, 1),
(5654, 'Naya Basti', 41, NULL, NULL, 1),
(5655, 'Simulia Durgapur', 41, NULL, NULL, 1),
(5656, 'Taragunia', 41, NULL, NULL, 1),
(5657, 'Chaigharia', 41, NULL, NULL, 1),
(5658, 'Khalitpur', 41, NULL, NULL, 1),
(5659, 'Petrapole', 41, NULL, NULL, 1),
(5660, 'Minakhan', 41, NULL, NULL, 1),
(5661, 'Dandirhat', 41, NULL, NULL, 1),
(5662, 'Dhaltita', 41, NULL, NULL, 1),
(5663, 'Karnolkora', 41, NULL, NULL, 1),
(5664, 'Biramnagar', 41, NULL, NULL, 1),
(5665, 'Gotra', 41, NULL, NULL, 1),
(5666, 'Kathur', 41, NULL, NULL, 1),
(5667, 'Makhalgacha', 41, NULL, NULL, 1),
(5668, 'Paikparahat', 41, NULL, NULL, 1),
(5669, 'Pifa', 41, NULL, NULL, 1),
(5670, 'Sangrampur', 41, NULL, NULL, 1),
(5671, 'Zirakpur', 41, NULL, NULL, 1),
(5672, 'Baidyapur', 41, NULL, NULL, 1),
(5673, 'Belpur', 41, NULL, NULL, 1),
(5674, 'Bhasila', 41, NULL, NULL, 1),
(5675, 'Deganga', 41, NULL, NULL, 1),
(5676, 'Gobardhanpur', 41, NULL, NULL, 1),
(5677, 'Kaliani', 41, NULL, NULL, 1),
(5678, 'Maslishpur', 41, NULL, NULL, 1),
(5679, 'Phazilpur', 41, NULL, NULL, 1),
(5680, 'Ramnathpur', 41, NULL, NULL, 1),
(5681, 'Sashan', 41, NULL, NULL, 1),
(5682, 'Sohaikumarpur', 41, NULL, NULL, 1),
(5683, 'Chjandpur', 41, NULL, NULL, 1),
(5684, 'Chorashi', 41, NULL, NULL, 1),
(5685, 'Debalaya', 41, NULL, NULL, 1),
(5686, 'Gobila', 41, NULL, NULL, 1),
(5687, 'Kachua', 41, NULL, NULL, 1),
(5688, 'Secondranagar', 41, NULL, NULL, 1),
(5689, 'Adampur', 41, NULL, NULL, 1),
(5690, 'Ajijnagar', 41, NULL, NULL, 1),
(5691, 'Atpukur', 41, NULL, NULL, 1),
(5692, 'Bamanpukur', 41, NULL, NULL, 1),
(5693, 'Chowhata', 41, NULL, NULL, 1),
(5694, 'Dhutradaha', 41, NULL, NULL, 1),
(5695, 'Haroa', 41, NULL, NULL, 1),
(5696, 'Joygram', 41, NULL, NULL, 1),
(5697, 'Khalisadi', 41, NULL, NULL, 1),
(5698, 'Kharupala', 41, NULL, NULL, 1),
(5699, 'Khasbalanda', 41, NULL, NULL, 1),
(5700, 'Kumarzole', 41, NULL, NULL, 1),
(5701, 'Malancha', 41, NULL, NULL, 1),
(5702, 'Raikhan', 41, NULL, NULL, 1),
(5703, 'Uchildah', 41, NULL, NULL, 1),
(5704, 'Barunhat', 41, NULL, NULL, 1),
(5705, 'Bhurkunda', 41, NULL, NULL, 1),
(5706, 'Chakpatli', 41, NULL, NULL, 1),
(5707, 'Ghoni', 41, NULL, NULL, 1),
(5708, 'Ghosalbati', 41, NULL, NULL, 1),
(5709, 'Hasnabad', 41, NULL, NULL, 1),
(5710, 'Ichapurabad', 41, NULL, NULL, 1),
(5711, 'Rameswarpur', 41, NULL, NULL, 1),
(5712, 'Simulia Kalibari', 41, NULL, NULL, 1),
(5713, 'Sulkaniabad', 41, NULL, NULL, 1),
(5714, 'Aturia', 41, NULL, NULL, 1),
(5715, 'Bajitpur', 41, NULL, NULL, 1),
(5716, 'Barabankra', 41, NULL, NULL, 1),
(5717, 'Bhaduria', 41, NULL, NULL, 1),
(5718, 'Gandharbapur', 41, NULL, NULL, 1),
(5719, 'Goaldaha', 41, NULL, NULL, 1),
(5720, 'Kaijuri', 41, NULL, NULL, 1),
(5721, 'Katiahat', 41, NULL, NULL, 1),
(5722, 'Paschim Palta', 41, NULL, NULL, 1),
(5723, 'Punra', 41, NULL, NULL, 1),
(5724, 'Safirabad', 41, NULL, NULL, 1),
(5725, 'Sayestanagar', 41, NULL, NULL, 1),
(5726, 'Basirhat - Ii', 41, NULL, NULL, 1),
(5727, 'Kholapota', 41, NULL, NULL, 1),
(5728, 'Srinagar', 41, NULL, NULL, 1),
(5729, 'Zafarpur', 41, NULL, NULL, 1),
(5730, 'Bagundi', 41, NULL, NULL, 1),
(5731, 'Paschim Madhyampur', 41, NULL, NULL, 1),
(5732, 'Soladanga', 41, NULL, NULL, 1),
(5733, 'Takipur', 41, NULL, NULL, 1),
(5734, 'Akimamudpur', 41, NULL, NULL, 1),
(5735, 'Amberia', 41, NULL, NULL, 1),
(5736, 'Bakra Dabar', 41, NULL, NULL, 1),
(5737, 'Bankra', 41, NULL, NULL, 1),
(5738, 'Banshtala', 41, NULL, NULL, 1),
(5739, 'Bishpur', 41, NULL, NULL, 1),
(5740, 'Dharamberia', 41, NULL, NULL, 1),
(5741, 'Hingalganj', 41, NULL, NULL, 1),
(5742, 'Kothabari', 41, NULL, NULL, 1),
(5743, 'Purba Khejurberia', 41, NULL, NULL, 1),
(5744, 'Rupmari', 41, NULL, NULL, 1),
(5745, 'Sandelerbill', 41, NULL, NULL, 1),
(5746, 'Begumpur', 41, NULL, NULL, 1),
(5747, 'Dhanyakuria', 41, NULL, NULL, 1),
(5748, 'Matia', 41, NULL, NULL, 1),
(5749, 'Nehalpur', 41, NULL, NULL, 1),
(5750, 'Atghara', 41, NULL, NULL, 1),
(5751, 'Jangalpur', 41, NULL, NULL, 1),
(5752, 'Kamdevkati', 41, NULL, NULL, 1),
(5753, 'Mandra', 41, NULL, NULL, 1),
(5754, 'Parpatna', 41, NULL, NULL, 1),
(5755, 'Bhanderkhali', 41, NULL, NULL, 1),
(5756, 'Charalkhali', 41, NULL, NULL, 1),
(5757, 'Choto Sahebkhali', 41, NULL, NULL, 1),
(5758, 'Dulduli Mathbari', 41, NULL, NULL, 1),
(5759, 'Hatgachha', 41, NULL, NULL, 1),
(5760, 'Hemnagar', 41, NULL, NULL, 1),
(5761, 'Jogeshganj', 41, NULL, NULL, 1),
(5762, 'Kalitala', 41, NULL, NULL, 1),
(5763, 'Labukhali', 41, NULL, NULL, 1),
(5764, 'Madhavkathi', 41, NULL, NULL, 1),
(5765, 'Malekangumti', 41, NULL, NULL, 1),
(5766, 'Manikkathi', 41, NULL, NULL, 1),
(5767, 'Parghumti', 41, NULL, NULL, 1),
(5768, 'Pathghoria', 41, NULL, NULL, 1),
(5769, 'Rampur', 41, NULL, NULL, 1),
(5770, 'Sahebkhali', 41, NULL, NULL, 1),
(5771, 'Samsernagar', 41, NULL, NULL, 1),
(5772, 'Sandeshkhali - I', 41, NULL, NULL, 1),
(5773, 'Sridharkati', 41, NULL, NULL, 1),
(5774, '24 Parganas', 41, NULL, NULL, 1),
(5775, 'Akratola', 41, NULL, NULL, 1),
(5776, 'Bamanibad', 41, NULL, NULL, 1),
(5777, 'Bermajur', 41, NULL, NULL, 1),
(5778, 'Boyermari', 41, NULL, NULL, 1),
(5779, 'Choto Sehara', 41, NULL, NULL, 1),
(5780, 'Dheknamari', 41, NULL, NULL, 1),
(5781, 'Ghatihara', 41, NULL, NULL, 1),
(5782, 'Ghoshpara', 41, NULL, NULL, 1),
(5783, 'Jhopkhali', 41, NULL, NULL, 1),
(5784, 'Kalinagar', 41, NULL, NULL, 1),
(5785, 'Kanmari', 41, NULL, NULL, 1),
(5786, 'Kharihatabad', 41, NULL, NULL, 1),
(5787, 'Mathbariabad', 41, NULL, NULL, 1),
(5788, 'Nalkora', 41, NULL, NULL, 1),
(5789, 'Nazat', 41, NULL, NULL, 1),
(5790, 'Nityaberia', 41, NULL, NULL, 1),
(5791, 'Purba Sankardaha', 41, NULL, NULL, 1),
(5792, 'Amta', 41, NULL, NULL, 1),
(5793, 'Bhabanipur', 41, NULL, NULL, 1),
(5794, 'Chaita', 41, NULL, NULL, 1),
(5795, 'Ghona', 41, NULL, NULL, 1),
(5796, 'Gopalpur', 41, NULL, NULL, 1),
(5797, 'Sodarpur-Behala', 41, NULL, NULL, 1),
(5798, 'Atapur', 41, NULL, NULL, 1),
(5799, 'Bhangatushkhali', 41, NULL, NULL, 1),
(5800, 'Bowthakurani', 41, NULL, NULL, 1),
(5801, 'Dhuchnikhali', 41, NULL, NULL, 1),
(5802, 'Durgamandop', 41, NULL, NULL, 1),
(5803, 'Dwarikjungle', 41, NULL, NULL, 1),
(5804, 'Joygopalpur', 41, NULL, NULL, 1),
(5805, 'Khulna', 41, NULL, NULL, 1),
(5806, 'Korakati', 41, NULL, NULL, 1),
(5807, 'Sandeshkhali', 41, NULL, NULL, 1),
(5808, 'Sitalia', 41, NULL, NULL, 1),
(5809, 'Sukdwani', 41, NULL, NULL, 1),
(5810, 'Tushkhali', 41, NULL, NULL, 1),
(5811, 'Amodpur', 41, NULL, NULL, 1),
(5812, 'Bhebia', 41, NULL, NULL, 1),
(5813, 'Chaital', 41, NULL, NULL, 1),
(5814, 'Chimta Kachari', 41, NULL, NULL, 1),
(5815, 'Garakupi', 41, NULL, NULL, 1),
(5816, 'Kharampur', 41, NULL, NULL, 1),
(5817, 'Kuliadanga', 41, NULL, NULL, 1),
(5818, 'Malikagherai', 41, NULL, NULL, 1),
(5819, 'Murarisah', 41, NULL, NULL, 1),
(5820, 'Nimichi', 41, NULL, NULL, 1),
(5821, 'Nurpur', 41, NULL, NULL, 1),
(5822, 'Bhangar - I', 41, NULL, NULL, 1),
(5823, 'Falta', 41, NULL, NULL, 1),
(5824, 'Santoshpur', 41, NULL, NULL, 1),
(5825, 'Belta', 41, NULL, NULL, 1),
(5826, 'Durgapur', 41, NULL, NULL, 1),
(5827, 'Palla', 41, NULL, NULL, 1),
(5828, 'Sonekpur', 41, NULL, NULL, 1),
(5829, 'Rajibpur', 41, NULL, NULL, 1),
(5830, 'Guma', 41, NULL, NULL, 1),
(5831, 'Prithiba', 41, NULL, NULL, 1),
(5832, 'Akaipur', 41, NULL, NULL, 1),
(5833, 'Gadpukuria', 41, NULL, NULL, 1),
(5834, 'Goribpur', 41, NULL, NULL, 1),
(5835, 'Panchberia', 41, NULL, NULL, 1),
(5836, 'Beraberi', 41, NULL, NULL, 1),
(5837, 'Masunda', 41, NULL, NULL, 1),
(5838, 'Srikrishnapur', 41, NULL, NULL, 1),
(5839, 'Suria', 41, NULL, NULL, 1),
(5840, 'Bhubaneswar', 29, NULL, NULL, 1),
(5841, 'Lingaraj', 29, NULL, NULL, 1),
(5842, 'Saheednagar', 29, NULL, NULL, 1),
(5843, 'Balianta', 29, NULL, NULL, 1),
(5844, 'Puri', 29, NULL, NULL, 1),
(5845, 'Brahmagiri', 29, NULL, NULL, 1),
(5846, 'Krushnaprasad', 29, NULL, NULL, 1),
(5847, 'Satyabadi', 29, NULL, NULL, 1),
(5848, 'Satyabai', 29, NULL, NULL, 1),
(5849, 'Khurda', 29, NULL, NULL, 1),
(5850, 'Banpur', 29, NULL, NULL, 1),
(5851, 'Pipli', 29, NULL, NULL, 1),
(5852, 'Tangi', 29, NULL, NULL, 1),
(5853, 'Ranpur', 29, NULL, NULL, 1),
(5854, 'Kordha', 29, NULL, NULL, 1),
(5855, 'Chilika', 29, NULL, NULL, 1),
(5856, 'Krishnaprasad', 29, NULL, NULL, 1),
(5857, 'Krushnaprsad', 29, NULL, NULL, 1),
(5858, 'Begunia', 29, NULL, NULL, 1),
(5859, 'Panikoii', 29, NULL, NULL, 1),
(5860, 'Sakhigopal', 29, NULL, NULL, 1),
(5861, 'Jatni', 29, NULL, NULL, 1),
(5862, 'Pipili', 29, NULL, NULL, 1),
(5863, 'Kanas', 29, NULL, NULL, 1),
(5864, 'Nayagarh', 29, NULL, NULL, 1),
(5865, 'Bhapur', 29, NULL, NULL, 1),
(5866, 'Bolagarh', 29, NULL, NULL, 1),
(5867, 'Odagaon', 29, NULL, NULL, 1),
(5868, 'Khandapara', 29, NULL, NULL, 1),
(5869, 'Khandaparagarh', 29, NULL, NULL, 1),
(5870, 'Daspalla', 29, NULL, NULL, 1),
(5871, 'Ranapur', 29, NULL, NULL, 1),
(5872, 'Khandapra', 29, NULL, NULL, 1),
(5873, 'Balugaon', 29, NULL, NULL, 1),
(5874, 'Nimapada', 29, NULL, NULL, 1),
(5875, 'Nimapara', 29, NULL, NULL, 1),
(5876, 'Gop', 29, NULL, NULL, 1),
(5877, 'Kakatpur', 29, NULL, NULL, 1),
(5878, 'Kakatpur]', 29, NULL, NULL, 1),
(5879, 'Konark', 29, NULL, NULL, 1),
(5880, 'Niampara', 29, NULL, NULL, 1),
(5881, 'Niali', 29, NULL, NULL, 1),
(5882, 'Cuttack Sadar', 29, NULL, NULL, 1),
(5883, 'Cuttack', 29, NULL, NULL, 1),
(5884, 'Gobindpur', 29, NULL, NULL, 1),
(5885, 'Balipatna', 29, NULL, NULL, 1),
(5886, 'Barang', 29, NULL, NULL, 1),
(5887, 'Banki', 29, NULL, NULL, 1),
(5888, 'Chandaka', 29, NULL, NULL, 1),
(5889, 'Choudwar', 29, NULL, NULL, 1),
(5890, 'Jagatpur', 29, NULL, NULL, 1),
(5891, 'Tangi Choudwar', 29, NULL, NULL, 1),
(5892, 'Darpan', 29, NULL, NULL, 1),
(5893, 'Badachana', 29, NULL, NULL, 1),
(5894, 'Athagarh', 29, NULL, NULL, 1),
(5895, 'Athagad', 29, NULL, NULL, 1),
(5896, 'Tigiria', 29, NULL, NULL, 1),
(5897, 'Badamba', 29, NULL, NULL, 1),
(5898, 'Baramba', 29, NULL, NULL, 1),
(5899, 'Narasinghpur', 29, NULL, NULL, 1),
(5900, 'Anugul', 29, NULL, NULL, 1),
(5901, 'Narsinghpur', 29, NULL, NULL, 1),
(5902, 'Biridi', 29, NULL, NULL, 1),
(5903, 'Jagatsinghapur', 29, NULL, NULL, 1),
(5904, 'Jagatsinghpur', 29, NULL, NULL, 1),
(5905, 'Kujang', 29, NULL, NULL, 1),
(5906, 'Raghunathpur', 29, NULL, NULL, 1),
(5907, 'Tirtol', 29, NULL, NULL, 1),
(5908, 'Balikuda', 29, NULL, NULL, 1),
(5909, 'Naugaon', 29, NULL, NULL, 1),
(5910, 'Naugaonhat', 29, NULL, NULL, 1),
(5911, 'Ersama', 29, NULL, NULL, 1),
(5912, 'Paradip', 29, NULL, NULL, 1),
(5913, 'Kishannagar', 29, NULL, NULL, 1),
(5914, 'Kishorenagar', 29, NULL, NULL, 1),
(5915, 'Salipur', 29, NULL, NULL, 1),
(5916, 'Marsaghai', 29, NULL, NULL, 1),
(5917, 'Patkura', 29, NULL, NULL, 1),
(5918, 'Tirol', 29, NULL, NULL, 1),
(5919, 'Kujanga', 29, NULL, NULL, 1),
(5920, 'Salepur', 29, NULL, NULL, 1),
(5921, 'Kendrapara', 29, NULL, NULL, 1),
(5922, 'Darpanigarh', 29, NULL, NULL, 1),
(5923, 'Marasaghai', 29, NULL, NULL, 1),
(5924, 'Jajpur', 29, NULL, NULL, 1),
(5925, 'Pattamundai', 29, NULL, NULL, 1),
(5926, 'Aul', 29, NULL, NULL, 1),
(5927, 'Rajkanika', 29, NULL, NULL, 1),
(5928, 'Rajnagar', 29, NULL, NULL, 1),
(5929, 'Padmapur', 29, NULL, NULL, 1),
(5930, 'Mahanga', 29, NULL, NULL, 1),
(5931, 'Dharmasala', 29, NULL, NULL, 1),
(5932, 'Binjharpur', 29, NULL, NULL, 1),
(5933, 'Jajapur', 29, NULL, NULL, 1),
(5934, 'Jajpur Road', 29, NULL, NULL, 1),
(5935, 'Jajpur Raod', 29, NULL, NULL, 1),
(5936, 'Keonjhar', 29, NULL, NULL, 1),
(5937, 'Jajpur Road.', 29, NULL, NULL, 1),
(5938, 'Bimjharpur', 29, NULL, NULL, 1),
(5939, 'Balasore', 29, NULL, NULL, 1),
(5940, 'Baleshwar Sadar', 29, NULL, NULL, 1),
(5941, 'Baleshwar', 29, NULL, NULL, 1),
(5942, 'Nilgiri', 29, NULL, NULL, 1),
(5943, 'Remuna', 29, NULL, NULL, 1),
(5944, 'Nilagiri', 29, NULL, NULL, 1),
(5945, 'Niligiri', 29, NULL, NULL, 1),
(5946, 'Basta', 29, NULL, NULL, 1),
(5947, 'Baliapal', 29, NULL, NULL, 1),
(5948, 'Singla', 29, NULL, NULL, 1),
(5949, 'Rupsa', 29, NULL, NULL, 1),
(5950, 'Jaleswar', 29, NULL, NULL, 1),
(5951, 'Raibania', 29, NULL, NULL, 1),
(5952, 'Bhograi', 29, NULL, NULL, 1),
(5953, 'Soro', 29, NULL, NULL, 1),
(5954, 'Similia', 29, NULL, NULL, 1),
(5955, 'Khaira', 29, NULL, NULL, 1),
(5956, 'Simulia', 29, NULL, NULL, 1),
(5957, 'Bhadrak Rural', 29, NULL, NULL, 1),
(5958, 'Bhadrak', 29, NULL, NULL, 1),
(5959, 'Bant', 29, NULL, NULL, 1),
(5960, 'Bhandari Pokhari', 29, NULL, NULL, 1),
(5961, 'Dhamnagar', 29, NULL, NULL, 1),
(5962, 'Agarpada', 29, NULL, NULL, 1),
(5963, 'Dhusuri', 29, NULL, NULL, 1),
(5964, 'Dhamanagar', 29, NULL, NULL, 1),
(5965, 'Hatadihi', 29, NULL, NULL, 1),
(5966, 'Basudevpur', 29, NULL, NULL, 1),
(5967, 'Basudebpur', 29, NULL, NULL, 1),
(5968, 'Tihidi', 29, NULL, NULL, 1),
(5969, 'Chandabali', 29, NULL, NULL, 1),
(5970, 'Chandbali', 29, NULL, NULL, 1),
(5971, 'Basduevpur', 29, NULL, NULL, 1),
(5972, 'Baripada', 29, NULL, NULL, 1),
(5973, 'Baripara', 29, NULL, NULL, 1),
(5974, 'R.G. Pur', 29, NULL, NULL, 1),
(5975, 'R.G.Pur', 29, NULL, NULL, 1),
(5976, 'Rasgovindpur', 29, NULL, NULL, 1),
(5977, 'Barsahi', 29, NULL, NULL, 1),
(5978, 'Barsashi', 29, NULL, NULL, 1),
(5979, 'Betnoti', 29, NULL, NULL, 1),
(5980, 'Udala', 29, NULL, NULL, 1),
(5981, 'Rg Pur', 29, NULL, NULL, 1),
(5982, 'Barasahi', 29, NULL, NULL, 1),
(5983, 'Rairangpur', 29, NULL, NULL, 1),
(5984, 'Karanjia', 29, NULL, NULL, 1),
(5985, 'Bahalda', 29, NULL, NULL, 1),
(5986, 'Mayurbhanj', 29, NULL, NULL, 1),
(5987, 'Khunta', 29, NULL, NULL, 1),
(5988, 'Kendujhar Town', 29, NULL, NULL, 1),
(5989, 'Anandapur', 29, NULL, NULL, 1),
(5990, 'Ghatagaon', 29, NULL, NULL, 1),
(5991, 'Patna', 29, NULL, NULL, 1),
(5992, 'Telkoi', 29, NULL, NULL, 1),
(5993, 'Jajapur Road', 29, NULL, NULL, 1),
(5994, 'Anadapur', 29, NULL, NULL, 1),
(5995, 'Gahtagaon', 29, NULL, NULL, 1),
(5996, 'Champua', 29, NULL, NULL, 1),
(5997, 'Barbil', 29, NULL, NULL, 1),
(5998, 'Baril', 29, NULL, NULL, 1),
(5999, 'Andnapur', 29, NULL, NULL, 1),
(6000, 'Banspal', 29, NULL, NULL, 1),
(6001, 'Dhenkanal', 29, NULL, NULL, 1),
(6002, 'Dhenkanal Sadar', 29, NULL, NULL, 1),
(6003, 'Gandia', 29, NULL, NULL, 1),
(6004, 'Bhuban', 29, NULL, NULL, 1),
(6005, 'Kamakhyanagar', 29, NULL, NULL, 1),
(6006, 'Kamakshyanagar', 29, NULL, NULL, 1),
(6007, 'Hindol', 29, NULL, NULL, 1),
(6008, 'Motunga', 29, NULL, NULL, 1),
(6009, 'Parajang', 29, NULL, NULL, 1),
(6010, 'Rasol', 29, NULL, NULL, 1),
(6011, 'Tumusingha', 29, NULL, NULL, 1),
(6012, 'Talcher', 29, NULL, NULL, 1),
(6013, 'Banarpal', 29, NULL, NULL, 1),
(6014, 'Khamar', 29, NULL, NULL, 1),
(6015, 'Rengali Damsite', 29, NULL, NULL, 1),
(6016, 'Samal Barrage', 29, NULL, NULL, 1),
(6017, 'Talcher Sadar', 29, NULL, NULL, 1),
(6018, 'Kaniha', 29, NULL, NULL, 1),
(6019, 'Colliery', 29, NULL, NULL, 1),
(6020, 'Chhendipada', 29, NULL, NULL, 1),
(6021, 'Pallahara', 29, NULL, NULL, 1),
(6022, 'Balimi', 29, NULL, NULL, 1),
(6023, 'Angul', 29, NULL, NULL, 1),
(6024, 'Athamallik', 29, NULL, NULL, 1),
(6025, 'Athmallik', 29, NULL, NULL, 1),
(6026, 'Thakurgarh', 29, NULL, NULL, 1),
(6027, 'Berhampur', 29, NULL, NULL, 1),
(6028, 'Brahmapur Sadar', 29, NULL, NULL, 1),
(6029, 'Chhatrapur', 29, NULL, NULL, 1),
(6030, 'Gopalpur', 29, NULL, NULL, 1),
(6031, 'Purushottampur', 29, NULL, NULL, 1),
(6032, 'Purusottampur', 29, NULL, NULL, 1),
(6033, 'Chikiti', 29, NULL, NULL, 1),
(6034, 'Jarada', 29, NULL, NULL, 1),
(6035, 'Digapahandi', 29, NULL, NULL, 1),
(6036, 'Berhampurf', 29, NULL, NULL, 1),
(6037, 'Girisola', 29, NULL, NULL, 1),
(6038, 'Golanthara', 29, NULL, NULL, 1),
(6039, 'Aska', 29, NULL, NULL, 1),
(6040, 'Garabandha', 29, NULL, NULL, 1),
(6041, 'Parlakhemundi', 29, NULL, NULL, 1),
(6042, 'Mohana', 29, NULL, NULL, 1),
(6043, 'R.Udayagiri', 29, NULL, NULL, 1),
(6044, 'R.Udaygiri', 29, NULL, NULL, 1),
(6045, 'Kashinagara', 29, NULL, NULL, 1),
(6046, 'Chatrapur', 29, NULL, NULL, 1),
(6047, 'Rambha', 29, NULL, NULL, 1),
(6048, 'Khalikote', 29, NULL, NULL, 1),
(6049, 'Khallikote', 29, NULL, NULL, 1),
(6050, 'Kkhallikote', 29, NULL, NULL, 1),
(6051, 'Kodala', 29, NULL, NULL, 1),
(6052, 'Bomakei', 29, NULL, NULL, 1),
(6053, 'Bissmagiri', 29, NULL, NULL, 1),
(6054, 'Hinjili', 29, NULL, NULL, 1),
(6055, 'Hinjli', 29, NULL, NULL, 1),
(6056, 'Kabisuryanagar', 29, NULL, NULL, 1),
(6057, 'Asika', 29, NULL, NULL, 1),
(6058, 'Surada', 29, NULL, NULL, 1),
(6059, 'Bhanjanagar', 29, NULL, NULL, 1),
(6060, 'Buguda', 29, NULL, NULL, 1),
(6061, 'Paralakhemundi', 29, NULL, NULL, 1),
(6062, 'Paralkhemundi', 29, NULL, NULL, 1),
(6063, 'Serango', 29, NULL, NULL, 1),
(6064, 'Rayagada', 29, NULL, NULL, 1),
(6065, 'Adva', 29, NULL, NULL, 1),
(6066, 'Phulbani', 29, NULL, NULL, 1),
(6067, 'Tikabali', 29, NULL, NULL, 1),
(6068, 'Phirigia', 29, NULL, NULL, 1),
(6069, 'Phiringia', 29, NULL, NULL, 1),
(6070, 'Phirngia', 29, NULL, NULL, 1),
(6071, 'Khajuripada', 29, NULL, NULL, 1),
(6072, 'Khajuriapada', 29, NULL, NULL, 1),
(6073, 'Khajuripda', 29, NULL, NULL, 1),
(6074, 'Purunakatak', 29, NULL, NULL, 1),
(6075, 'Boudh', 29, NULL, NULL, 1),
(6076, 'Boudhraj', 29, NULL, NULL, 1),
(6077, 'Bounsuni', 29, NULL, NULL, 1),
(6078, 'Bousuni', 29, NULL, NULL, 1),
(6079, 'Manamunda', 29, NULL, NULL, 1),
(6080, 'Kantamal', 29, NULL, NULL, 1),
(6081, 'Ghantapada', 29, NULL, NULL, 1),
(6082, 'Sankarakhole', 29, NULL, NULL, 1),
(6083, 'Harabhanga', 29, NULL, NULL, 1),
(6084, 'Harabhnaga', 29, NULL, NULL, 1),
(6085, 'Harabhuin', 29, NULL, NULL, 1),
(6086, 'Bamunigaon', 29, NULL, NULL, 1),
(6087, 'Kalinga', 29, NULL, NULL, 1),
(6088, 'Jhadrajing', 29, NULL, NULL, 1),
(6089, 'Biranarasinghpur', 29, NULL, NULL, 1),
(6090, 'Birasinghpur', 29, NULL, NULL, 1),
(6091, 'Sarsara', 29, NULL, NULL, 1),
(6092, 'Linepada', 29, NULL, NULL, 1),
(6093, 'Chakapad', 29, NULL, NULL, 1),
(6094, 'Gumagarh', 29, NULL, NULL, 1),
(6095, 'Baghiabahal', 29, NULL, NULL, 1),
(6096, 'G Udayagiri', 29, NULL, NULL, 1),
(6097, 'G.Udayagiri', 29, NULL, NULL, 1),
(6098, 'Raikai', 29, NULL, NULL, 1),
(6099, 'Raikia', 29, NULL, NULL, 1),
(6100, 'Nuagaon', 29, NULL, NULL, 1),
(6101, 'Baliguda', 29, NULL, NULL, 1),
(6102, 'Balliguda', 29, NULL, NULL, 1),
(6103, 'Daringbadi', 29, NULL, NULL, 1),
(6104, 'Kothagarh', 29, NULL, NULL, 1),
(6105, 'Sarangada', 29, NULL, NULL, 1),
(6106, 'Tumudibandha', 29, NULL, NULL, 1),
(6107, 'Kurtamgarh', 29, NULL, NULL, 1),
(6108, 'Barakhama', 29, NULL, NULL, 1),
(6109, 'Paburia', 29, NULL, NULL, 1),
(6110, 'Sunabeda', 29, NULL, NULL, 1),
(6111, 'Damanjodi', 29, NULL, NULL, 1),
(6112, 'Koraput', 29, NULL, NULL, 1),
(6113, 'Jeypore(K)', 29, NULL, NULL, 1),
(6114, 'Jeypur', 29, NULL, NULL, 1),
(6115, 'Kundura', 29, NULL, NULL, 1),
(6116, 'Boipariguda', 29, NULL, NULL, 1),
(6117, 'Narayanpatna', 29, NULL, NULL, 1),
(6118, 'Nandapur', 29, NULL, NULL, 1),
(6119, 'Narayanpatana', 29, NULL, NULL, 1),
(6120, 'Dasamantapur', 29, NULL, NULL, 1),
(6121, 'Similiguda', 29, NULL, NULL, 1),
(6122, 'Pottangi', 29, NULL, NULL, 1),
(6123, 'Padua', 29, NULL, NULL, 1),
(6124, 'Machhkund', 29, NULL, NULL, 1),
(6125, 'Machkund', 29, NULL, NULL, 1),
(6126, 'Machh Kund', 29, NULL, NULL, 1),
(6127, 'Orkel', 29, NULL, NULL, 1),
(6128, 'Malkangiri', 29, NULL, NULL, 1),
(6129, 'Mathili', 29, NULL, NULL, 1),
(6130, 'Kalimela', 29, NULL, NULL, 1),
(6131, 'Motu', 29, NULL, NULL, 1),
(6132, 'Nabarangpur', 29, NULL, NULL, 1),
(6133, 'Paparahandi', 29, NULL, NULL, 1),
(6134, 'Chitrakonda', 29, NULL, NULL, 1),
(6135, 'Boriguma', 29, NULL, NULL, 1),
(6136, 'Jeypore', 29, NULL, NULL, 1),
(6137, 'Nabarangapur', 29, NULL, NULL, 1),
(6138, 'Borigumma', 29, NULL, NULL, 1),
(6139, 'Kotpad', 29, NULL, NULL, 1),
(6140, 'Bhairabsingipur', 29, NULL, NULL, 1),
(6141, 'Birigumma', 29, NULL, NULL, 1),
(6142, 'Dabugan', 29, NULL, NULL, 1),
(6143, 'Nabarangour', 29, NULL, NULL, 1),
(6144, 'Kalyanasingpur', 29, NULL, NULL, 1),
(6145, 'Kodinga', 29, NULL, NULL, 1),
(6146, 'Gunupur', 29, NULL, NULL, 1),
(6147, 'Nabarngpur', 29, NULL, NULL, 1),
(6148, 'Tentulikhunti', 29, NULL, NULL, 1),
(6149, 'Umarkote', 29, NULL, NULL, 1),
(6150, 'Nabarangpu', 29, NULL, NULL, 1),
(6151, 'Umerkote', 29, NULL, NULL, 1),
(6152, 'Raighar', 29, NULL, NULL, 1),
(6153, 'Kodinda', 29, NULL, NULL, 1),
(6154, 'Jharigan', 29, NULL, NULL, 1),
(6155, 'Khatiguda', 29, NULL, NULL, 1),
(6156, 'Rayagada(K)', 29, NULL, NULL, 1),
(6157, 'Lakshmipur', 29, NULL, NULL, 1),
(6158, 'Laxmipur', 29, NULL, NULL, 1),
(6159, 'Kashipur', 29, NULL, NULL, 1),
(6160, 'K.Singhpur', 29, NULL, NULL, 1),
(6161, 'Bishamakatak', 29, NULL, NULL, 1),
(6162, 'Bissamcuttack', 29, NULL, NULL, 1),
(6163, 'Ambadala', 29, NULL, NULL, 1),
(6164, 'Muniguda', 29, NULL, NULL, 1),
(6165, 'Gudari', 29, NULL, NULL, 1),
(6166, 'Dharamgarh', 29, NULL, NULL, 1),
(6167, 'Kesinga', 29, NULL, NULL, 1),
(6168, 'Sadar', 29, NULL, NULL, 1),
(6169, 'Bhawanipatana', 29, NULL, NULL, 1),
(6170, 'Bhawanipatna', 29, NULL, NULL, 1),
(6171, 'Junagarh', 29, NULL, NULL, 1),
(6172, 'Narla', 29, NULL, NULL, 1),
(6173, 'Golamunda', 29, NULL, NULL, 1),
(6174, 'Jaipatna', 29, NULL, NULL, 1),
(6175, 'Kalampur', 29, NULL, NULL, 1),
(6176, 'Junagrh', 29, NULL, NULL, 1),
(6177, 'Dhramgarh', 29, NULL, NULL, 1),
(6178, 'Klampur', 29, NULL, NULL, 1),
(6179, 'Jaipatana', 29, NULL, NULL, 1),
(6180, 'Lanjigarh', 29, NULL, NULL, 1),
(6181, 'Jaipatn A', 29, NULL, NULL, 1),
(6182, 'Thuamulrampur', 29, NULL, NULL, 1),
(6183, 'Dharmagarh', 29, NULL, NULL, 1),
(6184, 'Karlamunda', 29, NULL, NULL, 1),
(6185, 'Madanpur Rampur', 29, NULL, NULL, 1),
(6186, 'Bhawaniaptna', 29, NULL, NULL, 1),
(6187, 'Th. Rampur', 29, NULL, NULL, 1),
(6188, 'Th.Rampur', 29, NULL, NULL, 1),
(6189, 'M.Rampur', 29, NULL, NULL, 1),
(6190, 'M.Ramour', 29, NULL, NULL, 1),
(6191, 'Madanpurrampur', 29, NULL, NULL, 1),
(6192, 'Jonk', 29, NULL, NULL, 1),
(6193, 'Khariar Road', 29, NULL, NULL, 1),
(6194, 'Nuapada', 29, NULL, NULL, 1),
(6195, 'Nuapara', 29, NULL, NULL, 1),
(6196, 'Komna', 29, NULL, NULL, 1),
(6197, 'Khariar', 29, NULL, NULL, 1),
(6198, 'Sinapali', 29, NULL, NULL, 1),
(6199, 'Sinapalli', 29, NULL, NULL, 1),
(6200, 'Sinhapalli', 29, NULL, NULL, 1),
(6201, 'Bodeb', 29, NULL, NULL, 1),
(6202, 'Boden', 29, NULL, NULL, 1),
(6203, 'Duajhar', 29, NULL, NULL, 1),
(6204, 'Khatriar', 29, NULL, NULL, 1),
(6205, 'Balangir', 29, NULL, NULL, 1),
(6206, 'Tusra', 29, NULL, NULL, 1),
(6207, 'Tarbha', 29, NULL, NULL, 1),
(6208, 'Tarha', 29, NULL, NULL, 1),
(6209, 'Sonepur', 29, NULL, NULL, 1),
(6210, 'Birmaharajpur', 29, NULL, NULL, 1),
(6211, 'Brmaharajpur', 29, NULL, NULL, 1),
(6212, 'Ullunda', 29, NULL, NULL, 1),
(6213, 'Binka', 29, NULL, NULL, 1),
(6214, 'S.Rampur', 29, NULL, NULL, 1),
(6215, 'Loisingha', 29, NULL, NULL, 1),
(6216, 'Losingha', 29, NULL, NULL, 1),
(6217, 'S Rampur', 29, NULL, NULL, 1),
(6218, 'Patnagarh', 29, NULL, NULL, 1),
(6219, 'Titilagarh', 29, NULL, NULL, 1),
(6220, 'Patngarh', 29, NULL, NULL, 1),
(6221, 'Kantabanji', 29, NULL, NULL, 1),
(6222, 'Sindhekela', 29, NULL, NULL, 1),
(6223, 'Khaprakhol', 29, NULL, NULL, 1),
(6224, 'Tusura', 29, NULL, NULL, 1),
(6225, 'B.M.Pur', 29, NULL, NULL, 1),
(6226, 'Sonapur', 29, NULL, NULL, 1),
(6227, 'Sambalpur', 29, NULL, NULL, 1),
(6228, 'Dhanupali', 29, NULL, NULL, 1),
(6229, 'Maneswar', 29, NULL, NULL, 1),
(6230, 'Dhankauda', 29, NULL, NULL, 1),
(6231, 'Hirakud', 29, NULL, NULL, 1),
(6232, 'Burla', 29, NULL, NULL, 1),
(6233, 'Attabira', 29, NULL, NULL, 1),
(6234, 'Bargarh', 29, NULL, NULL, 1),
(6235, 'Barapali', 29, NULL, NULL, 1),
(6236, 'Bargarh Sadar', 29, NULL, NULL, 1),
(6237, 'Barpali', 29, NULL, NULL, 1),
(6238, 'Bhatli', 29, NULL, NULL, 1),
(6239, 'Ambabhana', 29, NULL, NULL, 1),
(6240, 'Bijepur', 29, NULL, NULL, 1),
(6241, 'Bheden', 29, NULL, NULL, 1),
(6242, 'Sohela', 29, NULL, NULL, 1),
(6243, 'Sohella', 29, NULL, NULL, 1),
(6244, 'Ambabhona', 29, NULL, NULL, 1),
(6245, 'Gaisilet', 29, NULL, NULL, 1),
(6246, 'Melchhamunda', 29, NULL, NULL, 1),
(6247, 'Rajborasambar', 29, NULL, NULL, 1),
(6248, 'Rajborasamber', 29, NULL, NULL, 1),
(6249, 'Paikmal', 29, NULL, NULL, 1),
(6250, 'Paikamal', 29, NULL, NULL, 1),
(6251, 'Jharbandh', 29, NULL, NULL, 1),
(6252, 'Jharsuguda', 29, NULL, NULL, 1),
(6253, 'Dhama', 29, NULL, NULL, 1),
(6254, 'Jujomura', 29, NULL, NULL, 1),
(6255, 'Jujumura', 29, NULL, NULL, 1),
(6256, 'Rairakhol', 29, NULL, NULL, 1),
(6257, 'Kisinda', 29, NULL, NULL, 1),
(6258, 'Naktideul', 29, NULL, NULL, 1),
(6259, 'Reamal', 29, NULL, NULL, 1),
(6260, 'Jamankira', 29, NULL, NULL, 1),
(6261, 'Kochinda', 29, NULL, NULL, 1),
(6262, 'Barkote', 29, NULL, NULL, 1),
(6263, 'Debagarh', 29, NULL, NULL, 1),
(6264, 'Deogarh', 29, NULL, NULL, 1),
(6265, 'Tileibani', 29, NULL, NULL, 1),
(6266, 'Kundheigola', 29, NULL, NULL, 1),
(6267, 'Barkot', 29, NULL, NULL, 1),
(6268, 'Rengali', 29, NULL, NULL, 1),
(6269, 'Sasan', 29, NULL, NULL, 1),
(6270, 'Jharsuguda Sadar', 29, NULL, NULL, 1),
(6271, 'Laikera', 29, NULL, NULL, 1),
(6272, 'Jhasuguda Sadar', 29, NULL, NULL, 1),
(6273, 'Jhrasuguda Sadar', 29, NULL, NULL, 1),
(6274, 'Brajarajnagar', 29, NULL, NULL, 1),
(6275, 'Lakhanpur', 29, NULL, NULL, 1),
(6276, 'Lakhanpur Ho', 29, NULL, NULL, 1),
(6277, 'Katarbaga', 29, NULL, NULL, 1),
(6278, 'Kolabira', 29, NULL, NULL, 1),
(6279, 'Belpahar', 29, NULL, NULL, 1),
(6280, 'Kirmira', 29, NULL, NULL, 1),
(6281, 'Bamra', 29, NULL, NULL, 1),
(6282, 'Govindpur', 29, NULL, NULL, 1),
(6283, 'Kuchinda', 29, NULL, NULL, 1),
(6284, 'Mahulpalli', 29, NULL, NULL, 1),
(6285, 'Banaharapali', 29, NULL, NULL, 1),
(6286, 'Lakhanpur Bo', 29, NULL, NULL, 1),
(6287, 'Raurkela (M)', 29, NULL, NULL, 1),
(6288, 'Rourkela Steel City', 29, NULL, NULL, 1),
(6289, 'Lathikata', 29, NULL, NULL, 1),
(6290, 'Raghunathapali', 29, NULL, NULL, 1),
(6291, 'Raurkela Industrial Township (', 29, NULL, NULL, 1),
(6292, 'Raurkela Industrial Township (', 29, NULL, NULL, 1),
(6293, 'Raurkela Industrial Township (', 29, NULL, NULL, 1),
(6294, 'Raurkela Industrial Township (', 29, NULL, NULL, 1),
(6295, 'Rourkela', 29, NULL, NULL, 1),
(6296, 'Raurkela Industrial Township (', 29, NULL, NULL, 1),
(6297, 'Raurkela Industrial Township (', 29, NULL, NULL, 1),
(6298, 'Bisra', 29, NULL, NULL, 1),
(6299, 'Koida', 29, NULL, NULL, 1),
(6300, 'Brahmani Tarang', 29, NULL, NULL, 1),
(6301, 'Tangarapali', 29, NULL, NULL, 1),
(6302, 'Sundargarh', 29, NULL, NULL, 1),
(6303, 'Sundargarh Town', 29, NULL, NULL, 1),
(6304, 'Subdega', 29, NULL, NULL, 1),
(6305, 'Tangarpali', 29, NULL, NULL, 1),
(6306, 'Lephripara', 29, NULL, NULL, 1),
(6307, 'Hemgir', 29, NULL, NULL, 1),
(6308, 'Hemgri', 29, NULL, NULL, 1),
(6309, 'Balisankara', 29, NULL, NULL, 1),
(6310, 'Talasara', 29, NULL, NULL, 1),
(6311, 'Balisanakara', 29, NULL, NULL, 1),
(6312, 'Baragaon', 29, NULL, NULL, 1),
(6313, 'Bargaon', 29, NULL, NULL, 1),
(6314, 'Rajagangapur', 29, NULL, NULL, 1),
(6315, 'Rajgangpur', 29, NULL, NULL, 1),
(6316, 'Kutra', 29, NULL, NULL, 1),
(6317, 'Bhasma', 29, NULL, NULL, 1),
(6318, 'Kinjirkela', 29, NULL, NULL, 1),
(6319, 'Tangarpai', 29, NULL, NULL, 1),
(6320, 'Tangarpur', 29, NULL, NULL, 1),
(6321, 'Kuta', 29, NULL, NULL, 1),
(6322, 'Bondamunda', 29, NULL, NULL, 1),
(6323, 'Biramitrapur', 29, NULL, NULL, 1),
(6324, 'Kuarmunda', 29, NULL, NULL, 1),
(6325, 'Hatibari', 29, NULL, NULL, 1),
(6326, 'Kamarposh Balang', 29, NULL, NULL, 1),
(6327, 'Bisra Block', 29, NULL, NULL, 1),
(6328, 'Nuagaon Block', 29, NULL, NULL, 1),
(6329, 'Gurundia', 29, NULL, NULL, 1),
(6330, 'Banei', 29, NULL, NULL, 1),
(6331, 'Bonaigarh', 29, NULL, NULL, 1),
(6332, 'Koira', 29, NULL, NULL, 1),
(6333, 'Lahunipara', 29, NULL, NULL, 1),
(6334, 'Mahulpada', 29, NULL, NULL, 1),
(6335, 'Phulwari', 5, NULL, NULL, 1),
(6336, 'Patna Sadar', 5, NULL, NULL, 1),
(6337, 'Sampatchak', 5, NULL, NULL, 1),
(6338, 'Dinapur-Cum-Khagaul', 5, NULL, NULL, 1),
(6339, 'Danapur', 5, NULL, NULL, 1),
(6340, 'Patna', 5, NULL, NULL, 1),
(6341, 'Paliganj', 5, NULL, NULL, 1),
(6342, 'Dulhin Bazar', 5, NULL, NULL, 1),
(6343, 'Bihta', 5, NULL, NULL, 1),
(6344, 'Bikram', 5, NULL, NULL, 1),
(6345, 'Maner', 5, NULL, NULL, 1),
(6346, 'Naubatpur', 5, NULL, NULL, 1),
(6347, 'Ekangersarai', 5, NULL, NULL, 1),
(6348, 'Parwalpur', 5, NULL, NULL, 1),
(6349, 'Nalanda', 5, NULL, NULL, 1),
(6350, 'Ekangarsarai', 5, NULL, NULL, 1),
(6351, 'Hilsa', 5, NULL, NULL, 1),
(6352, 'Islampur', 5, NULL, NULL, 1),
(6353, 'Ishlampur', 5, NULL, NULL, 1),
(6354, 'Hulashganj', 5, NULL, NULL, 1),
(6355, 'Daniyawan', 5, NULL, NULL, 1),
(6356, 'Karaipersurai', 5, NULL, NULL, 1),
(6357, 'Nagarnausa', 5, NULL, NULL, 1),
(6358, 'Telhara', 5, NULL, NULL, 1),
(6359, 'Chandi', 5, NULL, NULL, 1),
(6360, 'Tharthari', 5, NULL, NULL, 1),
(6361, 'Khagual', 5, NULL, NULL, 1),
(6362, 'Buxar', 5, NULL, NULL, 1),
(6363, 'Duraon', 5, NULL, NULL, 1),
(6364, 'Chakki', 5, NULL, NULL, 1),
(6365, 'Barhampur', 5, NULL, NULL, 1),
(6366, 'Dumraon', 5, NULL, NULL, 1),
(6367, 'Rajpur', 5, NULL, NULL, 1),
(6368, 'Chausa', 5, NULL, NULL, 1),
(6369, 'Simri', 5, NULL, NULL, 1),
(6370, 'Itarhi', 5, NULL, NULL, 1),
(6371, 'Kesath', 5, NULL, NULL, 1),
(6372, 'Nawanagar', 5, NULL, NULL, 1),
(6373, 'Mohania', 5, NULL, NULL, 1),
(6374, 'Nuaon', 5, NULL, NULL, 1),
(6375, 'Ramgarh', 5, NULL, NULL, 1),
(6376, 'Behea', 5, NULL, NULL, 1),
(6377, 'Jagdishpur', 5, NULL, NULL, 1),
(6378, 'Bhojpur', 5, NULL, NULL, 1),
(6379, 'Arrah', 5, NULL, NULL, 1),
(6380, 'Jagdishpur Jagdishpur', 5, NULL, NULL, 1),
(6381, 'Piru', 5, NULL, NULL, 1),
(6382, 'Koilwar', 5, NULL, NULL, 1),
(6383, 'Sandesh', 5, NULL, NULL, 1),
(6384, 'Shahpur', 5, NULL, NULL, 1),
(6385, 'Agiaon', 5, NULL, NULL, 1),
(6386, 'Garhani', 5, NULL, NULL, 1),
(6387, 'Piro', 5, NULL, NULL, 1),
(6388, 'Tarari', 5, NULL, NULL, 1),
(6389, 'Udwant Nagar', 5, NULL, NULL, 1),
(6390, 'Dawath', 5, NULL, NULL, 1),
(6391, 'Bikramganj', 5, NULL, NULL, 1),
(6392, 'Sanjhauli', 5, NULL, NULL, 1),
(6393, 'Dinara', 5, NULL, NULL, 1),
(6394, 'Karakat', 5, NULL, NULL, 1),
(6395, 'Sasaram', 5, NULL, NULL, 1),
(6396, 'Nokha', 5, NULL, NULL, 1),
(6397, 'Garh Nokha', 5, NULL, NULL, 1),
(6398, 'Chainpur', 5, NULL, NULL, 1),
(6399, 'Dehri', 5, NULL, NULL, 1),
(6400, 'Dehri On Sone', 5, NULL, NULL, 1),
(6401, 'Surajpura', 5, NULL, NULL, 1),
(6402, 'Barhara', 5, NULL, NULL, 1),
(6403, 'Bihar', 5, NULL, NULL, 1),
(6404, 'Biharsharif', 5, NULL, NULL, 1),
(6405, 'Asthawan', 5, NULL, NULL, 1),
(6406, 'Asthama', 5, NULL, NULL, 1),
(6407, 'Belchi Sharif', 5, NULL, NULL, 1),
(6408, 'Bind', 5, NULL, NULL, 1),
(6409, 'Rahui', 5, NULL, NULL, 1),
(6410, 'Biharsarif', 5, NULL, NULL, 1),
(6411, 'Warisaliganj', 5, NULL, NULL, 1),
(6412, 'Nawada', 5, NULL, NULL, 1),
(6413, 'Giriak', 5, NULL, NULL, 1),
(6414, 'Belchi', 5, NULL, NULL, 1),
(6415, 'Bakhtiarpur', 5, NULL, NULL, 1),
(6416, 'Harnaut', 5, NULL, NULL, 1),
(6417, 'Silao', 5, NULL, NULL, 1),
(6418, 'Noorsaran', 5, NULL, NULL, 1),
(6419, 'Ben', 5, NULL, NULL, 1),
(6420, 'Noorsarai', 5, NULL, NULL, 1),
(6421, 'Nursarai', 5, NULL, NULL, 1),
(6422, 'Nusarai', 5, NULL, NULL, 1),
(6423, 'Rajgir', 5, NULL, NULL, 1),
(6424, 'Bathani', 5, NULL, NULL, 1),
(6425, 'Sohsarai', 5, NULL, NULL, 1),
(6426, 'Fatwah', 5, NULL, NULL, 1),
(6427, 'Patna City', 5, NULL, NULL, 1),
(6428, 'Dhanarua', 5, NULL, NULL, 1),
(6429, 'Khusrupur', 5, NULL, NULL, 1),
(6430, 'Athmalgola', 5, NULL, NULL, 1),
(6431, 'Barh', 5, NULL, NULL, 1),
(6432, 'Bakhtiarpurj', 5, NULL, NULL, 1),
(6433, 'Bah', 5, NULL, NULL, 1),
(6434, 'Pandarak', 5, NULL, NULL, 1),
(6435, 'Bihar Sharif', 5, NULL, NULL, 1),
(6436, 'Mokama', 5, NULL, NULL, 1),
(6437, 'Ghoshwari', 5, NULL, NULL, 1),
(6438, 'Ghoswari', 5, NULL, NULL, 1),
(6439, 'Pandaak', 5, NULL, NULL, 1),
(6440, 'Arwal', 5, NULL, NULL, 1),
(6441, 'Kaler', 5, NULL, NULL, 1),
(6442, 'Belaganj', 5, NULL, NULL, 1),
(6443, 'Makhdumpur', 5, NULL, NULL, 1),
(6444, 'Town Block Gaya', 5, NULL, NULL, 1),
(6445, 'Gaya', 5, NULL, NULL, 1),
(6446, 'Jehanabad', 5, NULL, NULL, 1),
(6447, 'Ghoshi', 5, NULL, NULL, 1),
(6448, 'Hulasganj', 5, NULL, NULL, 1),
(6449, 'Kako', 5, NULL, NULL, 1),
(6450, 'Karpi', 5, NULL, NULL, 1),
(6451, 'Banshisurajpura', 5, NULL, NULL, 1),
(6452, 'Banshi Surajpura', 5, NULL, NULL, 1),
(6453, 'Kurtha', 5, NULL, NULL, 1),
(6454, 'Banshi Surajpur', 5, NULL, NULL, 1),
(6455, 'Sakurabad', 5, NULL, NULL, 1),
(6456, 'Ratnifaridpur', 5, NULL, NULL, 1),
(6457, 'Tekari', 5, NULL, NULL, 1),
(6458, 'Masaurhi', 5, NULL, NULL, 1),
(6459, 'Punpun', 5, NULL, NULL, 1),
(6460, 'Pakribarawan', 5, NULL, NULL, 1),
(6461, 'Akbarpur', 5, NULL, NULL, 1),
(6462, 'Nawadha', 5, NULL, NULL, 1),
(6463, 'Hisua', 5, NULL, NULL, 1),
(6464, 'Roh', 5, NULL, NULL, 1),
(6465, 'Kawakol', 5, NULL, NULL, 1),
(6466, 'Kashi Chak', 5, NULL, NULL, 1),
(6467, 'Gobindpur', 5, NULL, NULL, 1),
(6468, 'Narhat', 5, NULL, NULL, 1),
(6469, 'Meskaur', 5, NULL, NULL, 1),
(6470, 'Nardiganj', 5, NULL, NULL, 1),
(6471, 'Rajauli', 5, NULL, NULL, 1),
(6472, 'Sirdala', 5, NULL, NULL, 1),
(6473, 'Pakribrawana', 5, NULL, NULL, 1),
(6474, 'Atri', 5, NULL, NULL, 1),
(6475, 'Sheopursarai', 5, NULL, NULL, 1),
(6476, 'Barbigha', 5, NULL, NULL, 1),
(6477, 'Shekhopur', 5, NULL, NULL, 1),
(6478, 'Sarmera', 5, NULL, NULL, 1),
(6479, 'Shekhopur Sarai', 5, NULL, NULL, 1),
(6480, 'Ashtawan', 5, NULL, NULL, 1),
(6481, 'Shekhopursarai', 5, NULL, NULL, 1),
(6482, 'Ghat Kushambha', 5, NULL, NULL, 1),
(6483, 'Sheikhpura', 5, NULL, NULL, 1),
(6484, 'Sermera', 5, NULL, NULL, 1),
(6485, 'Shekhosarai', 5, NULL, NULL, 1),
(6486, 'Shekhpur Sarai', 5, NULL, NULL, 1),
(6487, 'Shekhopura Sarai', 5, NULL, NULL, 1),
(6488, 'Ashthwan', 5, NULL, NULL, 1),
(6489, 'Srmera', 5, NULL, NULL, 1),
(6490, 'Ariyari', 5, NULL, NULL, 1),
(6491, 'Aiary', 5, NULL, NULL, 1),
(6492, 'Hathiyawan', 5, NULL, NULL, 1),
(6493, 'Mehus', 5, NULL, NULL, 1),
(6494, 'Samho', 5, NULL, NULL, 1),
(6495, 'Shamho', 5, NULL, NULL, 1),
(6496, 'Surajgarha', 5, NULL, NULL, 1),
(6497, 'Surajgaraha', 5, NULL, NULL, 1),
(6498, 'Ramgarh Chowk', 5, NULL, NULL, 1),
(6499, 'Ghatkeshambha', 5, NULL, NULL, 1),
(6500, 'Ghatkusumbha', 5, NULL, NULL, 1),
(6501, 'Ghat Koshamba', 5, NULL, NULL, 1),
(6502, 'Lakhisarai', 5, NULL, NULL, 1),
(6503, 'Halsi', 5, NULL, NULL, 1),
(6504, 'Munger', 5, NULL, NULL, 1),
(6505, 'Jamalpur', 5, NULL, NULL, 1),
(6506, 'Dharhara', 5, NULL, NULL, 1),
(6507, 'Khagaria', 5, NULL, NULL, 1),
(6508, 'Bariarpur', 5, NULL, NULL, 1),
(6509, 'Sultanganj', 5, NULL, NULL, 1),
(6510, 'Haweli Kharagpur', 5, NULL, NULL, 1),
(6511, 'Sadar Munger', 5, NULL, NULL, 1),
(6512, 'Dahrhara', 5, NULL, NULL, 1),
(6513, 'Tetia', 5, NULL, NULL, 1),
(6514, 'Tetiabambar', 5, NULL, NULL, 1),
(6515, 'Hawelikhragpur', 5, NULL, NULL, 1),
(6516, 'H Kharagpur', 5, NULL, NULL, 1),
(6517, 'Tetiya Bambar', 5, NULL, NULL, 1),
(6518, 'Hawelikharagpur', 5, NULL, NULL, 1),
(6519, 'Tarapur', 5, NULL, NULL, 1),
(6520, 'Tetia Bambar', 5, NULL, NULL, 1),
(6521, 'Sangrampur', 5, NULL, NULL, 1),
(6522, 'Islamnagar', 5, NULL, NULL, 1),
(6523, 'Aliganj', 5, NULL, NULL, 1),
(6524, 'Islam Nagar', 5, NULL, NULL, 1),
(6525, 'Barhiya', 5, NULL, NULL, 1),
(6526, 'Piparia', 5, NULL, NULL, 1),
(6527, 'Mokamah', 5, NULL, NULL, 1),
(6528, 'Chakai', 5, NULL, NULL, 1),
(6529, 'Chakai So', 5, NULL, NULL, 1),
(6530, 'Chewara', 5, NULL, NULL, 1),
(6531, 'Sheikhpur', 5, NULL, NULL, 1),
(6532, 'Khaira', 5, NULL, NULL, 1),
(6533, 'Khira', 5, NULL, NULL, 1),
(6534, 'Jamui', 5, NULL, NULL, 1),
(6535, 'Gidhaur', 5, NULL, NULL, 1),
(6536, 'Barhat', 5, NULL, NULL, 1),
(6537, 'Jhajha', 5, NULL, NULL, 1),
(6538, 'Khiara', 5, NULL, NULL, 1),
(6539, 'Sono', 5, NULL, NULL, 1),
(6540, 'Chandan', 5, NULL, NULL, 1),
(6541, 'Jhajah', 5, NULL, NULL, 1),
(6542, 'Bandhu Bagicha', 5, NULL, NULL, 1),
(6543, 'Bannu Bagicha', 5, NULL, NULL, 1),
(6544, 'Chanan (Bannu Bagicha)', 5, NULL, NULL, 1),
(6545, 'Chanan(Bannu Bagicha)', 5, NULL, NULL, 1),
(6546, 'Monghyr', 5, NULL, NULL, 1),
(6547, 'Ramgarh Chowkq', 5, NULL, NULL, 1),
(6548, 'Bannubagicha (Chanan)', 5, NULL, NULL, 1),
(6549, 'Pipariya', 5, NULL, NULL, 1),
(6550, 'Pipaia', 5, NULL, NULL, 1),
(6551, 'Laxmipur', 5, NULL, NULL, 1),
(6552, 'Barahat', 5, NULL, NULL, 1),
(6553, 'Sonoi', 5, NULL, NULL, 1),
(6554, 'Sikandra', 5, NULL, NULL, 1),
(6555, 'Khaira Bo', 5, NULL, NULL, 1),
(6556, 'Bhagalpur', 5, NULL, NULL, 1),
(6557, 'Nathnagar', 5, NULL, NULL, 1),
(6558, 'Nathnager', 5, NULL, NULL, 1),
(6559, 'Colgong', 5, NULL, NULL, 1),
(6560, 'Amarpur', 5, NULL, NULL, 1),
(6561, 'Banka', 5, NULL, NULL, 1),
(6562, 'Bausi', 5, NULL, NULL, 1),
(6563, 'Katoria', 5, NULL, NULL, 1),
(6564, 'Bounsi', 5, NULL, NULL, 1),
(6565, 'Rajaun', 5, NULL, NULL, 1),
(6566, 'Dhuraiya', 5, NULL, NULL, 1),
(6567, 'Goradih', 5, NULL, NULL, 1),
(6568, 'Chanan', 5, NULL, NULL, 1),
(6569, 'Rajoun', 5, NULL, NULL, 1),
(6570, 'Sahkund', 5, NULL, NULL, 1),
(6571, 'Shahkund', 5, NULL, NULL, 1),
(6572, 'Barahiya', 5, NULL, NULL, 1),
(6573, 'Asarganj', 5, NULL, NULL, 1),
(6574, 'Shambhuganj', 5, NULL, NULL, 1),
(6575, 'Belhar', 5, NULL, NULL, 1),
(6576, 'Kahalgoan', 5, NULL, NULL, 1),
(6577, 'Kahalgaon', 5, NULL, NULL, 1),
(6578, 'Bihariganj', 5, NULL, NULL, 1),
(6579, 'Sonhaula', 5, NULL, NULL, 1),
(6580, 'Sanhoula', 5, NULL, NULL, 1),
(6581, 'Dharia', 5, NULL, NULL, 1),
(6582, 'Pripainti', 5, NULL, NULL, 1),
(6583, 'Pirpainti', 5, NULL, NULL, 1),
(6584, 'Fullidumar', 5, NULL, NULL, 1),
(6585, 'Phulidumar', 5, NULL, NULL, 1),
(6586, 'Fulldumar', 5, NULL, NULL, 1),
(6587, 'Sabour', 5, NULL, NULL, 1),
(6588, 'Kharagpur', 5, NULL, NULL, 1),
(6589, 'Narayanpur', 5, NULL, NULL, 1),
(6590, 'Bhabua', 5, NULL, NULL, 1),
(6591, 'Rohtas', 5, NULL, NULL, 1),
(6592, 'Adhaura', 5, NULL, NULL, 1),
(6593, 'Bhagwanpur', 5, NULL, NULL, 1),
(6594, 'Chand', 5, NULL, NULL, 1),
(6595, 'Bhabuaa', 5, NULL, NULL, 1),
(6596, 'Chenari', 5, NULL, NULL, 1),
(6597, 'Sheosagar', 5, NULL, NULL, 1),
(6598, 'Rampur', 5, NULL, NULL, 1),
(6599, 'Durgawati', 5, NULL, NULL, 1),
(6600, 'Kargahar', 5, NULL, NULL, 1),
(6601, 'Kudra', 5, NULL, NULL, 1),
(6602, 'Koura', 5, NULL, NULL, 1),
(6603, 'Kochas', 5, NULL, NULL, 1),
(6604, 'Akorhi', 5, NULL, NULL, 1),
(6605, 'Akorhi Gola', 5, NULL, NULL, 1),
(6606, 'Akorhi Bazar', 5, NULL, NULL, 1),
(6607, 'Tilouthu', 5, NULL, NULL, 1),
(6608, 'Nasriganj', 5, NULL, NULL, 1),
(6609, 'Manpur', 5, NULL, NULL, 1),
(6610, 'Bodhgaya', 5, NULL, NULL, 1),
(6611, 'Aurangabad', 5, NULL, NULL, 1),
(6612, 'Madanpur', 5, NULL, NULL, 1),
(6613, 'Amba', 5, NULL, NULL, 1),
(6614, 'Barun', 5, NULL, NULL, 1),
(6615, 'Daudnagar', 5, NULL, NULL, 1);
INSERT INTO `cities` (`id`, `name`, `state_id`, `created`, `modified`, `status`) VALUES
(6616, 'Daunagar', 5, NULL, NULL, 1),
(6617, 'Goh', 5, NULL, NULL, 1),
(6618, 'Haspura', 5, NULL, NULL, 1),
(6619, 'Rafiganj', 5, NULL, NULL, 1),
(6620, 'Konch', 5, NULL, NULL, 1),
(6621, 'Guraru', 5, NULL, NULL, 1),
(6622, 'G.Mills', 5, NULL, NULL, 1),
(6623, 'Jamhor', 5, NULL, NULL, 1),
(6624, 'Rafigang', 5, NULL, NULL, 1),
(6625, 'Kutumba', 5, NULL, NULL, 1),
(6626, 'Obra', 5, NULL, NULL, 1),
(6627, 'Barachatti', 5, NULL, NULL, 1),
(6628, 'Barahcatti', 5, NULL, NULL, 1),
(6629, 'Barahchatti', 5, NULL, NULL, 1),
(6630, 'Brachatti', 5, NULL, NULL, 1),
(6631, 'Deo', 5, NULL, NULL, 1),
(6632, 'Gurua', 5, NULL, NULL, 1),
(6633, 'Imamganj', 5, NULL, NULL, 1),
(6634, 'Imamgnaj', 5, NULL, NULL, 1),
(6635, 'Ko0Nch', 5, NULL, NULL, 1),
(6636, 'Paraiya', 5, NULL, NULL, 1),
(6637, 'Raniganj', 5, NULL, NULL, 1),
(6638, 'Shergahati', 5, NULL, NULL, 1),
(6639, 'Sherghati', 5, NULL, NULL, 1),
(6640, 'Shergahti', 5, NULL, NULL, 1),
(6641, 'Bankey Bazar', 5, NULL, NULL, 1),
(6642, 'Bankey Bajar', 5, NULL, NULL, 1),
(6643, 'Amas', 5, NULL, NULL, 1),
(6644, 'Dobhi', 5, NULL, NULL, 1),
(6645, 'Fatehpur Block', 5, NULL, NULL, 1),
(6646, 'Fatehpur', 5, NULL, NULL, 1),
(6647, 'Mohanpur', 5, NULL, NULL, 1),
(6648, 'Khizirsarai', 5, NULL, NULL, 1),
(6649, 'Khijersarai', 5, NULL, NULL, 1),
(6650, 'Bodh Gaya', 5, NULL, NULL, 1),
(6651, 'Tikari', 5, NULL, NULL, 1),
(6652, 'Guruwa', 5, NULL, NULL, 1),
(6653, 'Nabinagar', 5, NULL, NULL, 1),
(6654, 'Nabi Nagar', 5, NULL, NULL, 1),
(6655, 'Chapra', 5, NULL, NULL, 1),
(6656, 'Dariapur', 5, NULL, NULL, 1),
(6657, 'Sonepur', 5, NULL, NULL, 1),
(6658, 'Dighwara', 5, NULL, NULL, 1),
(6659, 'Saran', 5, NULL, NULL, 1),
(6660, 'Manjhi', 5, NULL, NULL, 1),
(6661, 'Garkha', 5, NULL, NULL, 1),
(6662, 'Siwan', 5, NULL, NULL, 1),
(6663, 'Ekma', 5, NULL, NULL, 1),
(6664, 'Jalalpur', 5, NULL, NULL, 1),
(6665, 'Lahladpur', 5, NULL, NULL, 1),
(6666, 'Siswan', 5, NULL, NULL, 1),
(6667, 'Revelganj', 5, NULL, NULL, 1),
(6668, 'Parsa', 5, NULL, NULL, 1),
(6669, 'Pachrukhi', 5, NULL, NULL, 1),
(6670, 'Andar', 5, NULL, NULL, 1),
(6671, 'Maharajganj', 5, NULL, NULL, 1),
(6672, 'Mairwa', 5, NULL, NULL, 1),
(6673, 'Siwn', 5, NULL, NULL, 1),
(6674, 'Ziradei', 5, NULL, NULL, 1),
(6675, 'Hasanpura', 5, NULL, NULL, 1),
(6676, 'Amnour', 5, NULL, NULL, 1),
(6677, 'Marhaura', 5, NULL, NULL, 1),
(6678, 'Taraiya', 5, NULL, NULL, 1),
(6679, 'Baniapur', 5, NULL, NULL, 1),
(6680, 'Daraundha', 5, NULL, NULL, 1),
(6681, 'Gopalganj', 5, NULL, NULL, 1),
(6682, 'Bhagwanpur Hat', 5, NULL, NULL, 1),
(6683, 'Panapur', 5, NULL, NULL, 1),
(6684, 'Ishupur', 5, NULL, NULL, 1),
(6685, 'Nagra', 5, NULL, NULL, 1),
(6686, 'Lakri Nabiganj', 5, NULL, NULL, 1),
(6687, 'Mashrakh', 5, NULL, NULL, 1),
(6688, 'Guthani', 5, NULL, NULL, 1),
(6689, 'Hathua', 5, NULL, NULL, 1),
(6690, 'Gopalgan J', 5, NULL, NULL, 1),
(6691, 'Gopal;Ganj', 5, NULL, NULL, 1),
(6692, 'Maker', 5, NULL, NULL, 1),
(6693, 'Mushahari', 5, NULL, NULL, 1),
(6694, 'Muzaffarpur', 5, NULL, NULL, 1),
(6695, 'Mushahri', 5, NULL, NULL, 1),
(6696, 'Bochaha', 5, NULL, NULL, 1),
(6697, 'Saraiya', 5, NULL, NULL, 1),
(6698, 'Sakra', 5, NULL, NULL, 1),
(6699, 'Sakara', 5, NULL, NULL, 1),
(6700, 'Paroo', 5, NULL, NULL, 1),
(6701, 'Kurhani', 5, NULL, NULL, 1),
(6702, 'Kanti', 5, NULL, NULL, 1),
(6703, 'Patepur', 5, NULL, NULL, 1),
(6704, 'Motipur', 5, NULL, NULL, 1),
(6705, 'Bandra', 5, NULL, NULL, 1),
(6706, 'Minapur', 5, NULL, NULL, 1),
(6707, 'Maniari', 5, NULL, NULL, 1),
(6708, 'Muraul', 5, NULL, NULL, 1),
(6709, 'Sahebganj', 5, NULL, NULL, 1),
(6710, 'Marwan', 5, NULL, NULL, 1),
(6711, 'Dumra', 5, NULL, NULL, 1),
(6712, 'Riga', 5, NULL, NULL, 1),
(6713, 'Bathnaha', 5, NULL, NULL, 1),
(6714, 'Runisaidpur', 5, NULL, NULL, 1),
(6715, 'Runnisaidpur', 5, NULL, NULL, 1),
(6716, 'R.Saidpur', 5, NULL, NULL, 1),
(6717, 'Aurai', 5, NULL, NULL, 1),
(6718, 'Bairgania', 5, NULL, NULL, 1),
(6719, 'Sitamarhi', 5, NULL, NULL, 1),
(6720, 'Bajpatti', 5, NULL, NULL, 1),
(6721, 'Majorganj', 5, NULL, NULL, 1),
(6722, 'M. Ganj', 5, NULL, NULL, 1),
(6723, 'Belsand', 5, NULL, NULL, 1),
(6724, 'Sonbarsa', 5, NULL, NULL, 1),
(6725, 'Sonbersa', 5, NULL, NULL, 1),
(6726, 'Bokhra', 5, NULL, NULL, 1),
(6727, 'Bokhara', 5, NULL, NULL, 1),
(6728, 'Choraut', 5, NULL, NULL, 1),
(6729, 'Pupri', 5, NULL, NULL, 1),
(6730, 'Pupari', 5, NULL, NULL, 1),
(6731, 'Katra', 5, NULL, NULL, 1),
(6732, 'R. Saidpur', 5, NULL, NULL, 1),
(6733, 'Parihar', 5, NULL, NULL, 1),
(6734, 'Parsauni', 5, NULL, NULL, 1),
(6735, 'Nanpur', 5, NULL, NULL, 1),
(6736, 'Sheohar', 5, NULL, NULL, 1),
(6737, 'Sursand', 5, NULL, NULL, 1),
(6738, 'Piprahi', 5, NULL, NULL, 1),
(6739, 'Purnahiya', 5, NULL, NULL, 1),
(6740, 'Piprarhi', 5, NULL, NULL, 1),
(6741, 'Hajipur', 5, NULL, NULL, 1),
(6742, 'Raghopur', 5, NULL, NULL, 1),
(6743, 'Bidupur', 5, NULL, NULL, 1),
(6744, 'P. Belsar', 5, NULL, NULL, 1),
(6745, 'P.Belsar', 5, NULL, NULL, 1),
(6746, 'Belsar', 5, NULL, NULL, 1),
(6747, 'Paedhi Belsar', 5, NULL, NULL, 1),
(6748, 'Vaishali', 5, NULL, NULL, 1),
(6749, 'Chehra Kalan', 5, NULL, NULL, 1),
(6750, 'Bhaghwanpur', 5, NULL, NULL, 1),
(6751, 'Rajapakar', 5, NULL, NULL, 1),
(6752, 'Jhandaha', 5, NULL, NULL, 1),
(6753, 'Goraul', 5, NULL, NULL, 1),
(6754, 'Lalgang', 5, NULL, NULL, 1),
(6755, 'Lalganj', 5, NULL, NULL, 1),
(6756, 'Paterhi Belsar', 5, NULL, NULL, 1),
(6757, 'Goroul', 5, NULL, NULL, 1),
(6758, 'Kurhanni', 5, NULL, NULL, 1),
(6759, 'Chehrakala', 5, NULL, NULL, 1),
(6760, 'Mahuwa', 5, NULL, NULL, 1),
(6761, 'Mahua', 5, NULL, NULL, 1),
(6762, 'Mahnar', 5, NULL, NULL, 1),
(6763, 'Patori', 5, NULL, NULL, 1),
(6764, 'Desari', 5, NULL, NULL, 1),
(6765, 'Sahdei Buzurg', 5, NULL, NULL, 1),
(6766, 'Sahdei Bujurg', 5, NULL, NULL, 1),
(6767, 'Jandaha', 5, NULL, NULL, 1),
(6768, 'Jhanda', 5, NULL, NULL, 1),
(6769, 'S Buzurg', 5, NULL, NULL, 1),
(6770, 'Sahdai Buzurg', 5, NULL, NULL, 1),
(6771, 'Bettiah', 5, NULL, NULL, 1),
(6772, 'Bagaha-1', 5, NULL, NULL, 1),
(6773, 'West Champaran', 5, NULL, NULL, 1),
(6774, 'Motihari', 5, NULL, NULL, 1),
(6775, 'Raxaul', 5, NULL, NULL, 1),
(6776, 'Chauradano', 5, NULL, NULL, 1),
(6777, 'Chaurdano', 5, NULL, NULL, 1),
(6778, 'Bankatwa', 5, NULL, NULL, 1),
(6779, 'Adapur', 5, NULL, NULL, 1),
(6780, 'Ghorasahan', 5, NULL, NULL, 1),
(6781, 'Dhaka', 5, NULL, NULL, 1),
(6782, 'Sikarahana', 5, NULL, NULL, 1),
(6783, 'Areraj', 5, NULL, NULL, 1),
(6784, 'Chiraia', 5, NULL, NULL, 1),
(6785, 'Motihari H.O.', 5, NULL, NULL, 1),
(6786, 'Tetaria', 5, NULL, NULL, 1),
(6787, 'Chakia', 5, NULL, NULL, 1),
(6788, 'Chakia(Pipra)', 5, NULL, NULL, 1),
(6789, 'East Champaran', 5, NULL, NULL, 1),
(6790, 'P.Dayal', 5, NULL, NULL, 1),
(6791, 'Kalyanpur', 5, NULL, NULL, 1),
(6792, 'Pakri Dayal', 5, NULL, NULL, 1),
(6793, 'Sikrahana', 5, NULL, NULL, 1),
(6794, 'Paharpur', 5, NULL, NULL, 1),
(6795, 'Madhuban', 5, NULL, NULL, 1),
(6796, 'Harsidhi', 5, NULL, NULL, 1),
(6797, 'Kotwa', 5, NULL, NULL, 1),
(6798, 'Kesaria', 5, NULL, NULL, 1),
(6799, 'Mehsi', 5, NULL, NULL, 1),
(6800, 'Pakari Dayal', 5, NULL, NULL, 1),
(6801, 'Piprakothi', 5, NULL, NULL, 1),
(6802, 'Phenhara', 5, NULL, NULL, 1),
(6803, 'Ramgarhwa', 5, NULL, NULL, 1),
(6804, 'Klyanpur', 5, NULL, NULL, 1),
(6805, 'Banjaria', 5, NULL, NULL, 1),
(6806, 'Turkaulia', 5, NULL, NULL, 1),
(6807, 'Bettiah H.O.', 5, NULL, NULL, 1),
(6808, 'Sugauli', 5, NULL, NULL, 1),
(6809, 'Patahi', 5, NULL, NULL, 1),
(6810, 'Darbhanga', 5, NULL, NULL, 1),
(6811, 'Hanumannagar', 5, NULL, NULL, 1),
(6812, 'Benipatti', 5, NULL, NULL, 1),
(6813, 'Jale', 5, NULL, NULL, 1),
(6814, 'Benipur', 5, NULL, NULL, 1),
(6815, 'Benipur]', 5, NULL, NULL, 1),
(6816, 'Samastipur', 5, NULL, NULL, 1),
(6817, 'Darbhnaga', 5, NULL, NULL, 1),
(6818, 'Laukahi', 5, NULL, NULL, 1),
(6819, 'Phulparas', 5, NULL, NULL, 1),
(6820, 'Laukaha', 5, NULL, NULL, 1),
(6821, 'Jhanjharpur', 5, NULL, NULL, 1),
(6822, 'Jhanjhapur', 5, NULL, NULL, 1),
(6823, 'Madhubani', 5, NULL, NULL, 1),
(6824, 'Singhwara', 5, NULL, NULL, 1),
(6825, 'Beniipur]', 5, NULL, NULL, 1),
(6826, 'Biraul', 5, NULL, NULL, 1),
(6827, 'Sadar Madhubani', 5, NULL, NULL, 1),
(6828, 'Rajnagar', 5, NULL, NULL, 1),
(6829, 'Babubarhi', 5, NULL, NULL, 1),
(6830, 'Basopatti', 5, NULL, NULL, 1),
(6831, 'Jaynagar', 5, NULL, NULL, 1),
(6832, 'Jainagar', 5, NULL, NULL, 1),
(6833, 'Ladania', 5, NULL, NULL, 1),
(6834, 'Khajauli', 5, NULL, NULL, 1),
(6835, 'Kaluahi', 5, NULL, NULL, 1),
(6836, 'Harlakhi', 5, NULL, NULL, 1),
(6837, 'Pandaul', 5, NULL, NULL, 1),
(6838, 'Madhubnai', 5, NULL, NULL, 1),
(6839, 'Andhratharhi', 5, NULL, NULL, 1),
(6840, 'Beniptti', 5, NULL, NULL, 1),
(6841, 'Ghoghardiha', 5, NULL, NULL, 1),
(6842, 'Madhepur', 5, NULL, NULL, 1),
(6843, 'Nirmali', 5, NULL, NULL, 1),
(6844, 'Phulaparas', 5, NULL, NULL, 1),
(6845, 'Supaul', 5, NULL, NULL, 1),
(6846, 'Basantpur', 5, NULL, NULL, 1),
(6847, 'Marauna', 5, NULL, NULL, 1),
(6848, 'Chhatapur', 5, NULL, NULL, 1),
(6849, 'Pusa', 5, NULL, NULL, 1),
(6850, 'Dalsinghsarai', 5, NULL, NULL, 1),
(6851, 'Bibhutpur', 5, NULL, NULL, 1),
(6852, 'Mohiuddinagar', 5, NULL, NULL, 1),
(6853, 'Begusarai', 5, NULL, NULL, 1),
(6854, 'Hasanpur', 5, NULL, NULL, 1),
(6855, 'Rosera', 5, NULL, NULL, 1),
(6856, 'Teghra', 5, NULL, NULL, 1),
(6857, 'Barauni', 5, NULL, NULL, 1),
(6858, 'Begusarai H.O', 5, NULL, NULL, 1),
(6859, 'Balia', 5, NULL, NULL, 1),
(6860, 'Mansi', 5, NULL, NULL, 1),
(6861, 'Udakishanganj', 5, NULL, NULL, 1),
(6862, 'Uda Kishanganj', 5, NULL, NULL, 1),
(6863, 'Udakisanganj', 5, NULL, NULL, 1),
(6864, 'Saharsa', 5, NULL, NULL, 1),
(6865, 'Saraigarh', 5, NULL, NULL, 1),
(6866, 'Saraigarh Bhaptiyahi', 5, NULL, NULL, 1),
(6867, 'Simri Bakhtiarpur', 5, NULL, NULL, 1),
(6868, 'Simri Bakhtiapur', 5, NULL, NULL, 1),
(6869, 'Patarghat', 5, NULL, NULL, 1),
(6870, 'Pataghat', 5, NULL, NULL, 1),
(6871, 'Gamharia', 5, NULL, NULL, 1),
(6872, 'Gamaharia', 5, NULL, NULL, 1),
(6873, 'Pipra', 5, NULL, NULL, 1),
(6874, 'Gamahria', 5, NULL, NULL, 1),
(6875, 'Pipra Bazar', 5, NULL, NULL, 1),
(6876, 'Kumarkhan', 5, NULL, NULL, 1),
(6877, 'Kumarkhand', 5, NULL, NULL, 1),
(6878, 'Madhepura', 5, NULL, NULL, 1),
(6879, 'Madhepura Mdg', 5, NULL, NULL, 1),
(6880, 'Gwalapara', 5, NULL, NULL, 1),
(6881, 'Puraini', 5, NULL, NULL, 1),
(6882, 'Chousa', 5, NULL, NULL, 1),
(6883, 'Sour Bazar', 5, NULL, NULL, 1),
(6884, 'Murliganj', 5, NULL, NULL, 1),
(6885, 'Nauhatta', 5, NULL, NULL, 1),
(6886, 'Satar Kataiya', 5, NULL, NULL, 1),
(6887, 'Sattar', 5, NULL, NULL, 1),
(6888, 'Pratapganj', 5, NULL, NULL, 1),
(6889, 'Salkhua', 5, NULL, NULL, 1),
(6890, 'Banma', 5, NULL, NULL, 1),
(6891, 'Singheshwar', 5, NULL, NULL, 1),
(6892, 'Singheshwar\\', 5, NULL, NULL, 1),
(6893, 'Singheswar', 5, NULL, NULL, 1),
(6894, 'Sonbersa Raj', 5, NULL, NULL, 1),
(6895, 'Sbraj', 5, NULL, NULL, 1),
(6896, 'Shankarpur', 5, NULL, NULL, 1),
(6897, 'Chhata Pur', 5, NULL, NULL, 1),
(6898, 'Kishanpur', 5, NULL, NULL, 1),
(6899, 'Triveniganj', 5, NULL, NULL, 1),
(6900, 'Tribeniganj', 5, NULL, NULL, 1),
(6901, 'Triveniganj\\', 5, NULL, NULL, 1),
(6902, 'Beldaur', 5, NULL, NULL, 1),
(6903, 'Kahara', 5, NULL, NULL, 1),
(6904, 'Kahra', 5, NULL, NULL, 1),
(6905, 'Sour Bazar \\', 5, NULL, NULL, 1),
(6906, 'Chattapur', 5, NULL, NULL, 1),
(6907, 'Ragahopur', 5, NULL, NULL, 1),
(6908, 'Mahishi', 5, NULL, NULL, 1),
(6909, 'S.B.Raj', 5, NULL, NULL, 1),
(6910, 'Piprabazar', 5, NULL, NULL, 1),
(6911, 'Alamnagar', 5, NULL, NULL, 1),
(6912, 'Sanagar', 5, NULL, NULL, 1),
(6913, 'S.A.Nagar', 5, NULL, NULL, 1),
(6914, 'Shah Alam Nagar', 5, NULL, NULL, 1),
(6915, 'Kishanganj', 5, NULL, NULL, 1),
(6916, 'Udakishunganj', 5, NULL, NULL, 1),
(6917, 'Saur Bazar', 5, NULL, NULL, 1),
(6918, 'Bihpur', 5, NULL, NULL, 1),
(6919, 'Bhipur', 5, NULL, NULL, 1),
(6920, 'Kharik', 5, NULL, NULL, 1),
(6921, 'Kharik Bazar', 5, NULL, NULL, 1),
(6922, 'Kharikbazar', 5, NULL, NULL, 1),
(6923, 'Parbatta', 5, NULL, NULL, 1),
(6924, 'Gopalpur', 5, NULL, NULL, 1),
(6925, 'Rangra Chowk', 5, NULL, NULL, 1),
(6926, 'Rupauli', 5, NULL, NULL, 1),
(6927, 'Kursela', 5, NULL, NULL, 1),
(6928, 'Naugachia', 5, NULL, NULL, 1),
(6929, 'Naugachhia', 5, NULL, NULL, 1),
(6930, 'Ismailpur', 5, NULL, NULL, 1),
(6931, 'Purnia', 5, NULL, NULL, 1),
(6932, 'Katihar', 5, NULL, NULL, 1),
(6933, 'Purnea', 5, NULL, NULL, 1),
(6934, 'Bamankhi', 5, NULL, NULL, 1),
(6935, 'Araria', 5, NULL, NULL, 1),
(6936, 'Araria Rs', 5, NULL, NULL, 1),
(6937, 'Araraia', 5, NULL, NULL, 1),
(6938, 'Baisi', 5, NULL, NULL, 1),
(6939, 'Arraia', 5, NULL, NULL, 1),
(6940, 'Araira', 5, NULL, NULL, 1),
(6941, 'Birpur', 5, NULL, NULL, 1),
(6942, 'Chatapur', 5, NULL, NULL, 1),
(6943, 'Kishaganj', 5, NULL, NULL, 1),
(6944, 'Kishagnaj', 5, NULL, NULL, 1),
(6945, 'Kishanaganj', 5, NULL, NULL, 1),
(6946, 'Kaihar', 5, NULL, NULL, 1),
(6947, 'Kishanagnj', 5, NULL, NULL, 1),
(6948, 'Kishangnj', 5, NULL, NULL, 1),
(6949, 'Kishanganhj', 5, NULL, NULL, 1),
(6950, 'Kishangaj', 5, NULL, NULL, 1),
(6951, 'Boarijor', 16, NULL, NULL, 1),
(6952, 'Meharma', 16, NULL, NULL, 1),
(6953, 'Borio', 16, NULL, NULL, 1),
(6954, 'Mandro', 16, NULL, NULL, 1),
(6955, 'Boarijore', 16, NULL, NULL, 1),
(6956, 'Dumka', 16, NULL, NULL, 1),
(6957, 'Poriyahat', 16, NULL, NULL, 1),
(6958, 'Ramgarah', 16, NULL, NULL, 1),
(6959, 'Ramgarh', 16, NULL, NULL, 1),
(6960, 'Poraiyahat', 16, NULL, NULL, 1),
(6961, 'Kathikund', 16, NULL, NULL, 1),
(6962, 'Gopikandar', 16, NULL, NULL, 1),
(6963, 'Kathikiund', 16, NULL, NULL, 1),
(6964, 'Jama', 16, NULL, NULL, 1),
(6965, 'Masalia', 16, NULL, NULL, 1),
(6966, 'Amrapara', 16, NULL, NULL, 1),
(6967, 'Mahesapur', 16, NULL, NULL, 1),
(6968, 'Maheshpur', 16, NULL, NULL, 1),
(6969, 'Deoghar', 16, NULL, NULL, 1),
(6970, 'Mohanpur', 16, NULL, NULL, 1),
(6971, 'Debipur', 16, NULL, NULL, 1),
(6972, 'Jarmundi', 16, NULL, NULL, 1),
(6973, 'Sikaripara', 16, NULL, NULL, 1),
(6974, 'Masaliya', 16, NULL, NULL, 1),
(6975, 'Jarmudi', 16, NULL, NULL, 1),
(6976, 'Godda', 16, NULL, NULL, 1),
(6977, 'Pathargama', 16, NULL, NULL, 1),
(6978, 'Pahargama', 16, NULL, NULL, 1),
(6979, 'Pakur', 16, NULL, NULL, 1),
(6980, 'Doghar', 16, NULL, NULL, 1),
(6981, 'Sarwan', 16, NULL, NULL, 1),
(6982, 'Raneshwar', 16, NULL, NULL, 1),
(6983, 'Raneswar', 16, NULL, NULL, 1),
(6984, 'Sariyahat', 16, NULL, NULL, 1),
(6985, 'Saraiyahat', 16, NULL, NULL, 1),
(6986, 'Saraiyhat', 16, NULL, NULL, 1),
(6987, 'Palojori', 16, NULL, NULL, 1),
(6988, 'Mahagama', 16, NULL, NULL, 1),
(6989, 'Pathergama', 16, NULL, NULL, 1),
(6990, 'Gouraijore', 16, NULL, NULL, 1),
(6991, 'Raniswar', 16, NULL, NULL, 1),
(6992, 'Sarath', 16, NULL, NULL, 1),
(6993, 'Sarayahat', 16, NULL, NULL, 1),
(6994, 'Sarayaha', 16, NULL, NULL, 1),
(6995, 'Devipur', 16, NULL, NULL, 1),
(6996, 'Dibipur', 16, NULL, NULL, 1),
(6997, 'Debuipur', 16, NULL, NULL, 1),
(6998, 'Rohni', 16, NULL, NULL, 1),
(6999, 'Sunderpahari', 16, NULL, NULL, 1),
(7000, 'Mahagam', 16, NULL, NULL, 1),
(7001, 'Mahagama.', 16, NULL, NULL, 1),
(7002, 'Mahgama', 16, NULL, NULL, 1),
(7003, 'Sunder Pahari', 16, NULL, NULL, 1),
(7004, 'Bokaro', 16, NULL, NULL, 1),
(7005, 'Sundar Pahari', 16, NULL, NULL, 1),
(7006, 'Sundarpahari', 16, NULL, NULL, 1),
(7007, 'Sunadar Pahari', 16, NULL, NULL, 1),
(7008, 'Rmagarh', 16, NULL, NULL, 1),
(7009, 'Kundahit', 16, NULL, NULL, 1),
(7010, 'Kundahir', 16, NULL, NULL, 1),
(7011, 'Kundhahit', 16, NULL, NULL, 1),
(7012, 'Giridih', 16, NULL, NULL, 1),
(7013, 'Bengabad', 16, NULL, NULL, 1),
(7014, 'Bengabd', 16, NULL, NULL, 1),
(7015, 'Ganwan', 16, NULL, NULL, 1),
(7016, 'Deori', 16, NULL, NULL, 1),
(7017, 'Jamua', 16, NULL, NULL, 1),
(7018, 'Beniadih', 16, NULL, NULL, 1),
(7019, 'Jmua', 16, NULL, NULL, 1),
(7020, 'Tisri', 16, NULL, NULL, 1),
(7021, 'Jamuagiridih', 16, NULL, NULL, 1),
(7022, 'Jamtara', 16, NULL, NULL, 1),
(7023, 'Nala', 16, NULL, NULL, 1),
(7024, 'Narayanpur', 16, NULL, NULL, 1),
(7025, 'Sarth', 16, NULL, NULL, 1),
(7026, 'Bnarayanpur', 16, NULL, NULL, 1),
(7027, 'Narayapur', 16, NULL, NULL, 1),
(7028, 'Madhupur', 16, NULL, NULL, 1),
(7029, 'Satath', 16, NULL, NULL, 1),
(7030, 'Karon', 16, NULL, NULL, 1),
(7031, 'Koron', 16, NULL, NULL, 1),
(7032, 'Rajmahal', 16, NULL, NULL, 1),
(7033, 'Taljhari', 16, NULL, NULL, 1),
(7034, 'Pathna', 16, NULL, NULL, 1),
(7035, 'Barharwa', 16, NULL, NULL, 1),
(7036, 'Udhua', 16, NULL, NULL, 1),
(7037, 'Uedhwa', 16, NULL, NULL, 1),
(7038, 'Uedhua', 16, NULL, NULL, 1),
(7039, 'Littipara', 16, NULL, NULL, 1),
(7040, 'Barhait', 16, NULL, NULL, 1),
(7041, 'Sahibganj', 16, NULL, NULL, 1),
(7042, 'Barhit', 16, NULL, NULL, 1),
(7043, 'Pakuria', 16, NULL, NULL, 1),
(7044, 'Shikaripara', 16, NULL, NULL, 1),
(7045, 'Shikripara', 16, NULL, NULL, 1),
(7046, 'Litipara', 16, NULL, NULL, 1),
(7047, 'Hiranpur', 16, NULL, NULL, 1),
(7048, 'Maheshpru', 16, NULL, NULL, 1),
(7049, 'Pakaur', 16, NULL, NULL, 1),
(7050, 'Udhwa', 16, NULL, NULL, 1),
(7051, 'Rahmahal', 16, NULL, NULL, 1),
(7052, 'Gopikander', 16, NULL, NULL, 1),
(7053, 'Daltonganj', 16, NULL, NULL, 1),
(7054, 'Palamau', 16, NULL, NULL, 1),
(7055, 'Patan', 16, NULL, NULL, 1),
(7056, 'Rehala', 16, NULL, NULL, 1),
(7057, 'Chainpur', 16, NULL, NULL, 1),
(7058, 'Chinpur', 16, NULL, NULL, 1),
(7059, 'Barwadih', 16, NULL, NULL, 1),
(7060, 'Garhwa', 16, NULL, NULL, 1),
(7061, 'Balumath', 16, NULL, NULL, 1),
(7062, 'Chhatarpur', 16, NULL, NULL, 1),
(7063, 'Chhatarpru', 16, NULL, NULL, 1),
(7064, 'Chhtarpur', 16, NULL, NULL, 1),
(7065, 'Chhatapru', 16, NULL, NULL, 1),
(7066, 'Japla', 16, NULL, NULL, 1),
(7067, 'Lesliganj', 16, NULL, NULL, 1),
(7068, 'Leshliganj', 16, NULL, NULL, 1),
(7069, 'Mahuwadand', 16, NULL, NULL, 1),
(7070, 'Mahuwdand', 16, NULL, NULL, 1),
(7071, 'Lapla', 16, NULL, NULL, 1),
(7072, 'Nagar Utari', 16, NULL, NULL, 1),
(7073, 'Panki', 16, NULL, NULL, 1),
(7074, 'Bisrampur', 16, NULL, NULL, 1),
(7075, 'Bishrampur', 16, NULL, NULL, 1),
(7076, 'Ranka Raj', 16, NULL, NULL, 1),
(7077, 'Satbarwa', 16, NULL, NULL, 1),
(7078, 'Meral', 16, NULL, NULL, 1),
(7079, 'Bhawanathpur', 16, NULL, NULL, 1),
(7080, 'Harihar Ganj', 16, NULL, NULL, 1),
(7081, 'Hariharganj', 16, NULL, NULL, 1),
(7082, 'Daltoganj', 16, NULL, NULL, 1),
(7083, 'Chitarpur', 16, NULL, NULL, 1),
(7084, 'Gola', 16, NULL, NULL, 1),
(7085, 'Bermo', 16, NULL, NULL, 1),
(7086, 'Simaria', 16, NULL, NULL, 1),
(7087, 'Dumri', 16, NULL, NULL, 1),
(7088, 'Pirtand', 16, NULL, NULL, 1),
(7089, 'Jainagar', 16, NULL, NULL, 1),
(7090, 'Koderma', 16, NULL, NULL, 1),
(7091, 'Hazaribagh', 16, NULL, NULL, 1),
(7092, 'Katkamsandi', 16, NULL, NULL, 1),
(7093, 'Sadar', 16, NULL, NULL, 1),
(7094, 'Churchu', 16, NULL, NULL, 1),
(7095, 'Ichak', 16, NULL, NULL, 1),
(7096, 'Hazaribag', 16, NULL, NULL, 1),
(7097, 'Barkagaon', 16, NULL, NULL, 1),
(7098, 'Bishungarh', 16, NULL, NULL, 1),
(7099, 'Bishnugarh', 16, NULL, NULL, 1),
(7100, 'Mandu', 16, NULL, NULL, 1),
(7101, 'Konardam', 16, NULL, NULL, 1),
(7102, 'Sdar', 16, NULL, NULL, 1),
(7103, 'Markach', 16, NULL, NULL, 1),
(7104, 'Markacho', 16, NULL, NULL, 1),
(7105, 'Katakamsandi', 16, NULL, NULL, 1),
(7106, 'Bagodar', 16, NULL, NULL, 1),
(7107, 'Tandwa', 16, NULL, NULL, 1),
(7108, 'Barkatha', 16, NULL, NULL, 1),
(7109, 'Barkhatha', 16, NULL, NULL, 1),
(7110, 'Birni', 16, NULL, NULL, 1),
(7111, 'Chauparan', 16, NULL, NULL, 1),
(7112, 'Chatra', 16, NULL, NULL, 1),
(7113, 'Hunterganj', 16, NULL, NULL, 1),
(7114, 'Karma', 16, NULL, NULL, 1),
(7115, 'Jori', 16, NULL, NULL, 1),
(7116, 'Pratappur', 16, NULL, NULL, 1),
(7117, 'Patratu', 16, NULL, NULL, 1),
(7118, 'Barhi', 16, NULL, NULL, 1),
(7119, 'Chouparan', 16, NULL, NULL, 1),
(7120, 'Kodarma', 16, NULL, NULL, 1),
(7121, 'Itkhori', 16, NULL, NULL, 1),
(7122, 'Gidhaur', 16, NULL, NULL, 1),
(7123, 'Chandwara', 16, NULL, NULL, 1),
(7124, 'Padma', 16, NULL, NULL, 1),
(7125, 'Dhanwar', 16, NULL, NULL, 1),
(7126, 'Dhanwatr', 16, NULL, NULL, 1),
(7127, 'Djanwar', 16, NULL, NULL, 1),
(7128, 'Ddhanwan', 16, NULL, NULL, 1),
(7129, 'Dhanbad', 16, NULL, NULL, 1),
(7130, 'Chas', 16, NULL, NULL, 1),
(7131, 'Kasmar', 16, NULL, NULL, 1),
(7132, 'Tisra', 16, NULL, NULL, 1),
(7133, 'Mugma', 16, NULL, NULL, 1),
(7134, 'Gomia', 16, NULL, NULL, 1),
(7135, 'Peterbar', 16, NULL, NULL, 1),
(7136, 'Ramgarh Cantt', 16, NULL, NULL, 1),
(7137, 'Tenughat', 16, NULL, NULL, 1),
(7138, 'Nawadih', 16, NULL, NULL, 1),
(7139, 'Bachra', 16, NULL, NULL, 1),
(7140, 'Malumath', 16, NULL, NULL, 1),
(7141, 'Chandwa', 16, NULL, NULL, 1),
(7142, 'Latehar', 16, NULL, NULL, 1),
(7143, 'Mander', 16, NULL, NULL, 1),
(7144, 'Bundu', 16, NULL, NULL, 1),
(7145, 'Burmu', 16, NULL, NULL, 1),
(7146, 'Dakra', 16, NULL, NULL, 1),
(7147, 'Jamshedpur', 16, NULL, NULL, 1),
(7148, 'Sakchi', 16, NULL, NULL, 1),
(7149, 'Mango', 16, NULL, NULL, 1),
(7150, 'Bistupur Bazar', 16, NULL, NULL, 1),
(7151, 'Bistupur Gate', 16, NULL, NULL, 1),
(7152, 'Rajnagar', 16, NULL, NULL, 1),
(7153, 'Singhbhum', 16, NULL, NULL, 1),
(7154, 'Dhalbhum', 16, NULL, NULL, 1),
(7155, 'Dhalbhum, Jamshedpur', 16, NULL, NULL, 1),
(7156, 'Golmuri', 16, NULL, NULL, 1),
(7157, 'Indranagar', 16, NULL, NULL, 1),
(7158, 'Dhalbhum Jamshedpur', 16, NULL, NULL, 1),
(7159, 'Kadma', 16, NULL, NULL, 1),
(7160, 'Jugsalai', 16, NULL, NULL, 1),
(7161, 'Burma Mines', 16, NULL, NULL, 1),
(7162, 'Agrico', 16, NULL, NULL, 1),
(7163, 'East Singhbhum', 16, NULL, NULL, 1),
(7164, 'Gobindpur', 16, NULL, NULL, 1),
(7165, 'Rahargora', 16, NULL, NULL, 1),
(7166, 'Baridih Colony', 16, NULL, NULL, 1),
(7167, 'Mango Notified Area', 16, NULL, NULL, 1),
(7168, 'Baharagora', 16, NULL, NULL, 1),
(7169, 'Ghatshila', 16, NULL, NULL, 1),
(7170, 'Ghatsila', 16, NULL, NULL, 1),
(7171, 'Jadugoda', 16, NULL, NULL, 1),
(7172, 'Moubhandar', 16, NULL, NULL, 1),
(7173, 'Dumaria', 16, NULL, NULL, 1),
(7174, 'Mosabani', 16, NULL, NULL, 1),
(7175, 'Patamda', 16, NULL, NULL, 1),
(7176, 'R.C.Project', 16, NULL, NULL, 1),
(7177, 'Sundarnagar', 16, NULL, NULL, 1),
(7178, 'Tatanagar', 16, NULL, NULL, 1),
(7179, 'Gamharia', 16, NULL, NULL, 1),
(7180, 'Seraikella Kharsawan', 16, NULL, NULL, 1),
(7181, 'A.I .Area', 16, NULL, NULL, 1),
(7182, 'Azadnagar', 16, NULL, NULL, 1),
(7183, 'Chakulia', 16, NULL, NULL, 1),
(7184, 'Dhalbhumgarh', 16, NULL, NULL, 1),
(7185, 'Mahulia', 16, NULL, NULL, 1),
(7186, 'Chandil', 16, NULL, NULL, 1),
(7187, 'Seraikella Kharsawanq', 16, NULL, NULL, 1),
(7188, 'Kandra', 16, NULL, NULL, 1),
(7189, 'Tiruldih', 16, NULL, NULL, 1),
(7190, 'Chowka', 16, NULL, NULL, 1),
(7191, 'Seraikalla Kharsawan', 16, NULL, NULL, 1),
(7192, 'Amda', 16, NULL, NULL, 1),
(7193, 'West Singhbhum', 16, NULL, NULL, 1),
(7194, 'Chakradharpur', 16, NULL, NULL, 1),
(7195, 'Chakdradharpur', 16, NULL, NULL, 1),
(7196, 'Goilkera', 16, NULL, NULL, 1),
(7197, 'Manoharpur', 16, NULL, NULL, 1),
(7198, 'Jagannathpur', 16, NULL, NULL, 1),
(7199, 'Sonua', 16, NULL, NULL, 1),
(7200, 'Chakrdharpur', 16, NULL, NULL, 1),
(7201, 'Seraikela', 16, NULL, NULL, 1),
(7202, 'Chiria', 16, NULL, NULL, 1),
(7203, 'Chaibasa', 16, NULL, NULL, 1),
(7204, 'Jagganathpur', 16, NULL, NULL, 1),
(7205, 'Danguaposi', 16, NULL, NULL, 1),
(7206, 'Gua', 16, NULL, NULL, 1),
(7207, 'Hatgamaria', 16, NULL, NULL, 1),
(7208, 'Jhinkpani', 16, NULL, NULL, 1),
(7209, 'Kharsawangarh', 16, NULL, NULL, 1),
(7210, 'Seraikera', 16, NULL, NULL, 1),
(7211, 'Seraikella', 16, NULL, NULL, 1),
(7212, 'Noamundi', 16, NULL, NULL, 1),
(7213, 'Sini', 16, NULL, NULL, 1),
(7214, 'Barajamda', 16, NULL, NULL, 1),
(7215, 'Kiriburu', 16, NULL, NULL, 1),
(7216, 'Megahatuburu', 16, NULL, NULL, 1),
(7217, 'Ranchi', 16, NULL, NULL, 1),
(7218, 'Kanke', 16, NULL, NULL, 1),
(7219, 'Namkum', 16, NULL, NULL, 1),
(7220, 'Silli', 16, NULL, NULL, 1),
(7221, 'Angara', 16, NULL, NULL, 1),
(7222, 'Bano', 16, NULL, NULL, 1),
(7223, 'Bero', 16, NULL, NULL, 1),
(7224, 'Bharno', 16, NULL, NULL, 1),
(7225, 'Gumla', 16, NULL, NULL, 1),
(7226, 'Mandar', 16, NULL, NULL, 1),
(7227, 'Karra', 16, NULL, NULL, 1),
(7228, 'Khunti', 16, NULL, NULL, 1),
(7229, 'Kolibira', 16, NULL, NULL, 1),
(7230, 'Kolibera', 16, NULL, NULL, 1),
(7231, 'Kolebira', 16, NULL, NULL, 1),
(7232, 'Kurdeg', 16, NULL, NULL, 1),
(7233, 'Simdega', 16, NULL, NULL, 1),
(7234, 'Kuru', 16, NULL, NULL, 1),
(7235, 'Chanho', 16, NULL, NULL, 1),
(7236, 'Bandgaon', 16, NULL, NULL, 1),
(7237, 'Murhu', 16, NULL, NULL, 1),
(7238, 'Lohardaga', 16, NULL, NULL, 1),
(7239, 'Ormanjhi', 16, NULL, NULL, 1),
(7240, 'Ormanhji', 16, NULL, NULL, 1),
(7241, 'Ormanchi', 16, NULL, NULL, 1),
(7242, 'Palkot', 16, NULL, NULL, 1),
(7243, 'Ratu', 16, NULL, NULL, 1),
(7244, 'Tamar', 16, NULL, NULL, 1),
(7245, 'Thethaitangar', 16, NULL, NULL, 1),
(7246, 'Bolba', 16, NULL, NULL, 1),
(7247, 'Torpa', 16, NULL, NULL, 1),
(7248, 'Kamdara', 16, NULL, NULL, 1),
(7249, 'Rania', 16, NULL, NULL, 1),
(7250, 'Basia', 16, NULL, NULL, 1),
(7251, 'Nodih', 16, NULL, NULL, 1),
(7252, 'Noadih', 16, NULL, NULL, 1),
(7253, 'Bishunpur', 16, NULL, NULL, 1),
(7254, 'Nawagarh', 16, NULL, NULL, 1),
(7255, 'Gomla', 16, NULL, NULL, 1),
(7256, 'Nwagarh', 16, NULL, NULL, 1),
(7257, 'Toto', 16, NULL, NULL, 1),
(7258, 'Lapung', 16, NULL, NULL, 1),
(7259, 'Itki', 16, NULL, NULL, 1),
(7260, 'Ohardaga', 16, NULL, NULL, 1),
(7261, 'Bhandra', 16, NULL, NULL, 1),
(7262, 'Lohardags', 16, NULL, NULL, 1),
(7263, 'Sisai', 16, NULL, NULL, 1),
(7264, 'Bhandara', 16, NULL, NULL, 1),
(7265, 'Gorakpur', 38, NULL, NULL, 1),
(7266, 'West Vinod Nagar', 2, NULL, NULL, 1),
(7268, 'Faridabad', 2, NULL, NULL, 1),
(7274, 'Central Delhi', 10, NULL, NULL, 1),
(7275, 'New Delhi', 10, NULL, NULL, 1),
(7276, 'South Delhi', 10, NULL, NULL, 1),
(7277, 'North Delhi', 10, NULL, NULL, 1),
(7278, 'North West Delhi', 10, NULL, NULL, 1),
(7279, 'South West Delhi', 10, NULL, NULL, 1),
(7280, 'West Delhi', 10, NULL, NULL, 1),
(7281, 'East Delhi', 10, NULL, NULL, 1),
(7282, 'North East Delhi', 10, NULL, NULL, 1),
(7283, 'Gurgaon', 10, NULL, NULL, 1),
(7284, 'Faridabad', 10, NULL, NULL, 1),
(7285, 'Ghaziabad', 10, NULL, NULL, 1),
(7286, 'Noida', 10, NULL, NULL, 1),
(7287, 'Agra', 39, NULL, NULL, 1),
(7288, 'Aligarh', 39, NULL, NULL, 1),
(7289, 'Bulandshahar', 39, NULL, NULL, 1),
(7290, 'Dehradun', 39, NULL, NULL, 1),
(7291, 'Firozabad', 39, NULL, NULL, 1),
(7292, 'Haldwani', 39, NULL, NULL, 1),
(7293, 'Hardwar', 39, NULL, NULL, 1),
(7294, 'Mathura', 39, NULL, NULL, 1),
(7295, 'Meerut', 39, NULL, NULL, 1),
(7296, 'Moradabad', 39, NULL, NULL, 1),
(7297, 'Muzaffarnagar', 39, NULL, NULL, 1),
(7298, 'Rampur', 39, NULL, NULL, 1),
(7299, 'Saharanpur', 39, NULL, NULL, 1),
(7300, 'Allahabad', 42, NULL, NULL, 1),
(7301, 'Ballia', 42, NULL, NULL, 1),
(7302, 'Barabanki', 42, NULL, NULL, 1),
(7303, 'Bareilly', 42, NULL, NULL, 1),
(7304, 'Basti', 42, NULL, NULL, 1),
(7305, 'Chitrakoot', 42, NULL, NULL, 1),
(7306, 'Faizabad', 42, NULL, NULL, 1),
(7307, 'Farukhabad', 42, NULL, NULL, 1),
(7308, 'Fatehpur', 42, NULL, NULL, 1),
(7309, 'Ghazipur', 42, NULL, NULL, 1),
(7310, 'Hardoi', 42, NULL, NULL, 1),
(7311, 'Kanpur', 42, NULL, NULL, 1),
(7312, 'Khalilabad', 42, NULL, NULL, 1),
(7313, 'Kushinagar', 42, NULL, NULL, 1),
(7314, 'Lalitpur', 42, NULL, NULL, 1),
(7315, 'Lucknow', 42, NULL, NULL, 1),
(7316, 'Mirzapur', 42, NULL, NULL, 1),
(7317, 'Pilibhit', 42, NULL, NULL, 1),
(7318, 'Raibareilly', 42, NULL, NULL, 1),
(7319, 'Sitapur', 42, NULL, NULL, 1),
(7320, 'Unnao', 42, NULL, NULL, 1),
(7321, 'Varanasi', 42, NULL, NULL, 1),
(7322, 'Sonbhadra', 42, NULL, NULL, 1),
(7323, 'Chandigarh', 6, NULL, NULL, 1),
(7324, '6', 0, NULL, NULL, 1),
(7325, 'Panchkula', 6, NULL, NULL, 1),
(7326, 'Ropar', 6, NULL, NULL, 1),
(7327, 'Rupnagar', 6, NULL, NULL, 1),
(7328, 'Mohali', 6, NULL, NULL, 1),
(7329, 'Patiala', 6, NULL, NULL, 1),
(7330, 'Sangrur', 6, NULL, NULL, 1),
(7331, 'Barnala', 6, NULL, NULL, 1),
(7332, 'Bathinda', 6, NULL, NULL, 1),
(7333, 'Shimla', 6, NULL, NULL, 1),
(7334, 'Solan', 6, NULL, NULL, 1),
(7335, 'Kullu', 6, NULL, NULL, 1),
(7336, 'Kinnaur', 6, NULL, NULL, 1),
(7337, 'Lahul & Spiti', 6, NULL, NULL, 1),
(7338, 'Sirmaur', 6, NULL, NULL, 1),
(7339, 'Bilaspur (HP)', 6, NULL, NULL, 1),
(7340, 'Una', 6, NULL, NULL, 1),
(7341, 'Hamirpur(HP)', 6, NULL, NULL, 1),
(7342, 'Mandi', 6, NULL, NULL, 1),
(7343, 'Kangra', 6, NULL, NULL, 1),
(7344, 'Chamba', 6, NULL, NULL, 1),
(7345, 'Jaunpur', 42, NULL, NULL, 1),
(7346, 'Shahjahanpur', 42, NULL, NULL, 1),
(7347, 'Gorakhpur', 42, NULL, NULL, 1),
(7348, 'Mahrajganj', 42, NULL, NULL, 1),
(7349, 'Hyderabad', 36, NULL, NULL, 1),
(7351, 'visakhapatnum', 2, NULL, NULL, 1),
(7352, 'innn', 22, '2023-08-11 13:03:14', '2023-08-11 13:03:14', 0),
(7353, 'indradeo', 322, '2023-08-11 13:09:40', '2023-08-11 13:09:40', 0),
(7354, 'indradeo', 5, '2023-08-11 13:17:15', '2023-08-11 13:17:15', 0);

-- --------------------------------------------------------

--
-- Table structure for table `coated_fabrics`
--

CREATE TABLE `coated_fabrics` (
  `id` bigint(20) UNSIGNED NOT NULL,
  `name` varchar(255) COLLATE utf8mb4_unicode_ci DEFAULT NULL,
  `created` datetime DEFAULT NULL,
  `modified` datetime DEFAULT NULL,
  `status` tinyint(4) NOT NULL DEFAULT 1
) ENGINE=MyISAM DEFAULT CHARSET=utf8mb4 COLLATE=utf8mb4_unicode_ci;

-- --------------------------------------------------------

--
-- Table structure for table `colours`
--

CREATE TABLE `colours` (
  `id` bigint(20) UNSIGNED NOT NULL,
  `name` varchar(255) COLLATE utf8mb4_unicode_ci DEFAULT NULL,
  `code` varchar(255) COLLATE utf8mb4_unicode_ci DEFAULT NULL,
  `created` datetime DEFAULT NULL,
  `modified` datetime DEFAULT NULL,
  `status` tinyint(4) NOT NULL DEFAULT 1
) ENGINE=MyISAM DEFAULT CHARSET=utf8mb4 COLLATE=utf8mb4_unicode_ci;

-- --------------------------------------------------------

--
-- Table structure for table `companies`
--

CREATE TABLE `companies` (
  `id` int(11) NOT NULL,
  `name` varchar(55) NOT NULL,
  `email` varchar(55) NOT NULL,
  `address_1` varchar(555) NOT NULL,
  `address_2` varchar(555) NOT NULL,
  `state_id` int(11) NOT NULL,
  `city_name` varchar(55) NOT NULL,
  `phone` varchar(11) NOT NULL,
  `zip_code` varchar(6) NOT NULL,
  `created` datetime NOT NULL,
  `status` tinyint(1) NOT NULL
) ENGINE=InnoDB DEFAULT CHARSET=utf8mb4;

--
-- Dumping data for table `companies`
--

INSERT INTO `companies` (`id`, `name`, `email`, `address_1`, `address_2`, `state_id`, `city_name`, `phone`, `zip_code`, `created`, `status`) VALUES
(1, 'Ajy Tech India Private Limited', 'sanjay2666@gmail.com', 'Kolkata', 'Kolkata 2', 12, 'kolkata', '', '711101', '2023-08-17 14:24:41', 1);

-- --------------------------------------------------------

--
-- Table structure for table `cotings`
--

CREATE TABLE `cotings` (
  `id` bigint(20) UNSIGNED NOT NULL,
  `name` varchar(255) COLLATE utf8mb4_unicode_ci DEFAULT NULL,
  `created` datetime DEFAULT NULL,
  `modified` datetime DEFAULT NULL,
  `status` tinyint(4) NOT NULL DEFAULT 1
) ENGINE=MyISAM DEFAULT CHARSET=utf8mb4 COLLATE=utf8mb4_unicode_ci;

--
-- Dumping data for table `cotings`
--

INSERT INTO `cotings` (`id`, `name`, `created`, `modified`, `status`) VALUES
(0, 'Grey 1', '2023-10-25 09:59:14', '2023-10-25 09:59:14', 1);

-- --------------------------------------------------------

--
-- Table structure for table `countries`
--

CREATE TABLE `countries` (
  `id` int(11) NOT NULL,
  `sortname` varchar(3) NOT NULL,
  `name` varchar(150) NOT NULL,
  `created` datetime DEFAULT NULL,
  `modified` datetime DEFAULT NULL,
  `status` tinyint(4) NOT NULL DEFAULT 1
) ENGINE=InnoDB DEFAULT CHARSET=utf8;

--
-- Dumping data for table `countries`
--

INSERT INTO `countries` (`id`, `sortname`, `name`, `created`, `modified`, `status`) VALUES
(1, 'AF', 'Afghanistan', NULL, NULL, 1),
(2, 'AL', 'Albania', NULL, NULL, 1),
(3, 'DZ', 'Algeria', NULL, NULL, 1),
(4, 'AS', 'American Samoa', NULL, NULL, 1),
(5, 'AD', 'Andorra', NULL, NULL, 1),
(6, 'AO', 'Angola', NULL, NULL, 1),
(7, 'AI', 'Anguilla', NULL, NULL, 1),
(8, 'AQ', 'Antarctica', NULL, NULL, 1),
(9, 'AG', 'Antigua And Barbuda', NULL, NULL, 1),
(10, 'AR', 'Argentina', NULL, NULL, 1),
(11, 'AM', 'Armenia', NULL, NULL, 1),
(12, 'AW', 'Aruba', NULL, NULL, 1),
(13, 'AU', 'Australia', NULL, NULL, 1),
(14, 'AT', 'Austria', NULL, NULL, 1),
(15, 'AZ', 'Azerbaijan', NULL, NULL, 1),
(16, 'BS', 'Bahamas The', NULL, NULL, 1),
(17, 'BH', 'Bahrain', NULL, NULL, 1),
(18, 'BD', 'Bangladesh', NULL, NULL, 1),
(19, 'BB', 'Barbados', NULL, NULL, 1),
(20, 'BY', 'Belarus', NULL, NULL, 1),
(21, 'BE', 'Belgium', NULL, NULL, 1),
(22, 'BZ', 'Belize', NULL, NULL, 1),
(23, 'BJ', 'Benin', NULL, NULL, 1),
(24, 'BM', 'Bermuda', NULL, NULL, 1),
(25, 'BT', 'Bhutan', NULL, NULL, 1),
(26, 'BO', 'Bolivia', NULL, NULL, 1),
(27, 'BA', 'Bosnia and Herzegovina', NULL, NULL, 1),
(28, 'BW', 'Botswana', NULL, NULL, 1),
(29, 'BV', 'Bouvet Island', NULL, NULL, 1),
(30, 'BR', 'Brazil', NULL, NULL, 1),
(31, 'IO', 'British Indian Ocean Territory', NULL, NULL, 1),
(32, 'BN', 'Brunei', NULL, NULL, 1),
(33, 'BG', 'Bulgaria', NULL, NULL, 1),
(34, 'BF', 'Burkina Faso', NULL, NULL, 1),
(35, 'BI', 'Burundi', NULL, NULL, 1),
(36, 'KH', 'Cambodia', NULL, NULL, 1),
(37, 'CM', 'Cameroon', NULL, NULL, 1),
(38, 'CA', 'Canada', NULL, NULL, 1),
(39, 'CV', 'Cape Verde', NULL, NULL, 1),
(40, 'KY', 'Cayman Islands', NULL, NULL, 1),
(41, 'CF', 'Central African Republic', NULL, NULL, 1),
(42, 'TD', 'Chad', NULL, NULL, 1),
(43, 'CL', 'Chile', NULL, NULL, 1),
(44, 'CN', 'China', NULL, NULL, 1),
(45, 'CX', 'Christmas Island', NULL, NULL, 1),
(46, 'CC', 'Cocos (Keeling) Islands', NULL, NULL, 1),
(47, 'CO', 'Colombia', NULL, NULL, 1),
(48, 'KM', 'Comoros', NULL, NULL, 1),
(49, 'CG', 'Congo', NULL, NULL, 1),
(50, 'CD', 'Congo The Democratic Republic Of The', NULL, NULL, 1),
(51, 'CK', 'Cook Islands', NULL, NULL, 1),
(52, 'CR', 'Costa Rica', NULL, NULL, 1),
(53, 'CI', 'Cote D\'Ivoire (Ivory Coast)', NULL, NULL, 1),
(54, 'HR', 'Croatia (Hrvatska)', NULL, NULL, 1),
(55, 'CU', 'Cuba', NULL, NULL, 1),
(56, 'CY', 'Cyprus', NULL, NULL, 1),
(57, 'CZ', 'Czech Republic', NULL, NULL, 1),
(58, 'DK', 'Denmark', NULL, NULL, 1),
(59, 'DJ', 'Djibouti', NULL, NULL, 1),
(60, 'DM', 'Dominica', NULL, NULL, 1),
(61, 'DO', 'Dominican Republic', NULL, NULL, 1),
(62, 'TP', 'East Timor', NULL, NULL, 1),
(63, 'EC', 'Ecuador', NULL, NULL, 1),
(64, 'EG', 'Egypt', NULL, NULL, 1),
(65, 'SV', 'El Salvador', NULL, NULL, 1),
(66, 'GQ', 'Equatorial Guinea', NULL, NULL, 1),
(67, 'ER', 'Eritrea', NULL, NULL, 1),
(68, 'EE', 'Estonia', NULL, NULL, 1),
(69, 'ET', 'Ethiopia', NULL, NULL, 1),
(70, 'XA', 'External Territories of Australia', NULL, NULL, 1),
(71, 'FK', 'Falkland Islands', NULL, NULL, 1),
(72, 'FO', 'Faroe Islands', NULL, NULL, 1),
(73, 'FJ', 'Fiji Islands', NULL, NULL, 1),
(74, 'FI', 'Finland', NULL, NULL, 1),
(75, 'FR', 'France', NULL, NULL, 1),
(76, 'GF', 'French Guiana', NULL, NULL, 1),
(77, 'PF', 'French Polynesia', NULL, NULL, 1),
(78, 'TF', 'French Southern Territories', NULL, NULL, 1),
(79, 'GA', 'Gabon', NULL, NULL, 1),
(80, 'GM', 'Gambia The', NULL, NULL, 1),
(81, 'GE', 'Georgia', NULL, NULL, 1),
(82, 'DE', 'Germany', NULL, NULL, 1),
(83, 'GH', 'Ghana', NULL, NULL, 1),
(84, 'GI', 'Gibraltar', NULL, NULL, 1),
(85, 'GR', 'Greece', NULL, NULL, 1),
(86, 'GL', 'Greenland', NULL, NULL, 1),
(87, 'GD', 'Grenada', NULL, NULL, 1),
(88, 'GP', 'Guadeloupe', NULL, NULL, 1),
(89, 'GU', 'Guam', NULL, NULL, 1),
(90, 'GT', 'Guatemala', NULL, NULL, 1),
(91, 'XU', 'Guernsey and Alderney', NULL, NULL, 1),
(92, 'GN', 'Guinea', NULL, NULL, 1),
(93, 'GW', 'Guinea-Bissau', NULL, NULL, 1),
(94, 'GY', 'Guyana', NULL, NULL, 1),
(95, 'HT', 'Haiti', NULL, NULL, 1),
(96, 'HM', 'Heard and McDonald Islands', NULL, NULL, 1),
(97, 'HN', 'Honduras', NULL, NULL, 1),
(98, 'HK', 'Hong Kong S.A.R.', NULL, NULL, 1),
(99, 'HU', 'Hungary', NULL, NULL, 1),
(100, 'IS', 'Iceland', NULL, NULL, 1),
(101, 'IN', 'India', NULL, NULL, 1),
(102, 'ID', 'Indonesia', NULL, NULL, 1),
(103, 'IR', 'Iran', NULL, NULL, 1),
(104, 'IQ', 'Iraq', NULL, NULL, 1),
(105, 'IE', 'Ireland', NULL, NULL, 1),
(106, 'IL', 'Israel', NULL, NULL, 1),
(107, 'IT', 'Italy', NULL, NULL, 1),
(108, 'JM', 'Jamaica', NULL, NULL, 1),
(109, 'JP', 'Japan', NULL, NULL, 1),
(110, 'XJ', 'Jersey', NULL, NULL, 1),
(111, 'JO', 'Jordan', NULL, NULL, 1),
(112, 'KZ', 'Kazakhstan', NULL, NULL, 1),
(113, 'KE', 'Kenya', NULL, NULL, 1),
(114, 'KI', 'Kiribati', NULL, NULL, 1),
(115, 'KP', 'Korea North', NULL, NULL, 1),
(116, 'KR', 'Korea South', NULL, NULL, 1),
(117, 'KW', 'Kuwait', NULL, NULL, 1),
(118, 'KG', 'Kyrgyzstan', NULL, NULL, 1),
(119, 'LA', 'Laos', NULL, NULL, 1),
(120, 'LV', 'Latvia', NULL, NULL, 1),
(121, 'LB', 'Lebanon', NULL, NULL, 1),
(122, 'LS', 'Lesotho', NULL, NULL, 1),
(123, 'LR', 'Liberia', NULL, NULL, 1),
(124, 'LY', 'Libya', NULL, NULL, 1),
(125, 'LI', 'Liechtenstein', NULL, NULL, 1),
(126, 'LT', 'Lithuania', NULL, NULL, 1),
(127, 'LU', 'Luxembourg', NULL, NULL, 1),
(128, 'MO', 'Macau S.A.R.', NULL, NULL, 1),
(129, 'MK', 'Macedonia', NULL, NULL, 1),
(130, 'MG', 'Madagascar', NULL, NULL, 1),
(131, 'MW', 'Malawi', NULL, NULL, 1),
(132, 'MY', 'Malaysia', NULL, NULL, 1),
(133, 'MV', 'Maldives', NULL, NULL, 1),
(134, 'ML', 'Mali', NULL, NULL, 1),
(135, 'MT', 'Malta', NULL, NULL, 1),
(136, 'XM', 'Man (Isle of)', NULL, NULL, 1),
(137, 'MH', 'Marshall Islands', NULL, NULL, 1),
(138, 'MQ', 'Martinique', NULL, NULL, 1),
(139, 'MR', 'Mauritania', NULL, NULL, 1),
(140, 'MU', 'Mauritius', NULL, NULL, 1),
(141, 'YT', 'Mayotte', NULL, NULL, 1),
(142, 'MX', 'Mexico', NULL, NULL, 1),
(143, 'FM', 'Micronesia', NULL, NULL, 1),
(144, 'MD', 'Moldova', NULL, NULL, 1),
(145, 'MC', 'Monaco', NULL, NULL, 1),
(146, 'MN', 'Mongolia', NULL, NULL, 1),
(147, 'MS', 'Montserrat', NULL, NULL, 1),
(148, 'MA', 'Morocco', NULL, NULL, 1),
(149, 'MZ', 'Mozambique', NULL, NULL, 1),
(150, 'MM', 'Myanmar', NULL, NULL, 1),
(151, 'NA', 'Namibia', NULL, NULL, 1),
(152, 'NR', 'Nauru', NULL, NULL, 1),
(153, 'NP', 'Nepal', NULL, NULL, 1),
(154, 'AN', 'Netherlands Antilles', NULL, NULL, 1),
(155, 'NL', 'Netherlands The', NULL, NULL, 1),
(156, 'NC', 'New Caledonia', NULL, NULL, 1),
(157, 'NZ', 'New Zealand', NULL, NULL, 1),
(158, 'NI', 'Nicaragua', NULL, NULL, 1),
(159, 'NE', 'Niger', NULL, NULL, 1),
(160, 'NG', 'Nigeria', NULL, NULL, 1),
(161, 'NU', 'Niue', NULL, NULL, 1),
(162, 'NF', 'Norfolk Island', NULL, NULL, 1),
(163, 'MP', 'Northern Mariana Islands', NULL, NULL, 1),
(164, 'NO', 'Norway', NULL, NULL, 1),
(165, 'OM', 'Oman', NULL, NULL, 1),
(166, 'PK', 'Pakistan', NULL, NULL, 1),
(167, 'PW', 'Palau', NULL, NULL, 1),
(168, 'PS', 'Palestinian Territory Occupied', NULL, NULL, 1),
(169, 'PA', 'Panama', NULL, NULL, 1),
(170, 'PG', 'Papua new Guinea', NULL, NULL, 1),
(171, 'PY', 'Paraguay', NULL, NULL, 1),
(172, 'PE', 'Peru', NULL, NULL, 1),
(173, 'PH', 'Philippines', NULL, NULL, 1),
(174, 'PN', 'Pitcairn Island', NULL, NULL, 1),
(175, 'PL', 'Poland', NULL, NULL, 1),
(176, 'PT', 'Portugal', NULL, NULL, 1),
(177, 'PR', 'Puerto Rico', NULL, NULL, 1),
(178, 'QA', 'Qatar', NULL, NULL, 1),
(179, 'RE', 'Reunion', NULL, NULL, 1),
(180, 'RO', 'Romania', NULL, NULL, 1),
(181, 'RU', 'Russia', NULL, NULL, 1),
(182, 'RW', 'Rwanda', NULL, NULL, 1),
(183, 'SH', 'Saint Helena', NULL, NULL, 1),
(184, 'KN', 'Saint Kitts And Nevis', NULL, NULL, 1),
(185, 'LC', 'Saint Lucia', NULL, NULL, 1),
(186, 'PM', 'Saint Pierre and Miquelon', NULL, NULL, 1),
(187, 'VC', 'Saint Vincent And The Grenadines', NULL, NULL, 1),
(188, 'WS', 'Samoa', NULL, NULL, 1),
(189, 'SM', 'San Marino', NULL, NULL, 1),
(190, 'ST', 'Sao Tome and Principe', NULL, NULL, 1),
(191, 'SA', 'Saudi Arabia', NULL, NULL, 1),
(192, 'SN', 'Senegal', NULL, NULL, 1),
(193, 'RS', 'Serbia', NULL, NULL, 1),
(194, 'SC', 'Seychelles', NULL, NULL, 1),
(195, 'SL', 'Sierra Leone', NULL, NULL, 1),
(196, 'SG', 'Singapore', NULL, NULL, 1),
(197, 'SK', 'Slovakia', NULL, NULL, 1),
(198, 'SI', 'Slovenia', NULL, NULL, 1),
(199, 'XG', 'Smaller Territories of the UK', NULL, NULL, 1),
(200, 'SB', 'Solomon Islands', NULL, NULL, 1),
(201, 'SO', 'Somalia', NULL, NULL, 1),
(202, 'ZA', 'South Africa', NULL, NULL, 1),
(203, 'GS', 'South Georgia', NULL, NULL, 1),
(204, 'SS', 'South Sudan', NULL, NULL, 1),
(205, 'ES', 'Spain', NULL, NULL, 1),
(206, 'LK', 'Sri Lanka', NULL, NULL, 1),
(207, 'SD', 'Sudan', NULL, NULL, 1),
(208, 'SR', 'Suriname', NULL, NULL, 1),
(209, 'SJ', 'Svalbard And Jan Mayen Islands', NULL, NULL, 1),
(210, 'SZ', 'Swaziland', NULL, NULL, 1),
(211, 'SE', 'Sweden', NULL, NULL, 1),
(212, 'CH', 'Switzerland', NULL, NULL, 1),
(213, 'SY', 'Syria', NULL, NULL, 1),
(214, 'TW', 'Taiwan', NULL, NULL, 1),
(215, 'TJ', 'Tajikistan', NULL, NULL, 1),
(216, 'TZ', 'Tanzania', NULL, NULL, 1),
(217, 'TH', 'Thailand', NULL, NULL, 1),
(218, 'TG', 'Togo', NULL, NULL, 1),
(219, 'TK', 'Tokelau', NULL, NULL, 1),
(220, 'TO', 'Tonga', NULL, NULL, 1),
(221, 'TT', 'Trinidad And Tobago', NULL, NULL, 1),
(222, 'TN', 'Tunisia', NULL, NULL, 1),
(223, 'TR', 'Turkey', NULL, NULL, 1),
(224, 'TM', 'Turkmenistan', NULL, NULL, 1),
(225, 'TC', 'Turks And Caicos Islands', NULL, NULL, 1),
(226, 'TV', 'Tuvalu', NULL, NULL, 1),
(227, 'UG', 'Uganda', NULL, NULL, 1),
(228, 'UA', 'Ukraine', NULL, NULL, 1),
(229, 'AE', 'United Arab Emirates', NULL, NULL, 1),
(230, 'GB', 'United Kingdom', NULL, NULL, 1),
(231, 'US', 'United States', NULL, NULL, 1),
(232, 'UM', 'United States Minor Outlying Islands', NULL, NULL, 1),
(233, 'UY', 'Uruguay', NULL, NULL, 1),
(234, 'UZ', 'Uzbekistan', NULL, NULL, 1),
(235, 'VU', 'Vanuatu', NULL, NULL, 1),
(236, 'VA', 'Vatican City State (Holy See)', NULL, NULL, 1),
(237, 'VE', 'Venezuela', NULL, NULL, 1),
(238, 'VN', 'Vietnam', NULL, NULL, 1),
(239, 'VG', 'Virgin Islands (British)', NULL, NULL, 1),
(240, 'VI', 'Virgin Islands (US)', NULL, NULL, 1),
(241, 'WF', 'Wallis And Futuna Islands', NULL, NULL, 1),
(242, 'EH', 'Western Sahara', NULL, NULL, 1),
(243, 'YE', 'Yemen', NULL, NULL, 1),
(244, 'YU', 'Yugoslavia', NULL, NULL, 1),
(245, 'ZM', 'Zambia', NULL, NULL, 1),
(246, 'ZW', 'Zimbabwe', NULL, NULL, 1);

-- --------------------------------------------------------

--
-- Table structure for table `customers`
--

CREATE TABLE `customers` (
  `id` int(11) NOT NULL,
  `individual_id` int(11) NOT NULL DEFAULT 0,
  `customer_from` varchar(255) NOT NULL,
  `customer_to` varchar(255) NOT NULL,
  `created_by` int(11) NOT NULL,
  `modified_by` int(11) NOT NULL,
  `created` datetime NOT NULL,
  `modified` datetime NOT NULL,
  `status` tinyint(4) NOT NULL DEFAULT 1
) ENGINE=InnoDB DEFAULT CHARSET=latin1;

--
-- Dumping data for table `customers`
--

INSERT INTO `customers` (`id`, `individual_id`, `customer_from`, `customer_to`, `created_by`, `modified_by`, `created`, `modified`, `status`) VALUES
(1, 1, 'Surat', 'Mumbai', 1, 1, '2023-08-17 13:54:46', '2023-08-17 13:54:46', 1),
(2, 1, 'Surat', 'Mumbai', 1, 1, '2023-08-17 13:59:02', '2023-08-17 13:59:02', 0),
(3, 1, 'kolkata 1', 'Mumbai', 1, 1, '2023-08-25 09:39:22', '2023-08-25 09:39:22', 1),
(4, 1, 'Surat', 'Mumbai', 1, 1, '2023-08-25 09:38:16', '2023-08-25 09:38:16', 1);

-- --------------------------------------------------------

--
-- Table structure for table `debug_info_table`
--

CREATE TABLE `debug_info_table` (
  `id` int(11) NOT NULL,
  `info` varchar(255) DEFAULT NULL
) ENGINE=InnoDB DEFAULT CHARSET=utf8mb4;

--
-- Dumping data for table `debug_info_table`
--

INSERT INTO `debug_info_table` (`id`, `info`) VALUES
(1, 'op_item_qty: 1.00'),
(2, 'last_id_in_warehouse_balance_items: 2'),
(3, 'op_item_qty: 0.00'),
(4, 'last_id_in_warehouse_balance_items: 3');

-- --------------------------------------------------------

--
-- Table structure for table `departments`
--

CREATE TABLE `departments` (
  `id` bigint(20) UNSIGNED NOT NULL,
  `name` varchar(255) COLLATE utf8mb4_unicode_ci DEFAULT NULL,
  `created` datetime DEFAULT NULL,
  `modified` datetime DEFAULT NULL,
  `status` tinyint(4) NOT NULL DEFAULT 1
) ENGINE=MyISAM DEFAULT CHARSET=utf8mb4 COLLATE=utf8mb4_unicode_ci;

-- --------------------------------------------------------

--
-- Table structure for table `dyed_fabrics`
--

CREATE TABLE `dyed_fabrics` (
  `id` bigint(20) UNSIGNED NOT NULL,
  `name` varchar(255) COLLATE utf8mb4_unicode_ci DEFAULT NULL,
  `created` datetime DEFAULT NULL,
  `modified` datetime DEFAULT NULL,
  `status` tinyint(4) NOT NULL DEFAULT 1
) ENGINE=MyISAM DEFAULT CHARSET=utf8mb4 COLLATE=utf8mb4_unicode_ci;

--
-- Dumping data for table `dyed_fabrics`
--

INSERT INTO `dyed_fabrics` (`id`, `name`, `created`, `modified`, `status`) VALUES
(1, 'cotton', '2023-08-11 06:24:17', '2023-08-11 06:24:17', 1);

-- --------------------------------------------------------

--
-- Table structure for table `dyings`
--

CREATE TABLE `dyings` (
  `id` bigint(20) UNSIGNED NOT NULL,
  `name` varchar(255) COLLATE utf8mb4_unicode_ci DEFAULT NULL,
  `created` datetime DEFAULT NULL,
  `modified` datetime DEFAULT NULL,
  `status` tinyint(4) NOT NULL DEFAULT 1
) ENGINE=MyISAM DEFAULT CHARSET=utf8mb4 COLLATE=utf8mb4_unicode_ci;

--
-- Dumping data for table `dyings`
--

INSERT INTO `dyings` (`id`, `name`, `created`, `modified`, `status`) VALUES
(1, 'cotton', '2023-08-11 07:25:39', '2023-08-11 07:25:39', 1);

-- --------------------------------------------------------

--
-- Table structure for table `fabric_fault_reasons`
--

CREATE TABLE `fabric_fault_reasons` (
  `id` int(11) NOT NULL,
  `reason` varchar(255) NOT NULL,
  `created` date NOT NULL,
  `status` tinyint(1) NOT NULL
) ENGINE=InnoDB DEFAULT CHARSET=utf8mb4;

--
-- Dumping data for table `fabric_fault_reasons`
--

INSERT INTO `fabric_fault_reasons` (`id`, `reason`, `created`, `status`) VALUES
(1, 'Slub', '2023-09-12', 1),
(2, 'Barre', '2023-09-12', 1),
(3, 'Neps', '2023-09-12', 1),
(4, 'Dirt or stains', '2023-09-12', 1),
(5, 'Uneven dyeing', '2023-09-12', 1),
(6, 'Crease marks', '2023-09-12', 1),
(7, 'Loose warp or weft', '2023-09-12', 1),
(8, 'Broken ends or warp', '2023-09-12', 1);

-- --------------------------------------------------------

--
-- Table structure for table `failed_jobs`
--

CREATE TABLE `failed_jobs` (
  `id` bigint(20) UNSIGNED NOT NULL,
  `uuid` varchar(191) COLLATE utf8mb4_unicode_ci NOT NULL,
  `connection` text COLLATE utf8mb4_unicode_ci NOT NULL,
  `queue` text COLLATE utf8mb4_unicode_ci NOT NULL,
  `payload` longtext COLLATE utf8mb4_unicode_ci NOT NULL,
  `exception` longtext COLLATE utf8mb4_unicode_ci NOT NULL,
  `failed_at` timestamp NOT NULL DEFAULT current_timestamp()
) ENGINE=MyISAM DEFAULT CHARSET=utf8mb4 COLLATE=utf8mb4_unicode_ci;

-- --------------------------------------------------------

--
-- Table structure for table `finished_fabrics`
--

CREATE TABLE `finished_fabrics` (
  `id` bigint(20) UNSIGNED NOT NULL,
  `name` varchar(255) COLLATE utf8mb4_unicode_ci DEFAULT NULL,
  `created` datetime DEFAULT NULL,
  `modified` datetime DEFAULT NULL,
  `status` tinyint(4) NOT NULL DEFAULT 1
) ENGINE=MyISAM DEFAULT CHARSET=utf8mb4 COLLATE=utf8mb4_unicode_ci;

-- --------------------------------------------------------

--
-- Table structure for table `gate_passes`
--

CREATE TABLE `gate_passes` (
  `id` int(11) NOT NULL,
  `work_order_id` int(11) DEFAULT NULL,
  `sale_order_item_id` int(11) DEFAULT NULL,
  `item_id` int(11) DEFAULT NULL,
  `item_type_id` int(11) DEFAULT NULL,
  `unit_type_id` int(11) DEFAULT NULL,
  `qty` int(11) DEFAULT NULL,
  `qty_size` int(11) DEFAULT NULL,
  `to_department` varchar(55) DEFAULT NULL,
  `to_warehouse` varchar(55) DEFAULT NULL,
  `dyeing_color` varchar(255) DEFAULT NULL,
  `coated_pvc` varchar(255) DEFAULT NULL,
  `extra_job` varchar(255) DEFAULT NULL,
  `print_job` varchar(255) DEFAULT NULL,
  `gatepass_number` varchar(55) DEFAULT NULL,
  `genrated_by` int(11) DEFAULT NULL,
  `print_date` date DEFAULT NULL,
  `created` date DEFAULT NULL,
  `modified` date NOT NULL,
  `status` tinyint(1) NOT NULL DEFAULT 1
) ENGINE=InnoDB DEFAULT CHARSET=utf8mb4;

--
-- Dumping data for table `gate_passes`
--

INSERT INTO `gate_passes` (`id`, `work_order_id`, `sale_order_item_id`, `item_id`, `item_type_id`, `unit_type_id`, `qty`, `qty_size`, `to_department`, `to_warehouse`, `dyeing_color`, `coated_pvc`, `extra_job`, `print_job`, `gatepass_number`, `genrated_by`, `print_date`, `created`, `modified`, `status`) VALUES
(1, 1, NULL, 27, 2, NULL, 1, 100, '2', '2', NULL, NULL, NULL, NULL, '1001', 18, NULL, '2023-12-18', '0000-00-00', 1),
(2, 2, NULL, 27, 3, NULL, 1, 1000, '3', '3', NULL, NULL, NULL, NULL, '1001', 18, '0000-00-00', '2023-12-18', '0000-00-00', 1);

-- --------------------------------------------------------

--
-- Table structure for table `greys`
--

CREATE TABLE `greys` (
  `id` bigint(20) UNSIGNED NOT NULL,
  `name` varchar(255) COLLATE utf8mb4_unicode_ci DEFAULT NULL,
  `created` datetime DEFAULT NULL,
  `modified` datetime DEFAULT NULL,
  `status` tinyint(4) NOT NULL DEFAULT 1
) ENGINE=MyISAM DEFAULT CHARSET=utf8mb4 COLLATE=utf8mb4_unicode_ci;

--
-- Dumping data for table `greys`
--

INSERT INTO `greys` (`id`, `name`, `created`, `modified`, `status`) VALUES
(1, 'Grey 1', '2023-09-23 06:08:34', '2023-09-23 06:08:34', 1),
(2, 'GreyGreyGreyGrey', '2023-08-11 07:12:31', '2023-08-11 07:12:31', 1);

-- --------------------------------------------------------

--
-- Table structure for table `gst_rates`
--

CREATE TABLE `gst_rates` (
  `gst_rate_id` int(11) NOT NULL,
  `gst_rate` decimal(10,1) NOT NULL,
  `created` datetime NOT NULL DEFAULT current_timestamp(),
  `modified` datetime NOT NULL,
  `status` tinyint(4) NOT NULL DEFAULT 1
) ENGINE=InnoDB DEFAULT CHARSET=utf8mb4;

--
-- Dumping data for table `gst_rates`
--

INSERT INTO `gst_rates` (`gst_rate_id`, `gst_rate`, `created`, `modified`, `status`) VALUES
(2, '5.0', '2023-09-27 14:01:39', '2023-09-27 13:10:35', 1),
(3, '12.0', '2023-09-27 14:01:39', '2023-09-27 13:18:06', 1),
(4, '18.0', '2023-09-27 15:00:12', '2023-09-27 13:27:42', 1),
(5, '28.0', '2023-09-27 15:00:12', '2023-11-02 10:52:40', 1);

-- --------------------------------------------------------

--
-- Table structure for table `hsns`
--

CREATE TABLE `hsns` (
  `id` bigint(20) UNSIGNED NOT NULL,
  `name` varchar(255) COLLATE utf8mb4_unicode_ci DEFAULT NULL,
  `gst_rate_id` int(44) NOT NULL,
  `description` varchar(255) COLLATE utf8mb4_unicode_ci DEFAULT NULL,
  `created` datetime DEFAULT NULL,
  `modified` datetime DEFAULT NULL,
  `status` tinyint(4) NOT NULL DEFAULT 1
) ENGINE=InnoDB DEFAULT CHARSET=utf8mb4 COLLATE=utf8mb4_unicode_ci;

-- --------------------------------------------------------

--
-- Table structure for table `individuals`
--

CREATE TABLE `individuals` (
  `id` bigint(20) UNSIGNED NOT NULL,
  `process_type_id` int(11) DEFAULT NULL COMMENT 'comes from process_itemstable',
  `name` varchar(255) COLLATE utf8mb4_unicode_ci DEFAULT NULL,
  `type` enum('customers','master','agents','labourer','vendors','transport','employee') COLLATE utf8mb4_unicode_ci NOT NULL DEFAULT 'customers',
  `vendor_type` enum('yarn','greige','chemical','maintanance','general') COLLATE utf8mb4_unicode_ci DEFAULT NULL,
  `phone` varchar(10) COLLATE utf8mb4_unicode_ci DEFAULT NULL,
  `company_name` varchar(100) COLLATE utf8mb4_unicode_ci DEFAULT NULL,
  `nick_name` varchar(255) COLLATE utf8mb4_unicode_ci NOT NULL,
  `gstin` varchar(100) COLLATE utf8mb4_unicode_ci DEFAULT NULL,
  `pan` varchar(100) COLLATE utf8mb4_unicode_ci DEFAULT NULL,
  `tanno` varchar(11) COLLATE utf8mb4_unicode_ci DEFAULT NULL,
  `adhar` varchar(100) COLLATE utf8mb4_unicode_ci DEFAULT NULL,
  `whatsapp` varchar(100) COLLATE utf8mb4_unicode_ci DEFAULT NULL,
  `email` varchar(100) COLLATE utf8mb4_unicode_ci DEFAULT NULL,
  `verified_remark` varchar(100) COLLATE utf8mb4_unicode_ci DEFAULT NULL,
  `is_verified` enum('yes','no') COLLATE utf8mb4_unicode_ci NOT NULL DEFAULT 'no',
  `created` datetime DEFAULT NULL,
  `modified` datetime DEFAULT NULL,
  `status` tinyint(1) NOT NULL
) ENGINE=InnoDB DEFAULT CHARSET=utf8mb4 COLLATE=utf8mb4_unicode_ci;

--
-- Dumping data for table `individuals`
--

INSERT INTO `individuals` (`id`, `process_type_id`, `name`, `type`, `vendor_type`, `phone`, `company_name`, `nick_name`, `gstin`, `pan`, `tanno`, `adhar`, `whatsapp`, `email`, `verified_remark`, `is_verified`, `created`, `modified`, `status`) VALUES
(1, NULL, 'Ajy Tech Pvt Ltd', 'customers', NULL, '9804994398', '', 'ClientCogs', '18AABCU9603R1ZM', 'AFQPA7358J', 'RAJA99999B', '222200001111', '9804994398', 'fauzneha@gmail.com', 'Verified Remark', 'yes', '2023-11-08 10:26:59', '2023-11-08 10:26:59', 1),
(2, 0, 'Manish Customer', 'customers', NULL, '9804994398', 'ProCogs', 'ClientCogs', '10AABCU9603R1Z2', 'AIMPG2221M ', 'BFOPL02HH', '111100001111', '9804994398', 'manish2666@gmail.com', 'Verified Remark', 'yes', '2023-08-11 10:53:26', '2023-08-11 10:53:26', 1),
(3, 0, 'Subham Customer', 'customers', NULL, '9804994398', 'R K Mission', 'ProTech', '04AABCU9603R1ZV', 'ABRPY7496E', 'ABCTY1234D', '333300001111', '9804994398', 'subham2666@gmail.com', 'Verified Remark', 'yes', '2023-08-11 11:06:56', '2023-08-11 11:06:56', 1),
(4, 0, 'Sanjay Customer', 'customers', NULL, '9804994398', 'Universal', 'San Universal', '22AABCU9603R1ZX', 'BFOKL9871H', 'PDES03028F', '444400001111', '9804994398', 'sanjay26@gmail.com', 'Its user name', 'yes', '2023-09-08 05:59:18', '2023-09-08 05:59:18', 1),
(5, 0, 'Indradeo Customer', 'customers', NULL, '9804994398', 'ProCOgs', 'Cliebntcogs', '07AABCU9603R1ZP', 'AJWPC4271A', 'HGFT9807G', '555500001111', '9804994398', 'clientcogs@gmail.com', 'Verified Remark', 'yes', '2023-08-21 08:03:29', '2023-08-21 08:03:29', 1),
(6, 0, 'Sanjay Vendor', 'vendors', NULL, '9804994398', 'ClientCogs', 'ClientCogs', '30AABCU9603R1Z0', 'ABCPN8954C ', 'RAJA99999B', '666600001111', '9804994398', 'fauzneha@gmail.com', 'Verified Remark', 'yes', '2023-08-21 08:05:10', '2023-08-21 08:05:10', 1),
(7, 0, 'Sanjay Employee', 'employee', NULL, '9804994398', 'ClientCogs', 'ClientCogs', '29GGGGG1314R9Z6', 'BFOPKH5555', 'GFDSP0981G', '777700001111', '9804994398', 'clientcogs2@gmail.com', 'Verified Remark', 'yes', '2023-08-30 12:14:38', '2023-08-30 12:14:38', 1),
(8, 0, 'sanjay kumar Emp', 'employee', NULL, '9804994398', 'ClientCogs', 'Cliebntcogs', '29GGGGG1314R9Z6', 'BFOPKH318h', 'POIUY0201HH', '987463254125', '9804994398', 'clientcogs3@gmail.com', 'Verified Remark', 'yes', '2023-08-30 12:15:26', '2023-08-30 12:15:26', 1),
(9, 0, 'Agent Sanjay', 'agents', NULL, '9804494398', 'AgentCogs', 'AgentTech', '29GGGGG1314R9Z6', 'BFOPKH5435', 'RTYU0201HH', '499118665246', '9804994398', 'agenttech@gmail.com', 'Verified Remark', 'yes', '2023-09-01 10:26:14', '2023-09-01 10:26:14', 1),
(10, 0, 'Master Sanjay', 'master', NULL, '9804994398', 'Client Tech', 'SK', '21AABCU9603R1ZZ', 'BFOPKH5555', 'PDES03028F', '499118665246', '9804994398', 'clientcogs4@gmail.com', 'Verified Remark test', 'yes', '2023-09-08 13:32:48', '2023-09-08 13:32:48', 1),
(11, 0, 'Kevin Tew', 'master', NULL, '9804994398', 'Recruter Exchange', 'Rick', '21AABCU9603R1ZZ', 'BFOKL9871I', 'PDES03028Q', '499118665246', '9804994398', 'rick@gmail.com', 'Verified Remark test', 'yes', '2023-09-22 06:39:38', '2023-09-22 06:39:38', 1),
(12, 0, 'Client  Labourer', 'labourer', NULL, '9903603689', 'ClientCogs', 'Clbr', '29GGGGG1314R9Z6', 'BFOPKH5555', 'PDES03028F', '852365489856', '9804994398', 'amisingh900@outlook.com', 'Verified Remark', 'yes', '2023-09-12 09:13:47', '2023-09-12 09:13:47', 1),
(13, 0, 'Ajit Emp', 'employee', NULL, '9804994398', 'ClientCogs', 'ajit', NULL, 'BFOPK0201H', NULL, '397788000234', '9804994398', 'ajit@gmail.com', NULL, 'yes', '2023-09-19 12:28:46', '2023-09-19 12:28:46', 1),
(14, 0, 'sanjay kumar', 'transport', NULL, '9804994398', '', 'ClientCogs', NULL, 'BFOPKH5556', 'bfopk0201j', '985478548521', '9804994398', 'fauznuj@gmail.com', NULL, 'yes', '2023-09-19 13:35:50', '2023-09-19 13:35:50', 1),
(15, NULL, 'Amit Kumar Singh', 'employee', NULL, '9804994398', '', 'Amit', 'NO', 'BFOPKH5555', 'bfopk0201H', NULL, '9804994398', 'amit@gmail.com', 'Verified Remark text', 'yes', '2023-11-07 10:36:39', '2023-11-07 10:36:39', 1),
(16, NULL, 'Amit Kumar', 'employee', NULL, '9804994398', '', 'Amit', 'NO', 'BFOPKH5555', 'bfopk0201H', NULL, '9804994398', 'amit2@gmail.com', 'Verified Remark text', 'yes', '2023-11-07 08:28:09', '2023-11-07 08:28:09', 1),
(17, NULL, 'sanjay kumar', 'employee', NULL, '9903603689', '', '', 'URP', NULL, NULL, NULL, '9804994398', 'sanjay6@gmail.com', 'Verified Remark', 'yes', '2023-11-08 09:33:08', '2023-11-08 09:33:08', 1),
(18, NULL, 'sanjay kumar', 'employee', NULL, '9903603689', '', '', 'URP', NULL, NULL, NULL, '9804994398', 'sanjay2666@gmail.com', 'Verified Remark', 'yes', '2023-11-22 14:18:17', '2023-11-22 14:35:30', 1);

-- --------------------------------------------------------

--
-- Table structure for table `individual_address`
--

CREATE TABLE `individual_address` (
  `ind_add_id` int(11) NOT NULL,
  `individual_id` int(11) NOT NULL,
  `address_type` enum('s','b') NOT NULL DEFAULT 'b',
  `address_1` varchar(5555) NOT NULL,
  `address_2` varchar(5555) NOT NULL,
  `state_id` int(11) NOT NULL,
  `city` varchar(255) NOT NULL,
  `zip_code` varchar(10) NOT NULL,
  `default_address` tinyint(1) NOT NULL DEFAULT 0,
  `created` datetime NOT NULL,
  `status` tinyint(1) NOT NULL DEFAULT 1
) ENGINE=InnoDB DEFAULT CHARSET=utf8mb4;

--
-- Dumping data for table `individual_address`
--

INSERT INTO `individual_address` (`ind_add_id`, `individual_id`, `address_type`, `address_1`, `address_2`, `state_id`, `city`, `zip_code`, `default_address`, `created`, `status`) VALUES
(1, 1, 's', '178/20 Erly Qtr', 'Gulmohar', 37, 'Kolkata', '245524', 0, '2023-11-02 13:05:03', 1),
(2, 1, 'b', '178/20 Erly Qtr', 'Gulmohar', 37, 'Kolkata', '711101', 1, '2023-11-22 12:19:26', 1),
(3, 1, 's', 'howrah', 'kolkata', 39, 'bhuvneswar', '71110112', 1, '2023-08-16 07:01:07', 1),
(4, 1, 'b', 'Barakpore', 'Wieless', 40, 'barackpore', '223434', 0, '2023-11-02 13:37:18', 1),
(5, 6, 'b', 'Barakpore', 'Wieless', 41, 'barackpore', '223433', 0, '2023-08-16 07:32:16', 1),
(6, 6, 's', 'Barakpore', 'Wieless', 41, 'barackpore', '223433', 0, '2023-08-16 07:32:16', 1),
(7, 1, 'b', '37A G T Road', 'its test', 40, 'hooghly', '223434', 0, '2023-11-02 13:37:30', 1);

-- --------------------------------------------------------

--
-- Table structure for table `individual_types`
--

CREATE TABLE `individual_types` (
  `id` int(11) NOT NULL,
  `name` varchar(255) NOT NULL,
  `created` datetime DEFAULT NULL,
  `modified` datetime DEFAULT NULL,
  `status` tinyint(4) NOT NULL DEFAULT 1
) ENGINE=InnoDB DEFAULT CHARSET=latin1;

--
-- Dumping data for table `individual_types`
--

INSERT INTO `individual_types` (`id`, `name`, `created`, `modified`, `status`) VALUES
(1, 'indradeo hdvv', '2023-08-12 07:55:03', '2023-08-12 07:55:03', 0),
(2, 'indradeo f', '2023-08-12 08:13:17', '2023-08-12 08:13:17', 0),
(3, 'indradeo', '2023-08-12 08:13:06', '2023-08-12 08:13:06', 1);

-- --------------------------------------------------------

--
-- Table structure for table `items`
--

CREATE TABLE `items` (
  `item_id` int(11) NOT NULL,
  `item_name` varchar(255) DEFAULT NULL,
  `item_code` varchar(255) DEFAULT NULL,
  `internal_item_name` varchar(255) DEFAULT NULL,
  `unit_price` decimal(10,2) DEFAULT NULL,
  `hsncode` varchar(40) DEFAULT NULL,
  `item_type_id` int(11) NOT NULL DEFAULT 0,
  `unit_type_id` int(11) NOT NULL DEFAULT 0,
  `cut` decimal(10,2) DEFAULT NULL,
  `pur_rate` decimal(10,2) DEFAULT NULL,
  `sale_rate` decimal(10,2) DEFAULT NULL,
  `igst` float(10,2) DEFAULT NULL,
  `sgst` float(10,2) DEFAULT NULL,
  `cgst` float(10,2) DEFAULT NULL,
  `sale_igst` float(10,2) DEFAULT NULL,
  `sale_cgst` float(10,2) DEFAULT NULL,
  `sale_sgst` float(10,2) DEFAULT NULL,
  `item_gsm` int(11) DEFAULT NULL,
  `remarks` text DEFAULT NULL,
  `status` tinyint(1) NOT NULL DEFAULT 1,
  `created` datetime DEFAULT NULL,
  `modified` datetime DEFAULT NULL,
  `created_by` int(11) NOT NULL DEFAULT 0,
  `modified_by` int(11) NOT NULL DEFAULT 0,
  `is_conusmable` tinyint(1) NOT NULL DEFAULT 0
) ENGINE=InnoDB DEFAULT CHARSET=utf8mb4;

--
-- Dumping data for table `items`
--

INSERT INTO `items` (`item_id`, `item_name`, `item_code`, `internal_item_name`, `unit_price`, `hsncode`, `item_type_id`, `unit_type_id`, `cut`, `pur_rate`, `sale_rate`, `igst`, `sgst`, `cgst`, `sale_igst`, `sale_cgst`, `sale_sgst`, `item_gsm`, `remarks`, `status`, `created`, `modified`, `created_by`, `modified_by`, `is_conusmable`) VALUES
(1, 'test name', '654123', 'INT test  item name', '52.25', '10210121', 1, 4, '154.50', '2548.00', '5777.00', 18.00, NULL, NULL, NULL, NULL, NULL, 100, 'testtt testt', 1, '2023-08-12 13:59:35', '2023-08-12 13:59:35', 1, 1, 1),
(2, '300/96/1 HIM  BD BLACK', '300/96/1', 'INT HIM  BD BLACK', '1000.00', '54023300', 1, 4, '100.00', '500.00', '900.00', 18.00, NULL, NULL, NULL, NULL, NULL, 100, 'Remarks(optional)', 1, '2023-09-01 11:04:45', '2023-09-01 11:04:45', 17, 17, 1),
(3, '300/96/1 NIM BD.BLACK', 'TEX30096', 'INT TEX', '1000.00', '54023311', 1, 4, '100.00', '500.00', '900.00', 18.00, NULL, NULL, NULL, NULL, NULL, 100, 'Remarks(optional)', 1, '2023-09-01 11:10:58', '2023-09-01 11:10:58', 17, 17, 1),
(4, '300/96/1 NIM SD.WHITE', '300/96/1NIM', 'INT NIM SD.WHITE', '1000.00', '5402961', 1, 4, '100.00', '1000.00', '900.00', 18.00, NULL, NULL, NULL, NULL, NULL, 100, 'Remarks(optional)', 1, '2023-09-01 11:12:28', '2023-09-01 11:12:28', 17, 17, 1),
(5, '300/72/1 SIM SD.WHITE', '300/72/1', 'INT SIM SD.WHITE', '1000.00', '300/72/11', 1, 4, '100.00', '500.00', '900.00', 18.00, NULL, NULL, NULL, NULL, NULL, 100, 'Remarks(optional)', 1, '2023-09-01 11:14:57', '2023-09-01 11:14:57', 17, 17, 1),
(6, '150/48/1 NIM SD WHITE', '150/48/11', 'INT NIM SD WHITE', '1000.00', '1504811', 1, 4, '100.00', '500.00', '900.00', 18.00, NULL, NULL, NULL, NULL, NULL, 100, 'Remarks(optional)', 1, '2023-09-08 07:16:46', '2023-09-08 07:16:46', 17, 17, 1),
(7, '150/48/1 NIM BD.BLACK', '1504811', 'INT NIM  BD.BLACK 1', '1000.00', '150481', 1, 4, '100.00', '500.00', '900.00', 18.00, NULL, NULL, NULL, NULL, NULL, 100, 'Remarks(optional)', 1, '2023-09-01 11:18:44', '2023-09-01 11:18:44', 17, 17, 1),
(8, '150/48/1 SIM SD WHITE', '1504811', 'INT SIM SD WHITE', '1000.00', '3007211', 1, 4, '100.00', '500.00', '900.00', 18.00, NULL, NULL, NULL, NULL, NULL, 100, 'Remarks(optional)', 1, '2023-09-01 11:22:37', '2023-09-01 11:22:37', 17, 17, 1),
(9, '200/48/1 NIM TEX WHITE', '2004811', 'INT NIM TEX WHITE', '1000.00', '200/48/1', 1, 4, '200.00', '500.00', '900.00', 18.00, NULL, NULL, NULL, NULL, NULL, 100, 'Remarks(optional)', 1, '2023-09-01 11:27:37', '2023-09-01 11:27:37', 17, 17, 1),
(10, '80/72/1 HIM ROTO BLACK', 'ROTOSEMI', 'INT HIM ROTO BLACK', '2000.00', '80/72/1', 1, 4, '100.00', '400.00', '800.00', 18.00, NULL, NULL, NULL, NULL, NULL, 100, 'Remarks(optional)', 1, '2023-09-01 11:31:08', '2023-09-01 11:31:08', 17, 17, 1),
(11, '20s MONO LINO WAINDING', '20s MONO LINO WAINDING', 'INT 20s MONO', '1000.00', '0106 20 00', 1, 4, '100.00', '500.00', '800.00', 18.00, NULL, NULL, NULL, NULL, NULL, 100, 'Remarks(optional)', 1, '2023-09-01 11:33:24', '2023-09-01 11:33:24', 17, 17, 1),
(12, '1000D FDY HYITENCITY BLACK', '1000D FDY', 'INT HYITENCITY BLACK', '1000.00', '012321', 1, 4, '100.00', '1000.00', '900.00', 18.00, NULL, NULL, NULL, NULL, NULL, 100, 'Remarks(optional)', 1, '2023-09-01 11:34:47', '2023-09-01 11:34:47', 17, 17, 1),
(13, '250D FDY SIMDULL WHITE', '250D FDY', 'INT FDY SIMDULL WHITE', '1100.00', '32541254', 1, 4, '100.00', '500.00', '9000.00', 18.00, NULL, NULL, NULL, NULL, NULL, 100, 'Remarks(optional)', 1, '2023-09-01 11:36:11', '2023-09-01 11:36:11', 17, 17, 1),
(14, '150/48/1 FDY SIMDULL WHITE', '150/48/1', 'INT FDY SIMDULL WHITE', '1000.00', '0213012', 1, 4, '100.00', '500.00', '700.00', 18.00, NULL, NULL, NULL, NULL, NULL, 100, 'Remarks(optional)', 1, '2023-09-01 11:40:14', '2023-09-01 11:40:14', 17, 17, 1),
(15, '150/48/1 TEX DYED PINK-DN-209', '150/48/1TEX', 'INT TEX DYED PINK-DN-209', '1000.00', '01210101', 1, 4, '100.00', '500.00', '800.00', 18.00, NULL, NULL, NULL, NULL, NULL, 100, 'Remarks(optional)', 1, '2023-09-01 12:07:51', '2023-09-01 12:07:51', 17, 17, 1),
(16, '75/36/1 FDY SD.WHITE', '75/36/1', 'INT FDY SD.WHITE', '1000.00', '9623', 1, 4, '100.00', '500.00', '900.00', 18.00, NULL, NULL, NULL, NULL, NULL, 100, 'Remarks(optional)', 1, '2023-09-01 12:09:47', '2023-09-01 12:09:47', 17, 17, 1),
(17, '150/48/1 HIM RCYLE SD WHITE', '150/48/1', 'INT HIM RCYLE SD WHITE', '1500.00', '101101', 1, 4, '100.00', '700.00', '1100.00', 18.00, NULL, NULL, NULL, NULL, NULL, 100, 'Remarks(optional)', 1, '2023-09-01 12:11:11', '2023-09-01 12:11:11', 17, 17, 1),
(18, '150/48/1 LIM RECYLE SD WHITE', '150481LM', 'INT LIM RECYLE SD WHITE', '1001.00', '0124101', 1, 4, '100.00', '400.00', '800.00', 18.00, NULL, NULL, NULL, NULL, NULL, 100, 'Remarks(optional)', 1, '2023-09-01 12:14:18', '2023-09-01 12:14:18', 17, 17, 1),
(19, '75/72/1 HIM RECYLE SD WHITE', '75/72/1', 'INT HIM RECYLE SD WHITE', '1000.00', '0121541', 1, 4, '100.00', '800.00', '600.00', 18.00, NULL, NULL, NULL, NULL, NULL, 100, 'Remarks(optional)', 1, '2023-09-08 07:17:46', '2023-09-08 07:17:46', 17, 17, 1),
(20, '70/72/1st FDY RECYLE SD WHITE', '70/72/1st', 'INT FDY RECYLE SD WHITE', '1000.00', '0101210', 1, 4, '100.00', '900.00', '400.00', 18.00, NULL, NULL, NULL, NULL, NULL, 100, 'Remarks(optional)', 1, '2023-09-08 07:17:33', '2023-09-08 07:17:33', 17, 17, 1),
(21, '280/96/1 HIM RECYLE SD WHITE', '280/96/1 HIM RECYLE SD WHITE', 'INT 280/96/1 HIM RECYLE SD WHITE', '1100.00', '012010', 1, 4, '100.00', '900.00', '400.00', 18.00, NULL, NULL, NULL, NULL, NULL, 200, 'Remarks(optional)', 1, '2023-09-08 07:17:20', '2023-09-08 07:17:20', 17, 17, 1),
(22, '280/96/1 LIM RECYLE SD WHITE', '280/96/1', 'INT LIM RECYLE SD WHITE', '1000.00', '010100', 1, 4, '100.00', '900.00', '400.00', 18.00, NULL, NULL, NULL, NULL, NULL, 100, 'Its test remarks', 1, '2023-09-08 07:17:10', '2023-09-08 07:17:10', 17, 17, 1),
(23, '150/108/1 HIM RECYLE SD WHITE', '150/108/1 HIM RECYLE SD WHITE', 'INT 150/108/1 HIM RECYLE SD WHITE', '1000.00', '010100', 1, 4, '100.00', '800.00', '700.00', 18.00, NULL, NULL, NULL, NULL, NULL, 100, 'Its test remarks', 1, '2023-09-08 07:16:58', '2023-09-08 07:16:58', 17, 17, 1),
(24, '150/108/1 LIM RECYLE SD WHITE', '150/108/1', 'INT LIM RECYLE SD WHITE', '1000.00', '0101001', 1, 4, '200.00', '800.00', '400.00', 18.00, NULL, NULL, NULL, NULL, NULL, 100, 'Its test remarks', 1, '2023-09-19 13:55:22', '2023-09-19 13:55:22', 17, 17, 1),
(25, 'Ionic Test', '0', NULL, NULL, '0', 6, 5, NULL, '21.00', NULL, 18.00, NULL, NULL, NULL, NULL, NULL, NULL, NULL, 1, '2023-09-22 07:21:10', '2023-09-22 07:21:10', 17, 17, 1),
(26, 'Nano Checks', '546', 'INT Nano Checks', '100.00', '54645', 8, 2, NULL, '56.00', NULL, 5.00, NULL, NULL, NULL, NULL, NULL, 56, NULL, 1, '2023-10-03 10:16:49', '2023-10-03 10:16:49', 17, 17, 1),
(27, 'Gene Twill', '566/7/8', 'INT Gene Twill', '60.00', '6645', 8, 2, NULL, '546.00', NULL, 5.00, NULL, NULL, NULL, NULL, NULL, 546, NULL, 1, '2023-10-03 10:18:00', '2023-10-03 10:18:00', 17, 17, 1),
(28, 'Star Dobby', '456/67/09', 'INT Star Dobby', '80.00', '768', 8, 2, NULL, '67868.00', '76.00', 6.00, NULL, NULL, NULL, NULL, NULL, 7, NULL, 1, '2023-10-03 10:18:59', '2023-10-03 10:18:59', 17, 17, 1),
(29, 'Panama Dobby', '234324/6/09/ Panama Dobby', 'INT Panama Dobby', '77.00', '8658', 8, 2, NULL, '40000.00', '8000.00', 4.00, NULL, NULL, NULL, NULL, NULL, 565, NULL, 1, '2023-10-03 10:20:21', '2023-10-03 10:20:21', 17, 17, 1),
(30, '600 D', '550/88/88 /600 D', 'INT 600 D', '70.00', 'FGH67', 8, 2, NULL, '80000.00', '6000.00', 5.00, NULL, NULL, NULL, NULL, NULL, 6, NULL, 1, '2023-10-03 10:21:47', '2023-10-03 10:21:47', 17, 17, 1),
(31, '420 D Guchi', '4325/63/ 420 D Guchi', 'INT 420 D Guchi', '60.00', 'FGHFGH776', 8, 2, '5.00', '56760.00', '80000.00', 7.00, NULL, NULL, NULL, NULL, NULL, 56, NULL, 1, '2023-10-03 10:23:04', '2023-10-03 10:23:04', 17, 17, 1),
(32, 'Silver Checks', '66/77/ Silver Checks', 'INT Silver Checks', '70.00', 'HGTY60', 8, 2, '600.00', '6000.00', '12000.00', 5.00, NULL, NULL, NULL, NULL, NULL, 6, NULL, 1, '2023-10-03 10:24:12', '2023-10-03 10:24:12', 17, 17, 1),
(33, 'Omega Checks', '100/40/12 Omega Checks', 'INT Omega Checks', '60.00', 'ISJDFLG700', 8, 2, '7.00', '500.00', '6000.00', 6.00, NULL, NULL, NULL, NULL, NULL, 7, NULL, 1, '2023-10-03 10:25:28', '2023-10-03 10:25:28', 17, 17, 1),
(34, 'Bolt Twill', '67/568/ Bolt Twill', 'INT Bolt Twill', '45.00', 'FGJHFG56', 8, 2, '5.00', '500.00', '6000.00', 6.00, NULL, NULL, NULL, NULL, NULL, 5, NULL, 1, '2023-10-03 10:28:54', '2023-10-03 10:28:54', 17, 17, 1),
(35, 'Piquadro J/q', '100/22/ Piquadro J/q', 'INT Piquadro J/q', '79.00', 'HGH00', 8, 2, '7.00', '9000.00', '18000.00', 7.00, NULL, NULL, NULL, NULL, NULL, 7, NULL, 1, '2023-10-03 10:30:19', '2023-10-03 10:30:19', 17, 17, 1),
(36, '1000 D', '100/20/99 1000 D', 'INT 1000 D', '60.00', 'FKFKFLD5686', 8, 2, '7.00', '800.00', '9000.00', 7.00, NULL, NULL, NULL, NULL, NULL, 3, NULL, 1, '2023-10-03 10:31:24', '2023-10-03 10:31:24', 17, 17, 1),
(37, 'Platinum', '100/77 Platinum', 'INT Platinum', '77.00', 'DDSSG009', 8, 2, '5.00', '500.00', '700.00', 7.00, NULL, NULL, NULL, NULL, NULL, 5, NULL, 1, '2023-10-03 10:32:21', '2023-10-03 10:32:21', 17, 17, 1),
(38, 'Eco Lining', '45/004/09/ Eco Lining', 'INT Eco Lining', '55.00', 'DDEER44', 8, 2, '4.00', '4400.00', '55009.00', 6.00, NULL, NULL, NULL, NULL, NULL, 4, NULL, 1, '2023-10-03 10:34:20', '2023-10-03 10:34:20', 17, 17, 1),
(39, 'Director', '190/45/09 Director', 'INT Director', '77.00', 'GGGG0066', 8, 2, '7.00', '8000.00', '90000.00', 6.00, NULL, NULL, NULL, NULL, NULL, 7, NULL, 1, '2023-10-03 10:36:51', '2023-10-03 10:36:51', 17, 17, 1),
(40, 'Levoco Efbol Count', '1200/66 Levoco Efbol Count', 'INT Levoco Efbol Count', '66.00', 'HJFGF', 7, 4, '7.00', '700.00', '900.00', 7.00, NULL, NULL, NULL, NULL, NULL, 7, NULL, 1, '2023-10-03 10:55:12', '2023-10-03 10:55:12', 17, 17, 1),
(41, 'Levocol Csq Count', '123/60/55 Levocol Csq Count', 'INT Levocol Csq Count', '76.00', 'GHJGH', 7, 4, '66.00', '7000.00', '90000.00', 5.00, NULL, NULL, NULL, NULL, NULL, 5, NULL, 1, '2023-10-03 12:23:47', '2023-10-03 12:23:47', 17, 17, 1),
(42, 'Levocol Ehws Count', '120/30/01 Levocol Ehws Count', 'INT Levocol Ehws Count', '44.00', 'FGGFGF45', 7, 4, '6.00', '6000.00', '9000.00', 5.00, NULL, NULL, NULL, NULL, NULL, 6, NULL, 1, '2023-10-03 17:49:13', '2023-10-03 17:49:13', 17, 17, 1),
(43, 'Levocol Lm 7C Count', '120/30/01 Levocol Lm 7C Count', 'INT Levocol Lm 7C Count', '44.00', 'FGGFGF45', 7, 4, '6.00', '6000.00', '9000.00', 5.00, NULL, NULL, NULL, NULL, NULL, 6, NULL, 1, '2023-10-03 17:49:13', '2023-10-03 17:49:13', 17, 17, 1),
(44, 'Depsolube Aca Lq Count', '120/30/01 Depsolube Aca Lq Count', 'INT Depsolube Aca Lq Count', '44.00', 'FGGFGF45', 7, 4, '6.00', '6000.00', '9000.00', 5.00, NULL, NULL, NULL, NULL, NULL, 6, NULL, 1, '2023-10-03 17:49:13', '2023-10-03 17:49:13', 17, 17, 1),
(45, 'Lenetol Psd Lq Count', '120/30/01 Lenetol Psd Lq Count', 'INT Lenetol Psd Lq Count', '44.00', 'FGGFGF45', 7, 4, '6.00', '6000.00', '9000.00', 5.00, NULL, NULL, NULL, NULL, NULL, 6, NULL, 1, '2023-10-03 17:49:13', '2023-10-03 17:49:13', 17, 17, 1),
(46, 'Levocol Sdf Count', '120/30/01 Levocol Sdf Count', 'INT Levocol Sdf Count', '44.00', 'FGGFGF45', 7, 4, '6.00', '6000.00', '9000.00', 5.00, NULL, NULL, NULL, NULL, NULL, 6, NULL, 1, '2023-10-03 17:49:13', '2023-10-03 17:49:13', 17, 17, 1),
(47, 'Matexil Dadlp-Lq Count', '120/30/01 Matexil Dadlp-Lq Count', 'INT Matexil Dadlp-Lq Count', '44.00', 'FGGFGF45', 7, 4, '6.00', '6000.00', '9000.00', 5.00, NULL, NULL, NULL, NULL, NULL, 6, NULL, 1, '2023-10-03 17:49:13', '2023-10-03 17:49:13', 17, 17, 1),
(48, 'Matexil Dan Lg Count', '120/30/01 Matexil Dan Lg Count', 'INT Matexil Dan Lg Count', '44.00', 'FGGFGF45', 7, 4, '6.00', '6000.00', '9000.00', 5.00, NULL, NULL, NULL, NULL, NULL, 6, NULL, 1, '2023-10-03 17:49:13', '2023-10-03 17:49:13', 17, 17, 1),
(49, 'Matexil Dxt Lq Count', '120/30/01 Matexil Dxt Lq Count', 'INT Matexil Dxt Lq Count', '44.00', 'FGGFGF45', 7, 4, '6.00', '6000.00', '9000.00', 5.00, NULL, NULL, NULL, NULL, NULL, 6, NULL, 1, '2023-10-03 17:49:13', '2023-10-03 17:49:13', 17, 17, 1),
(50, 'Matexil Evb-Lq Count', '120/30/01 Matexil Evb-Lq Count', 'INT Matexil Evb-Lq Count', '44.00', 'FGGFGF45', 7, 4, '6.00', '6000.00', '9000.00', 5.00, NULL, NULL, NULL, NULL, NULL, 6, NULL, 1, '2023-10-03 17:49:13', '2023-10-03 17:49:13', 17, 17, 1),
(51, 'Navy Blue E-Mgr Count', '120/30/01 Navy Blue E-Mgr Count', 'INT Navy Blue E-Mgr Count', '44.00', 'FGGFGF45', 7, 4, '6.00', '6000.00', '9000.00', 5.00, NULL, NULL, NULL, NULL, NULL, 6, NULL, 1, '2023-10-03 17:49:13', '2023-10-03 17:49:13', 17, 17, 1),
(52, 'Nid Count', '120/30/01 Nid Count', 'INT Nid Count', '44.00', 'FGGFGF45', 7, 4, '6.00', '6000.00', '9000.00', 5.00, NULL, NULL, NULL, NULL, NULL, 6, NULL, 1, '2023-10-03 17:49:13', '2023-10-03 17:49:13', 17, 17, 1),
(53, 'Oxalic Acid Count', '120/30/01 Oxalic Acid Count', 'INT Oxalic Acid Count', '44.00', 'FGGFGF45', 7, 4, '6.00', '6000.00', '9000.00', 5.00, NULL, NULL, NULL, NULL, NULL, 6, NULL, 1, '2023-10-03 17:49:13', '2023-10-03 17:49:13', 17, 17, 1),
(54, 'Soda Ash Count', '120/30/01 Soda Ash Count', 'INT Soda Ash Count', '44.00', 'FGGFGF45', 7, 4, '6.00', '6000.00', '9000.00', 5.00, NULL, NULL, NULL, NULL, NULL, 6, NULL, 1, '2023-10-03 17:49:13', '2023-10-03 17:49:13', 17, 17, 1),
(55, 'Sodium Acetate Count', '120/30/01 Sodium Acetate Count', 'INT Sodium Acetate Count', '44.00', 'FGGFGF45', 7, 4, '6.00', '6000.00', '9000.00', 5.00, NULL, NULL, NULL, NULL, NULL, 6, NULL, 1, '2023-10-03 17:49:13', '2023-10-03 17:49:13', 17, 17, 1),
(56, 'Sodium Hydro Sulphite Count', '120/30/01 Sodium Hydro Sulphite Count', 'INT Sodium Hydro Sulphite Count', '44.00', 'FGGFGF45', 7, 4, '6.00', '6000.00', '9000.00', 5.00, NULL, NULL, NULL, NULL, NULL, 6, NULL, 1, '2023-10-03 17:49:13', '2023-10-03 17:49:13', 17, 17, 1),
(57, 'Levocol Lm 7C Count', '120/30/01 Levocol Lm 7C Count', 'INT Levocol Lm 7C Count', '44.00', 'FGGFGF45', 9, 4, '6.00', '6000.00', '9000.00', 5.00, NULL, NULL, NULL, NULL, NULL, 6, 'test', 1, '2023-12-10 13:13:27', '2023-12-10 13:13:27', 1, 1, 1),
(58, 'Cololene Luminous Red G Count', '120/30/01 Cololene Luminous Red G Count', 'INT Cololene Luminous Red G Count', '44.00', 'FGGFGF45', 9, 4, '6.00', '6000.00', '9000.00', 5.00, NULL, NULL, NULL, NULL, NULL, 6, NULL, 1, '2023-10-03 17:49:13', '2023-10-03 17:49:13', 17, 17, 1),
(59, 'Coralena Brill Blue Gsl 400% Count', '120/30/01 Coralena Brill Blue Gsl 400% Count', 'INT Coralena Brill Blue Gsl 400% Count', '44.00', 'FGGFGF45', 9, 4, '6.00', '6000.00', '9000.00', 5.00, NULL, NULL, NULL, NULL, NULL, 6, NULL, 1, '2023-10-03 17:49:13', '2023-10-03 17:49:13', 17, 17, 1),
(60, 'Coralena White Rn Count', '120/30/01 Coralena White Rn Count', 'INT Coralena White Rn Count', '44.00', 'FGGFGF45', 9, 4, '6.00', '6000.00', '9000.00', 5.00, NULL, NULL, NULL, NULL, NULL, 6, NULL, 1, '2023-10-03 17:49:13', '2023-10-03 17:49:13', 17, 17, 1),
(61, 'Coralene Black R Liquid Count', '120/30/01 Coralene Black R Liquid Count', 'INT Coralene Black R Liquid Count', '44.00', 'FGGFGF45', 9, 4, '6.00', '6000.00', '9000.00', 5.00, NULL, NULL, NULL, NULL, NULL, 6, NULL, 1, '2023-10-03 17:49:13', '2023-10-03 17:49:13', 17, 17, 1),
(62, 'Coralene Blue Grxf Count', '120/30/01 Coralene Blue Grxf Count', 'INT Coralene Blue Grxf Count', '44.00', 'FGGFGF45', 9, 4, '6.00', '6000.00', '9000.00', 5.00, NULL, NULL, NULL, NULL, NULL, 6, NULL, 1, '2023-10-03 17:49:13', '2023-10-03 17:49:13', 17, 17, 1),
(63, 'Coralene Brill Blue Sr Count', '120/30/01 Coralene Brill Blue Sr Count', 'INT Coralene Brill Blue Sr Count', '44.00', 'FGGFGF45', 9, 4, '6.00', '6000.00', '9000.00', 5.00, NULL, NULL, NULL, NULL, NULL, 6, NULL, 1, '2023-10-03 17:49:13', '2023-10-03 17:49:13', 17, 17, 1),
(64, 'Coralene Brill Red F3bs Count', '120/30/01 Coralene Brill Red F3bs Count', 'INT Coralene Brill Red F3bs Count', '44.00', 'FGGFGF45', 9, 4, '6.00', '6000.00', '9000.00', 5.00, NULL, NULL, NULL, NULL, NULL, 6, NULL, 1, '2023-10-03 17:49:13', '2023-10-03 17:49:13', 17, 17, 1),
(65, 'Coralene Brill Red Rgl Count', '120/30/01 Navy Blue E-Mgr Count', 'INT Navy Blue E-Mgr Count', '44.00', 'FGGFGF45', 9, 4, '6.00', '6000.00', '9000.00', 5.00, NULL, NULL, NULL, NULL, NULL, 6, NULL, 1, '2023-10-03 17:49:13', '2023-10-03 17:49:13', 17, 17, 1),
(66, 'Coralene Dark Red 2B Count', '120/30/01 Coralene Dark Red 2B Count', 'INT Coralene Dark Red 2B Count', '44.00', 'FGGFGF45', 9, 4, '6.00', '6000.00', '9000.00', 5.00, NULL, NULL, NULL, NULL, NULL, 6, NULL, 1, '2023-10-03 17:49:13', '2023-10-03 17:49:13', 17, 17, 1),
(67, 'Coralene Deep Black Gr Count', '120/30/01 Coralene Deep Black Gr Count', 'INT Coralene Deep Black Gr Count', '44.00', 'FGGFGF45', 9, 4, '6.00', '6000.00', '9000.00', 5.00, NULL, NULL, NULL, NULL, NULL, 6, NULL, 1, '2023-10-03 17:49:13', '2023-10-03 17:49:13', 17, 17, 1),
(68, 'Coralene Luminous Pink Rbsf Count', '120/30/01 Coralene Luminous Pink Rbsf Count', 'INT Coralene Luminous Pink Rbsf Count', '44.00', 'FGGFGF45', 9, 4, '6.00', '6000.00', '9000.00', 5.00, NULL, NULL, NULL, NULL, NULL, 6, NULL, 1, '2023-10-03 17:49:13', '2023-10-03 17:49:13', 17, 17, 1),
(69, 'Coralene Navy Blue S2g Count', '120/30/01 Coralene Navy Blue S2g Count', 'INT Coralene Navy Blue S2g Count', '44.00', 'FGGFGF45', 9, 4, '6.00', '6000.00', '9000.00', 5.00, NULL, NULL, NULL, NULL, NULL, 6, NULL, 1, '2023-10-03 17:49:13', '2023-10-03 17:49:13', 17, 17, 1),
(70, 'Coralene Orange 3R 150% Count', '120/30/01 Coralene Orange 3R 150% Count', 'INT Coralene Orange 3R 150% Count', '44.00', 'FGGFGF45', 9, 4, '6.00', '6000.00', '9000.00', 5.00, NULL, NULL, NULL, NULL, NULL, 6, NULL, 1, '2023-10-03 17:49:13', '2023-10-03 17:49:13', 17, 17, 1),
(71, 'Coralene Red Bs Count', '120/30/01 Coralene Red Bs Count', 'INT Coralene Red Bs Count', '44.00', 'FGGFGF45', 9, 4, '6.00', '6000.00', '9000.00', 5.00, NULL, NULL, NULL, NULL, NULL, 6, NULL, 1, '2023-10-03 17:49:13', '2023-10-03 17:49:13', 17, 17, 1),
(72, 'Coralene Scarlet Rr Count', '120/30/01 Coralene Scarlet Rr Count', 'INT Coralene Scarlet Rr Count', '44.00', 'FGGFGF45', 9, 4, '6.00', '6000.00', '9000.00', 5.00, NULL, NULL, NULL, NULL, NULL, 6, NULL, 1, '2023-10-03 17:49:13', '2023-10-03 17:49:13', 17, 17, 1),
(73, 'Coralene Rubine S2gflw Count', '120/30/01 Coralene Rubine S2gflw Count', 'INT Coralene Rubine S2gflw Count', '44.00', 'FGGFGF45', 9, 4, '6.00', '6000.00', '9000.00', 5.00, NULL, NULL, NULL, NULL, NULL, 6, NULL, 1, '2023-10-03 17:49:13', '2023-10-03 17:49:13', 17, 17, 1),
(74, 'Coralene Violet 3R Conc Count', '120/30/01 Coralene Violet 3R Conc Count', 'INT Coralene Violet 3R Conc Count', '44.00', 'FGGFGF45', 9, 4, '6.00', '6000.00', '9000.00', 5.00, NULL, NULL, NULL, NULL, NULL, 6, NULL, 1, '2023-10-03 17:49:13', '2023-10-03 17:49:13', 17, 17, 1),
(75, 'Coralene Yellow 7 Ge Count', '120/30/01 Coralene Yellow 7 Ge Count', 'INT Coralene Yellow 7 Ge Count', '44.00', 'FGGFGF45', 9, 4, '6.00', '6000.00', '9000.00', 5.00, NULL, NULL, NULL, NULL, NULL, 6, NULL, 1, '2023-10-03 17:49:13', '2023-10-03 17:49:13', 17, 17, 1),
(76, 'Coralene Yellow Brown 2Rfl Count', '120/30/01 Coralene Yellow Brown 2Rfl Count', 'INT Coralene Yellow Brown 2Rfl Count', '44.00', 'FGGFGF45', 9, 4, '6.00', '6000.00', '9000.00', 5.00, NULL, NULL, NULL, NULL, NULL, 6, NULL, 1, '2023-10-03 17:49:13', '2023-10-03 17:49:13', 17, 17, 1),
(77, 'Coralene Yellow C4g H/C Count', '120/30/01 Coralene Yellow C4g H/C Count', 'INT Coralene Yellow C4g H/C Count', '44.00', 'FGGFGF45', 9, 4, '6.00', '6000.00', '9000.00', 5.00, NULL, NULL, NULL, NULL, NULL, 6, NULL, 1, '2023-10-03 17:49:13', '2023-10-03 17:49:13', 17, 17, 1),
(78, 'Coralene Yellow Sg Hc Count', '120/30/01 Coralene Yellow Sg Hc Count', 'INT Coralene Yellow Sg Hc Count', '44.00', 'FGGFGF45', 9, 4, '6.00', '6000.00', '9000.00', 5.00, NULL, NULL, NULL, NULL, NULL, 6, 'its test', 1, '2023-12-10 13:07:14', '2023-12-10 13:07:14', 1, 1, 1),
(79, 'Dark Red 2B Count', '120/30/01 Navy Blue E-Mgr Count', 'INT Navy Blue E-Mgr Count', '44.00', 'FGGFGF45', 9, 4, '6.00', '6000.00', '9000.00', 5.00, NULL, NULL, NULL, NULL, NULL, 6, 'its test', 1, '2023-12-10 13:06:39', '2023-12-10 13:06:39', 1, 1, 1),
(80, '300/72/1 SIM SD.WHITE test', '300/72/1 test', 'SIM SD.WHITE test', '20.00', '3007201', 1, 4, '20.00', '100.00', '100.00', 18.00, 9.00, 9.00, 18.00, 9.00, 9.00, 12, 'test new', 1, '2023-11-06 12:26:29', '2023-11-06 12:26:29', 1, 1, 1);

-- --------------------------------------------------------

--
-- Table structure for table `item_type`
--

CREATE TABLE `item_type` (
  `item_type_id` int(11) NOT NULL,
  `item_type_name` varchar(255) NOT NULL,
  `unit_type_id` int(11) DEFAULT NULL,
  `is_purchase` enum('1','0') NOT NULL DEFAULT '0' COMMENT '0=no,1=yes',
  `is_work` enum('1','0') NOT NULL DEFAULT '0',
  `created` datetime NOT NULL,
  `modified` datetime NOT NULL,
  `status` tinyint(1) NOT NULL DEFAULT 1
) ENGINE=InnoDB DEFAULT CHARSET=utf8mb4;

--
-- Dumping data for table `item_type`
--

INSERT INTO `item_type` (`item_type_id`, `item_type_name`, `unit_type_id`, `is_purchase`, `is_work`, `created`, `modified`, `status`) VALUES
(1, 'Yarn', 4, '1', '1', '2023-09-26 12:14:43', '2023-09-26 12:14:43', 1),
(2, 'Beam', 2, '1', '1', '2023-09-27 07:14:50', '2023-09-27 07:14:50', 1),
(3, 'Greige', 2, '0', '1', '2023-09-27 07:11:52', '2023-09-27 07:11:52', 1),
(4, 'Dyed', 1, '0', '1', '2023-09-27 07:13:06', '2023-09-27 07:13:06', 1),
(5, 'Coated', 2, '0', '1', '2023-09-27 07:15:53', '2023-09-27 07:15:53', 1),
(6, 'General', 2, '1', '0', '2023-10-03 00:00:00', '2023-10-03 12:44:30', 1),
(7, 'Chemical', 4, '1', '0', '2023-10-30 11:24:14', '2023-10-30 11:24:14', 1),
(8, 'Fabric', 2, '1', '0', '2023-10-03 10:14:15', '2023-10-03 10:14:15', 1),
(9, 'Colour', 4, '1', '0', '2023-10-30 11:24:06', '2023-10-30 11:24:06', 1);

-- --------------------------------------------------------

--
-- Table structure for table `item_yarn_requirements`
--

CREATE TABLE `item_yarn_requirements` (
  `iyr_id` int(11) NOT NULL,
  `item_id` int(11) NOT NULL,
  `yarn_id` int(11) NOT NULL,
  `reed_peak` int(11) NOT NULL,
  `yarn_quantity` int(11) NOT NULL,
  `unit` varchar(22) NOT NULL,
  `process_id` int(11) NOT NULL,
  `status` tinyint(1) DEFAULT 1,
  `created` datetime NOT NULL,
  `modified` datetime NOT NULL
) ENGINE=InnoDB DEFAULT CHARSET=utf8mb4;

--
-- Dumping data for table `item_yarn_requirements`
--

INSERT INTO `item_yarn_requirements` (`iyr_id`, `item_id`, `yarn_id`, `reed_peak`, `yarn_quantity`, `unit`, `process_id`, `status`, `created`, `modified`) VALUES
(1, 27, 24, 0, 2, 'Kg', 1, 1, '2023-10-05 00:00:00', '2023-10-05 00:00:00'),
(2, 27, 23, 0, 2, 'Kg', 1, 0, '2023-10-05 00:00:00', '2023-10-05 00:00:00'),
(3, 27, 22, 0, 4, 'Kg', 1, 0, '2023-10-05 00:00:00', '2023-10-05 00:00:00'),
(4, 27, 21, 0, 4, 'Kg', 1, 0, '2023-10-05 00:00:00', '2023-10-05 00:00:00'),
(5, 27, 19, 0, 3, 'Kg', 1, 0, '2023-10-05 00:00:00', '2023-10-05 00:00:00'),
(6, 27, 18, 0, 2, 'Kg', 1, 0, '2023-10-05 00:00:00', '2023-10-05 00:00:00'),
(7, 27, 18, 0, 2, 'Kg', 2, 0, '2023-10-05 00:00:00', '2023-10-05 00:00:00'),
(8, 27, 19, 0, 2, 'Kg', 2, 0, '2023-10-05 00:00:00', '2023-10-05 00:00:00'),
(9, 27, 21, 0, 2, 'Kg', 2, 0, '2023-10-05 00:00:00', '2023-10-05 00:00:00'),
(10, 27, 22, 0, 2, 'Kg', 2, 0, '2023-10-05 00:00:00', '2023-10-05 00:00:00'),
(11, 27, 23, 0, 2, 'Kg', 2, 0, '2023-10-05 00:00:00', '2023-10-05 00:00:00'),
(12, 27, 24, 0, 2, 'Kg', 2, 0, '2023-10-05 00:00:00', '2023-10-05 00:00:00'),
(17, 34, 13, 0, 1, 'Kg', 1, 1, '2023-10-10 00:00:00', '2023-10-10 00:00:00'),
(18, 34, 4, 0, 1, 'Kg', 1, 1, '2023-10-10 00:00:00', '2023-10-10 00:00:00'),
(19, 34, 11, 0, 1, 'Kg', 1, 1, '2023-10-10 00:00:00', '2023-10-10 00:00:00'),
(20, 34, 15, 0, 1, 'Kg', 2, 1, '2023-10-10 00:00:00', '2023-10-10 00:00:00'),
(21, 34, 17, 0, 1, 'Kg', 2, 1, '2023-10-10 00:00:00', '2023-10-10 00:00:00'),
(22, 37, 2, 2, 2, 'Kg', 1, 0, '2023-10-12 00:00:00', '2023-10-12 00:00:00'),
(23, 37, 3, 2, 2, 'Kg', 2, 0, '2023-10-12 00:00:00', '2023-10-12 00:00:00'),
(24, 37, 17, 2, 2, 'Kg', 1, 1, '2023-10-12 00:00:00', '2023-10-12 00:00:00'),
(25, 37, 15, 2, 2, 'Kg', 2, 1, '2023-10-12 00:00:00', '2023-10-12 00:00:00'),
(26, 32, 4, 2, 2, 'Kg', 1, 1, '2023-10-17 00:00:00', '2023-10-17 00:00:00'),
(27, 32, 5, 2, 2, 'Kg', 1, 1, '2023-10-17 00:00:00', '2023-10-17 00:00:00'),
(28, 32, 7, 2, 2, 'Kg', 2, 1, '2023-10-17 00:00:00', '2023-10-17 00:00:00'),
(29, 32, 5, 2, 2, 'Kg', 2, 1, '2023-10-17 00:00:00', '2023-10-17 00:00:00'),
(30, 28, 2, 1, 10, 'Kg', 1, 1, '2023-11-23 00:00:00', '2023-11-23 00:00:00'),
(31, 28, 3, 1, 10, 'Kg', 2, 1, '2023-11-23 00:00:00', '2023-11-23 00:00:00'),
(32, 27, 23, 1, 2, 'Kg', 2, 1, '2023-11-29 00:00:00', '2023-11-29 00:00:00'),
(33, 38, 3, 1, 1, 'Kg', 2, 1, '2023-12-05 00:00:00', '2023-12-05 00:00:00'),
(34, 37, 24, 1, 1, 'Kg', 1, 1, '2023-12-05 00:00:00', '2023-12-05 00:00:00'),
(35, 37, 23, 1, 1, 'Kg', 2, 1, '2023-12-05 00:00:00', '2023-12-05 00:00:00');

-- --------------------------------------------------------

--
-- Table structure for table `labourers`
--

CREATE TABLE `labourers` (
  `id` int(11) NOT NULL,
  `individual_id` int(11) NOT NULL DEFAULT 0,
  `labourer_from` varchar(255) NOT NULL,
  `labourer_to` varchar(255) NOT NULL,
  `created_by` int(11) NOT NULL,
  `modified_by` int(11) NOT NULL,
  `created` datetime NOT NULL,
  `modified` datetime NOT NULL,
  `status` tinyint(4) NOT NULL DEFAULT 1
) ENGINE=InnoDB DEFAULT CHARSET=latin1;

--
-- Dumping data for table `labourers`
--

INSERT INTO `labourers` (`id`, `individual_id`, `labourer_from`, `labourer_to`, `created_by`, `modified_by`, `created`, `modified`, `status`) VALUES
(1, 12, 'Kolkata', 'Surat', 17, 17, '2023-09-12 09:17:07', '2023-09-12 09:17:07', 1),
(2, 12, 'Kolkata', 'Mumbai', 17, 17, '2023-09-12 09:17:23', '2023-09-12 09:17:23', 1);

-- --------------------------------------------------------

--
-- Table structure for table `machines`
--

CREATE TABLE `machines` (
  `id` bigint(20) UNSIGNED NOT NULL,
  `name` varchar(255) COLLATE utf8mb4_unicode_ci DEFAULT NULL,
  `process_wise` varchar(255) COLLATE utf8mb4_unicode_ci DEFAULT NULL,
  `is_busy` enum('1','0') COLLATE utf8mb4_unicode_ci DEFAULT NULL,
  `created` datetime DEFAULT NULL,
  `modified` datetime DEFAULT NULL,
  `status` tinyint(4) NOT NULL DEFAULT 1
) ENGINE=InnoDB DEFAULT CHARSET=utf8mb4 COLLATE=utf8mb4_unicode_ci;

--
-- Dumping data for table `machines`
--

INSERT INTO `machines` (`id`, `name`, `process_wise`, `is_busy`, `created`, `modified`, `status`) VALUES
(1, 'Mild Steel Sectional Warping Machine', '1', '0', '2023-11-23 10:26:23', '2023-11-23 10:26:23', 1),
(2, 'Automatic Sectional Warping Machine', '1', NULL, '2023-09-26 08:48:16', '2023-09-26 08:48:16', 1),
(3, 'ASDF', '2', NULL, '2023-09-26 11:07:22', '2023-09-26 11:07:22', 1),
(4, 'Jagen barg dyeing machine', '3', '', '2023-12-08 09:06:38', '2023-12-08 09:06:38', 1),
(5, 'Simplex dyeing machine', '3', NULL, '2023-12-08 09:06:59', '2023-12-08 09:06:59', 1),
(6, 'Dreze dyeing machine', '3', NULL, '2023-12-08 09:07:24', '2023-12-08 09:07:24', 1),
(7, 'Ober maier dyeing machine', '3', NULL, '2023-12-08 09:07:46', '2023-12-08 09:07:46', 1),
(8, 'Fabric coating machine (Easty ETPM)', '4', '', '2023-12-12 09:32:46', '2023-12-12 09:32:46', 1);

-- --------------------------------------------------------

--
-- Table structure for table `masters`
--

CREATE TABLE `masters` (
  `id` int(11) NOT NULL,
  `individual_id` int(11) NOT NULL DEFAULT 0,
  `master_from` varchar(255) NOT NULL,
  `master_to` varchar(255) NOT NULL,
  `created_by` int(11) NOT NULL,
  `modified_by` int(11) NOT NULL,
  `created` datetime NOT NULL,
  `modified` datetime NOT NULL,
  `status` tinyint(4) NOT NULL DEFAULT 1
) ENGINE=InnoDB DEFAULT CHARSET=latin1;

--
-- Dumping data for table `masters`
--

INSERT INTO `masters` (`id`, `individual_id`, `master_from`, `master_to`, `created_by`, `modified_by`, `created`, `modified`, `status`) VALUES
(1, 2, 'Surat3', 'Mumbai3', 1, 1, '2023-08-17 12:57:40', '2023-08-17 12:57:40', 0),
(2, 2, 'Surat', 'Mumbai', 1, 1, '2023-08-25 09:39:43', '2023-08-25 09:39:43', 1),
(3, 2, 'Surat3', 'Mumbai', 1, 1, '2023-08-25 09:40:08', '2023-08-25 09:40:08', 1);

-- --------------------------------------------------------

--
-- Table structure for table `migrations`
--

CREATE TABLE `migrations` (
  `id` int(10) UNSIGNED NOT NULL,
  `migration` varchar(191) COLLATE utf8mb4_unicode_ci NOT NULL,
  `batch` int(11) NOT NULL
) ENGINE=MyISAM DEFAULT CHARSET=utf8mb4 COLLATE=utf8mb4_unicode_ci;

--
-- Dumping data for table `migrations`
--

INSERT INTO `migrations` (`id`, `migration`, `batch`) VALUES
(1, '2014_10_12_000000_create_users_table', 1),
(2, '2014_10_12_100000_create_password_resets_table', 1),
(3, '2019_08_19_000000_create_failed_jobs_table', 1),
(4, '2023_08_03_144119_create_customers_table', 1),
(5, '2023_08_04_070746_create_individuals_table', 1),
(6, '2023_08_05_081326_create_departments_table', 1),
(7, '2023_08_05_083659_create_people_table', 1),
(8, '2023_08_05_134555_create_colours_table', 1),
(9, '2023_08_07_075555_create_bank_table', 1),
(10, '2023_08_07_094154_create_ware_house_compartments_table', 1),
(11, '2023_08_07_104118_create_warehouses_table', 1),
(27, '2023_08_07_120241_create_qualities_table', 3),
(13, '2023_08_08_085648_create_chemicals_table', 1),
(14, '2023_08_08_093839_create_bank_accounts_table', 1),
(15, '2023_08_08_094420_create_dyed_fabrics_table', 1),
(16, '2023_08_08_121934_create_greys_table', 1),
(17, '2023_08_08_144721_create_coated_fabrics_table', 1),
(18, '2023_08_09_064718_create_sample_folders_table', 1),
(19, '2023_08_09_091505_create_account_groups_table', 1),
(20, '2023_08_09_091833_create_stationaries_table', 1),
(21, '2023_08_09_093113_create_vehicles_table', 1),
(22, '2023_08_09_105425_create_cotings_table', 1),
(23, '2023_08_09_125244_create_finished_fabrics_table', 1),
(24, '2023_08_09_063610_create_modules_table', 2),
(25, '2023_08_09_091658_create_bims_table', 2),
(26, '2023_08_09_111329_create_dyings_table', 2),
(28, '2023_09_06_093546_create_process_items_table', 4);

-- --------------------------------------------------------

--
-- Table structure for table `modules`
--

CREATE TABLE `modules` (
  `id` bigint(20) UNSIGNED NOT NULL,
  `heading` varchar(255) COLLATE utf8mb4_unicode_ci DEFAULT NULL,
  `page_name` varchar(255) COLLATE utf8mb4_unicode_ci DEFAULT NULL,
  `created` datetime DEFAULT NULL,
  `modified` datetime DEFAULT NULL,
  `status` tinyint(4) NOT NULL DEFAULT 1
) ENGINE=MyISAM DEFAULT CHARSET=utf8mb4 COLLATE=utf8mb4_unicode_ci;

--
-- Dumping data for table `modules`
--

INSERT INTO `modules` (`id`, `heading`, `page_name`, `created`, `modified`, `status`) VALUES
(1, 'New heading', 'Home', '2023-08-11 07:26:59', '2023-08-11 07:26:59', 1),
(2, 'Module', 'add-module', '2023-08-11 07:27:25', '2023-08-11 07:27:25', 1);

-- --------------------------------------------------------

--
-- Table structure for table `notifications`
--

CREATE TABLE `notifications` (
  `id` bigint(20) UNSIGNED NOT NULL,
  `user_id` int(11) NOT NULL,
  `model_name` varchar(555) NOT NULL,
  `page_link` text NOT NULL,
  `message` text NOT NULL,
  `page_name` varchar(555) NOT NULL,
  `ip_address` varchar(22) NOT NULL,
  `server_details` text NOT NULL,
  `status` tinyint(1) NOT NULL DEFAULT 1,
  `created` datetime DEFAULT NULL,
  `modified` datetime DEFAULT NULL
) ENGINE=InnoDB DEFAULT CHARSET=utf8mb4;

--
-- Dumping data for table `notifications`
--

INSERT INTO `notifications` (`id`, `user_id`, `model_name`, `page_link`, `message`, `page_name`, `ip_address`, `server_details`, `status`, `created`, `modified`) VALUES
(1, 1, 'Colour', 'http://127.0.0.1:8000/update_colour', 'Updated Colour blackNew and code #000000', 'edit-colour', '', '', 1, '2023-08-24 14:33:58', '2023-08-24 14:33:58'),
(2, 1, 'Colour', 'http://127.0.0.1:8000/update_colour', 'Updated Colour orange and code #ff0000', 'edit-colour', '', '', 1, '2023-08-24 14:34:38', '2023-08-24 14:34:38'),
(3, 1, 'Colour', 'http://127.0.0.1:8000/update_colour', 'Updated Colour black and code #000000', 'edit-colour', '', '', 1, '2023-08-24 14:39:03', '2023-08-24 14:39:03'),
(4, 1, 'AccountGroup', 'http://127.0.0.1:8000/show-accountgroups', 'sanjay kumar Deleted Account Group Keshri', 'show-accountgroups', '', '', 1, '2023-08-26 11:42:03', '2023-08-26 11:42:03'),
(5, 1, 'AccountGroup', 'http://127.0.0.1:8000/show-accountgroups', 'sanjay kumar Deleted Account Group Keshri', 'show-accountgroups', '', '', 1, '2023-08-26 11:43:20', '2023-08-26 11:43:20'),
(6, 17, 'SaleEntry', 'http://127.0.0.1:8000/add-saleentry', 'sanjay kumar Added Sale Entry 2', 'add-saleentry', '', '', 1, '2023-09-20 08:43:09', '2023-09-20 08:43:09'),
(7, 17, 'Grey', 'http://127.0.0.1:8000/edit-grey/MQ==', 'sanjay kumar Updated Grey Grey Grey', 'edit-grey', '', '', 1, '2023-09-23 05:30:04', '2023-09-23 05:30:04'),
(8, 17, 'Grey', 'http://127.0.0.1:8000/edit-grey/MQ==', 'sanjay kumar Updated Grey Grey Grey', 'edit-grey', '', '', 1, '2023-09-23 05:30:42', '2023-09-23 05:30:42'),
(9, 17, 'Grey', 'http://127.0.0.1:8000/edit-grey/MQ==', 'sanjay kumar Updated Grey Grey Grey', 'edit-grey', '', '', 1, '2023-09-23 05:35:34', '2023-09-23 05:35:34'),
(10, 17, 'Grey', 'http://127.0.0.1:8000/edit-grey/MQ==', 'sanjay kumar Updated Grey Grey Grey', 'edit-grey', '', '', 1, '2023-09-23 05:35:55', '2023-09-23 05:35:55'),
(11, 17, 'Grey', 'http://127.0.0.1:8000/edit-grey/MQ==', 'sanjay kumar Updated Grey Grey Grey', 'edit-grey', '', '', 1, '2023-09-23 05:36:34', '2023-09-23 05:36:34'),
(12, 17, 'Grey', 'http://127.0.0.1:8000/edit-grey/MQ==', 'sanjay kumar Updated Grey Grey Grey', 'edit-grey', '', '', 1, '2023-09-23 05:36:52', '2023-09-23 05:36:52'),
(13, 17, 'Grey', 'http://127.0.0.1:8000/edit-grey/MQ==', 'sanjay kumar Updated Grey Grey Grey', 'edit-grey', '', '', 1, '2023-09-23 05:48:23', '2023-09-23 05:48:23'),
(14, 17, 'Grey', 'http://127.0.0.1:8000/edit-grey/MQ==', 'sanjay kumar Updated Grey Grey One', 'edit-grey', '', '', 1, '2023-09-23 05:49:24', '2023-09-23 05:49:24'),
(15, 17, 'Grey', 'http://127.0.0.1:8000/edit-grey/MQ==', 'sanjay kumar Updated Grey Grey 1', 'edit-grey', '', '', 1, '2023-09-23 06:08:34', '2023-09-23 06:08:34'),
(16, 17, 'Machine', 'http://127.0.0.1:8000/add-machine', 'sanjay kumar Added Machine Automatic Sectional Warping Machine', 'add-machine', '', '', 1, '2023-09-26 08:48:16', '2023-09-26 08:48:16'),
(17, 17, 'Machine', 'http://127.0.0.1:8000/edit-machine/MQ==', 'sanjay kumar Updated Machine Mild Steel Sectional Warping Machine and process wise:2', 'edit-machine', '', '', 1, '2023-09-26 09:30:18', '2023-09-26 09:30:18'),
(18, 17, 'Machine', 'http://127.0.0.1:8000/edit-machine/MQ==', 'sanjay kumar Updated Machine Mild Steel Sectional Warping Machine and process wise:1', 'edit-machine', '', '', 1, '2023-09-26 09:30:28', '2023-09-26 09:30:28'),
(19, 17, 'Machine', 'http://127.0.0.1:8000/add-machine', 'sanjay kumar Added Machine ASDF', 'add-machine', '', '', 1, '2023-09-26 11:07:22', '2023-09-26 11:07:22'),
(20, 17, 'WarehouseCompartment', 'http://127.0.0.1:8000/edit-warehousecompartment/NQ==', 'sanjay kumar Updated Warehouse Compartment ', 'edit-warehouseCompartment', '', '', 1, '2023-09-29 12:36:26', '2023-09-29 12:36:26'),
(21, 17, 'WarehouseCompartment', 'http://127.0.0.1:8000/edit-warehousecompartment/Ng==', 'sanjay kumar Updated Warehouse Compartment ', 'edit-warehouseCompartment', '', '', 1, '2023-09-29 12:36:35', '2023-09-29 12:36:35'),
(22, 17, 'WarehouseCompartment', 'http://127.0.0.1:8000/edit-warehousecompartment/Nw==', 'sanjay kumar Updated Warehouse Compartment ', 'edit-warehouseCompartment', '', '', 1, '2023-09-29 12:36:44', '2023-09-29 12:36:44'),
(23, 17, 'WarehouseCompartment', 'http://127.0.0.1:8000/edit-warehousecompartment/OA==', 'sanjay kumar Updated Warehouse Compartment ', 'edit-warehouseCompartment', '', '', 1, '2023-09-29 12:36:54', '2023-09-29 12:36:54'),
(24, 17, 'WarehouseCompartment', 'http://127.0.0.1:8000/show-warehousecompartment', 'sanjay kumar Deleted Warehouse Compartment Ware Compartment 9', 'show-warehousecompartment', '', '', 1, '2023-09-29 12:37:01', '2023-09-29 12:37:01'),
(25, 17, 'WarehouseCompartment', 'http://127.0.0.1:8000/show-warehousecompartment', 'sanjay kumar Deleted Warehouse Compartment Ware Compartment 10', 'show-warehousecompartment', '', '', 1, '2023-09-29 12:37:05', '2023-09-29 12:37:05'),
(26, 17, 'WarehouseCompartment', 'http://127.0.0.1:8000/show-warehousecompartment', 'sanjay kumar Deleted Warehouse Compartment Ware Compartment 11', 'show-warehousecompartment', '', '', 1, '2023-09-29 12:37:07', '2023-09-29 12:37:07'),
(27, 17, 'WarehouseCompartment', 'http://127.0.0.1:8000/edit-warehousecompartment/Mw==', 'sanjay kumar Updated Warehouse Compartment ', 'edit-warehouseCompartment', '', '', 1, '2023-10-02 07:55:00', '2023-10-02 07:55:00'),
(28, 17, 'WarehouseCompartment', 'http://127.0.0.1:8000/edit-warehousecompartment/NA==', 'sanjay kumar Updated Warehouse Compartment ', 'edit-warehouseCompartment', '', '', 1, '2023-10-02 07:55:16', '2023-10-02 07:55:16'),
(29, 17, 'WarehouseCompartment', 'http://127.0.0.1:8000/edit-warehousecompartment/NQ==', 'sanjay kumar Updated Warehouse Compartment ', 'edit-warehouseCompartment', '', '', 1, '2023-10-02 07:55:44', '2023-10-02 07:55:44'),
(30, 17, 'WarehouseCompartment', 'http://127.0.0.1:8000/edit-warehousecompartment/Ng==', 'sanjay kumar Updated Warehouse Compartment ', 'edit-warehouseCompartment', '', '', 1, '2023-10-02 07:56:01', '2023-10-02 07:56:01'),
(31, 17, 'WarehouseCompartment', 'http://127.0.0.1:8000/edit-warehousecompartment/Nw==', 'sanjay kumar Updated Warehouse Compartment ', 'edit-warehouseCompartment', '', '', 1, '2023-10-02 07:56:20', '2023-10-02 07:56:20'),
(32, 17, 'WarehouseCompartment', 'http://127.0.0.1:8000/edit-warehousecompartment/OA==', 'sanjay kumar Updated Warehouse Compartment ', 'edit-warehouseCompartment', '', '', 1, '2023-10-02 07:56:41', '2023-10-02 07:56:41'),
(33, 17, 'WarehouseCompartment', 'http://127.0.0.1:8000/edit-warehousecompartment/Mg==', 'sanjay kumar Updated Warehouse Compartment ', 'edit-warehouseCompartment', '', '', 1, '2023-10-02 07:57:01', '2023-10-02 07:57:01'),
(34, 17, 'WarehouseCompartment', 'http://127.0.0.1:8000/edit-warehousecompartment/MQ==', 'sanjay kumar Updated Warehouse Compartment ', 'edit-warehouseCompartment', '', '', 1, '2023-10-02 07:57:16', '2023-10-02 07:57:16'),
(35, 17, 'WarehouseCompartment', 'http://127.0.0.1:8000/edit-warehousecompartment/Mg==', 'sanjay kumar Updated Warehouse Compartment ', 'edit-warehouseCompartment', '', '', 1, '2023-10-02 07:57:31', '2023-10-02 07:57:31'),
(36, 17, 'WarehouseCompartment', 'http://127.0.0.1:8000/edit-warehousecompartment/MQ==', 'sanjay kumar Updated Warehouse Compartment ', 'edit-warehouseCompartment', '', '', 1, '2023-10-02 07:59:29', '2023-10-02 07:59:29'),
(37, 17, 'WarehouseCompartment', 'http://127.0.0.1:8000/edit-warehousecompartment/Mg==', 'sanjay kumar Updated Warehouse Compartment ', 'edit-warehouseCompartment', '', '', 1, '2023-10-09 13:57:49', '2023-10-09 13:57:49'),
(38, 17, 'Cotings', 'http://127.0.0.1:8000/add-coting', 'sanjay kumar Added Coting Grey 1', 'add-coting', '', '', 1, '2023-10-25 09:59:14', '2023-10-25 09:59:14'),
(39, 17, 'ItemType', 'http://127.0.0.1:8000/edit-itemtype/OQ==', 'sanjayUpdated Item Type ', 'edit-itemtype', '', '', 1, '2023-10-30 11:24:06', '2023-10-30 11:24:06'),
(40, 17, 'ItemType', 'http://127.0.0.1:8000/edit-itemtype/Nw==', 'sanjayUpdated Item Type ', 'edit-itemtype', '', '', 1, '2023-10-30 11:24:14', '2023-10-30 11:24:14'),
(41, 17, 'IndividualAddress', 'http://127.0.0.1:8000/edit-individual-member-address/MQ==', 'sanjay Updated Individual Address Ajy Tech Pvt Ltd', 'edit-individualaddress', '', '', 1, '2023-11-02 12:47:18', '2023-11-02 12:47:18'),
(42, 17, 'IndividualAddress', 'http://127.0.0.1:8000/edit-individual-member-address/MQ==', 'sanjay Updated Individual Address Ajy Tech Pvt Ltd', 'edit-individualaddress', '', '', 1, '2023-11-02 13:05:03', '2023-11-02 13:05:03'),
(43, 17, 'IndividualAddress', 'http://127.0.0.1:8000/edit-individual-member-address/NA==', 'sanjay Updated Individual Address Ajy Tech Pvt Ltd', 'edit-individualaddress', '', '', 1, '2023-11-02 13:13:20', '2023-11-02 13:13:20'),
(44, 17, 'IndividualAddress', 'http://127.0.0.1:8000/add-individual-member-address/MQ==', 'sanjay Added Individual Address Ajy Tech Pvt Ltd', 'add-individualaddress', '', '', 1, '2023-11-02 13:30:23', '2023-11-02 13:30:23'),
(45, 17, 'IndividualAddress', 'http://127.0.0.1:8000/edit-individual-member-address/Nw==', 'sanjay Updated Individual Address Ajy Tech Pvt Ltd', 'edit-individualaddress', '', '', 1, '2023-11-02 13:30:48', '2023-11-02 13:30:48'),
(46, 17, 'IndividualAddress', 'http://127.0.0.1:8000/edit-individual-member-address/NA==', 'sanjay Updated Individual Address Ajy Tech Pvt Ltd', 'edit-individualaddress', '', '', 1, '2023-11-02 13:37:18', '2023-11-02 13:37:18'),
(47, 17, 'IndividualAddress', 'http://127.0.0.1:8000/edit-individual-member-address/Nw==', 'sanjay Updated Individual Address Ajy Tech Pvt Ltd', 'edit-individualaddress', '', '', 1, '2023-11-02 13:37:30', '2023-11-02 13:37:30'),
(48, 1, 'Brand', 'http://127.0.0.1:8000/add-brand', 'Sanjay Added Brand Tata', 'add-brand', '', '', 1, '2023-11-03 13:30:04', '2023-11-03 13:30:04'),
(49, 1, 'Brand', 'http://127.0.0.1:8000/add-brand', 'Sanjay Added Brand Mahindra', 'add-brand', '', '', 1, '2023-11-03 13:30:16', '2023-11-03 13:30:16'),
(50, 1, 'Brand', 'http://127.0.0.1:8000/add-brand', 'Sanjay Added Brand Maruti', 'add-brand', '', '', 1, '2023-11-03 13:33:03', '2023-11-03 13:33:03'),
(51, 1, 'IndividualAddress', 'http://127.0.0.1:8000/edit-individual-member-address/Mg==', 'Ajy Tech Pvt Ltd Updated Individual Address Ajy Tech Pvt Ltd', 'edit-individualaddress', '127.0.0.1', 'Mozilla/5.0 (Windows NT 10.0; Win64; x64; rv:109.0) Gecko/20100101 Firefox/119.0', 1, '2023-11-22 12:19:26', '2023-11-22 12:19:26'),
(52, 1, 'Machine', 'http://127.0.0.1:8000/edit-machine/MQ==', 'sanjay kumar Updated Machine Mild Steel Sectional Warping Machine and process wise:1', 'edit-machine', '127.0.0.1', 'Mozilla/5.0 (Windows NT 10.0; Win64; x64; rv:120.0) Gecko/20100101 Firefox/120.0', 1, '2023-11-23 10:19:44', '2023-11-23 10:19:44'),
(53, 1, 'Machine', 'http://127.0.0.1:8000/edit-machine/MQ==', 'sanjay kumar Updated Machine Mild Steel Sectional Warping Machine and process wise:1', 'edit-machine', '127.0.0.1', 'Mozilla/5.0 (Windows NT 10.0; Win64; x64; rv:120.0) Gecko/20100101 Firefox/120.0', 1, '2023-11-23 10:24:52', '2023-11-23 10:24:52'),
(54, 1, 'Machine', 'http://127.0.0.1:8000/edit-machine/MQ==', 'sanjay kumar Updated Machine Mild Steel Sectional Warping Machine and process wise:1', 'edit-machine', '127.0.0.1', 'Mozilla/5.0 (Windows NT 10.0; Win64; x64; rv:120.0) Gecko/20100101 Firefox/120.0', 1, '2023-11-23 10:25:03', '2023-11-23 10:25:03'),
(55, 1, 'Machine', 'http://127.0.0.1:8000/edit-machine/MQ==', 'sanjay kumar Updated Machine Mild Steel Sectional Warping Machine and process wise:1', 'edit-machine', '127.0.0.1', 'Mozilla/5.0 (Windows NT 10.0; Win64; x64; rv:120.0) Gecko/20100101 Firefox/120.0', 1, '2023-11-23 10:25:16', '2023-11-23 10:25:16'),
(56, 1, 'Machine', 'http://127.0.0.1:8000/edit-machine/MQ==', 'sanjay kumar Updated Machine Mild Steel Sectional Warping Machine and process wise:1', 'edit-machine', '127.0.0.1', 'Mozilla/5.0 (Windows NT 10.0; Win64; x64; rv:120.0) Gecko/20100101 Firefox/120.0', 1, '2023-11-23 10:26:23', '2023-11-23 10:26:23'),
(57, 1, 'Machine', 'http://127.0.0.1:8000/add-machine', 'sanjay kumar Added Machine Jagen barg dyeing machine', 'add-machine', '127.0.0.1', 'Mozilla/5.0 (Windows NT 10.0; Win64; x64; rv:120.0) Gecko/20100101 Firefox/120.0', 1, '2023-12-08 09:06:38', '2023-12-08 09:06:38'),
(58, 1, 'Machine', 'http://127.0.0.1:8000/add-machine', 'sanjay kumar Added Machine Simplex dyeing machine', 'add-machine', '127.0.0.1', 'Mozilla/5.0 (Windows NT 10.0; Win64; x64; rv:120.0) Gecko/20100101 Firefox/120.0', 1, '2023-12-08 09:06:59', '2023-12-08 09:06:59'),
(59, 1, 'Machine', 'http://127.0.0.1:8000/add-machine', 'sanjay kumar Added Machine Dreze dyeing machine', 'add-machine', '127.0.0.1', 'Mozilla/5.0 (Windows NT 10.0; Win64; x64; rv:120.0) Gecko/20100101 Firefox/120.0', 1, '2023-12-08 09:07:24', '2023-12-08 09:07:24'),
(60, 1, 'Machine', 'http://127.0.0.1:8000/add-machine', 'sanjay kumar Added Machine Ober maier dyeing machine', 'add-machine', '127.0.0.1', 'Mozilla/5.0 (Windows NT 10.0; Win64; x64; rv:120.0) Gecko/20100101 Firefox/120.0', 1, '2023-12-08 09:07:46', '2023-12-08 09:07:46'),
(61, 1, 'WarehouseCompartment', 'http://127.0.0.1:8000/add-warehousecompartment', 'sanjay kumar Added Warehouse Compartment ', 'add-warehouseCompartment', '127.0.0.1', 'Mozilla/5.0 (Windows NT 10.0; Win64; x64; rv:120.0) Gecko/20100101 Firefox/120.0', 1, '2023-12-12 06:32:34', '2023-12-12 06:32:34'),
(62, 1, 'WarehouseCompartment', 'http://127.0.0.1:8000/edit-warehousecompartment/OQ==', 'sanjay kumar Updated Warehouse Compartment ', 'edit-warehouseCompartment', '127.0.0.1', 'Mozilla/5.0 (Windows NT 10.0; Win64; x64; rv:120.0) Gecko/20100101 Firefox/120.0', 1, '2023-12-12 06:49:48', '2023-12-12 06:49:48'),
(63, 1, 'Machine', 'http://127.0.0.1:8000/add-machine', 'sanjay kumar Added Machine Fabric coating machine (Easty ETPM)', 'add-machine', '127.0.0.1', 'Mozilla/5.0 (Windows NT 10.0; Win64; x64; rv:120.0) Gecko/20100101 Firefox/120.0', 1, '2023-12-12 09:32:46', '2023-12-12 09:32:46');

-- --------------------------------------------------------

--
-- Table structure for table `packaging`
--

CREATE TABLE `packaging` (
  `packaging_id` bigint(20) UNSIGNED NOT NULL,
  `packaging_name` varchar(100) CHARACTER SET utf8mb4 COLLATE utf8mb4_unicode_ci NOT NULL,
  `packaging_des` varchar(100) CHARACTER SET utf8 COLLATE utf8_unicode_ci NOT NULL,
  `created` datetime DEFAULT NULL,
  `modified` datetime DEFAULT NULL,
  `status` tinyint(4) NOT NULL DEFAULT 1
) ENGINE=InnoDB DEFAULT CHARSET=utf8mb4;

--
-- Dumping data for table `packaging`
--

INSERT INTO `packaging` (`packaging_id`, `packaging_name`, `packaging_des`, `created`, `modified`, `status`) VALUES
(1, 'Prime Packaging', 'Prime Packaging is premium', '2023-08-25 13:35:50', '2023-08-25 13:35:50', 1);

-- --------------------------------------------------------

--
-- Table structure for table `paper_tubes`
--

CREATE TABLE `paper_tubes` (
  `id` bigint(20) UNSIGNED NOT NULL,
  `paperTube_name` varchar(100) COLLATE utf8mb4_unicode_ci NOT NULL,
  `features` varchar(100) COLLATE utf8mb4_unicode_ci NOT NULL,
  `created` datetime DEFAULT NULL,
  `modified` datetime DEFAULT NULL,
  `status` tinyint(4) NOT NULL DEFAULT 1
) ENGINE=InnoDB DEFAULT CHARSET=utf8mb4 COLLATE=utf8mb4_unicode_ci;

--
-- Dumping data for table `paper_tubes`
--

INSERT INTO `paper_tubes` (`id`, `paperTube_name`, `features`, `created`, `modified`, `status`) VALUES
(1, 'hello', 'happy', '2023-08-09 08:52:36', '2023-08-09 08:52:36', 0),
(2, 'hello', 'happy', '2023-08-09 09:00:21', '2023-08-09 09:00:21', 1),
(3, 'hello', 'happy', '2023-08-10 12:02:34', '2023-08-10 12:02:34', 1),
(4, 'sfd', 'sfsdfs', '2023-08-10 12:05:21', '2023-08-10 12:05:21', 1),
(5, 'adsdas', 'happy', '2023-08-11 07:18:20', '2023-08-11 07:18:20', 0);

-- --------------------------------------------------------

--
-- Table structure for table `password_resets`
--

CREATE TABLE `password_resets` (
  `email` varchar(191) COLLATE utf8mb4_unicode_ci NOT NULL,
  `token` varchar(191) COLLATE utf8mb4_unicode_ci NOT NULL,
  `created_at` timestamp NULL DEFAULT NULL
) ENGINE=MyISAM DEFAULT CHARSET=utf8mb4 COLLATE=utf8mb4_unicode_ci;

--
-- Dumping data for table `password_resets`
--

INSERT INTO `password_resets` (`email`, `token`, `created_at`) VALUES
('sanjay2666@gmail.com', '$2y$10$C3NtbpqJXhR0PUjrCB98jeXJuI4r4BOF3WMGAip4bg6Md4Ar8tQMG', '2023-11-07 03:08:33');

-- --------------------------------------------------------

--
-- Table structure for table `people`
--

CREATE TABLE `people` (
  `id` bigint(20) UNSIGNED NOT NULL,
  `individual_id` int(11) NOT NULL DEFAULT 0,
  `name` varchar(255) COLLATE utf8mb4_unicode_ci DEFAULT NULL,
  `email` varchar(191) COLLATE utf8mb4_unicode_ci DEFAULT NULL,
  `mobile` varchar(191) COLLATE utf8mb4_unicode_ci DEFAULT NULL,
  `dob` date DEFAULT NULL,
  `doa` date DEFAULT NULL,
  `image` varchar(255) COLLATE utf8mb4_unicode_ci DEFAULT NULL,
  `fb_link` text COLLATE utf8mb4_unicode_ci DEFAULT NULL,
  `call_no` varchar(10) COLLATE utf8mb4_unicode_ci DEFAULT NULL,
  `whatsapp` varchar(10) COLLATE utf8mb4_unicode_ci DEFAULT NULL,
  `is_po_genrated` tinyint(4) NOT NULL DEFAULT 0,
  `is_work_order_genrated` tinyint(4) NOT NULL DEFAULT 0,
  `is_warp_process` tinyint(4) NOT NULL DEFAULT 0,
  `is_drawing_process` tinyint(4) NOT NULL DEFAULT 0,
  `is_weave_process` tinyint(4) NOT NULL DEFAULT 0,
  `is_dyeing_process` tinyint(4) NOT NULL DEFAULT 0,
  `is_coting_process` tinyint(4) NOT NULL DEFAULT 0,
  `is_work_order_completed` tinyint(4) NOT NULL DEFAULT 0,
  `is_invoice_generated` tinyint(4) NOT NULL DEFAULT 0,
  `is_packing` tinyint(4) NOT NULL DEFAULT 0,
  `is_dispatch` tinyint(4) NOT NULL DEFAULT 0,
  `created_by` tinyint(4) DEFAULT NULL,
  `modified_by` tinyint(4) DEFAULT NULL,
  `created` datetime DEFAULT NULL,
  `modified` datetime DEFAULT NULL,
  `status` tinyint(4) NOT NULL DEFAULT 1
) ENGINE=MyISAM DEFAULT CHARSET=utf8mb4 COLLATE=utf8mb4_unicode_ci;

--
-- Dumping data for table `people`
--

INSERT INTO `people` (`id`, `individual_id`, `name`, `email`, `mobile`, `dob`, `doa`, `image`, `fb_link`, `call_no`, `whatsapp`, `is_po_genrated`, `is_work_order_genrated`, `is_warp_process`, `is_drawing_process`, `is_weave_process`, `is_dyeing_process`, `is_coting_process`, `is_work_order_completed`, `is_invoice_generated`, `is_packing`, `is_dispatch`, `created_by`, `modified_by`, `created`, `modified`, `status`) VALUES
(1, 1, 'Ajit Kumar', 'sanjay26662@gmail.com', '9804994398', '2023-08-11', '2023-08-11', 'bababababababab_20230811081029.jpg', 'https://www.facebook.com/', '9822994398', '9804994398', 1, 0, 0, 0, 0, 1, 0, 0, 0, 0, 0, NULL, NULL, '2023-08-21 07:40:29', '2023-08-21 07:40:29', 1);

-- --------------------------------------------------------

--
-- Table structure for table `process_items`
--

CREATE TABLE `process_items` (
  `id` bigint(20) UNSIGNED NOT NULL,
  `entry_name` varchar(255) COLLATE utf8mb4_unicode_ci DEFAULT NULL,
  `process_name` varchar(255) COLLATE utf8mb4_unicode_ci NOT NULL,
  `output_name` varchar(255) COLLATE utf8mb4_unicode_ci NOT NULL,
  `created` datetime DEFAULT NULL,
  `modified` datetime DEFAULT NULL,
  `status` tinyint(4) NOT NULL DEFAULT 1,
  `process_sl_no_last` int(11) NOT NULL
) ENGINE=InnoDB DEFAULT CHARSET=utf8mb4 COLLATE=utf8mb4_unicode_ci;

--
-- Dumping data for table `process_items`
--

INSERT INTO `process_items` (`id`, `entry_name`, `process_name`, `output_name`, `created`, `modified`, `status`, `process_sl_no_last`) VALUES
(1, 'Yarn', 'Warping', 'Beam', '2023-09-06 15:25:40', '2023-09-06 15:25:40', 1, 1000),
(2, 'Beam', 'Weaving', 'Greige', '2023-09-06 15:25:40', '2023-09-06 15:25:40', 1, 1000),
(3, 'Greige', 'Dyeing', 'Dyed', '2023-09-06 15:25:40', '2023-09-06 15:25:40', 1, 1000),
(4, 'Dyed', 'Coating', 'Coated', '2023-09-06 15:25:40', '2023-09-06 15:25:40', 1, 1000),
(5, 'Coated', 'Packaging', 'Dispatch', '2023-09-06 15:25:40', '2023-09-06 15:25:40', 1, 1000);

-- --------------------------------------------------------

--
-- Table structure for table `process_requirements`
--

CREATE TABLE `process_requirements` (
  `id` int(11) NOT NULL,
  `process_type_id` int(11) NOT NULL,
  `item_type_id` int(11) NOT NULL,
  `status` tinyint(1) NOT NULL DEFAULT 1
) ENGINE=InnoDB DEFAULT CHARSET=utf8mb4;

--
-- Dumping data for table `process_requirements`
--

INSERT INTO `process_requirements` (`id`, `process_type_id`, `item_type_id`, `status`) VALUES
(1, 1, 1, 1),
(2, 2, 2, 1),
(3, 3, 3, 1),
(4, 4, 4, 1),
(5, 5, 5, 1);

-- --------------------------------------------------------

--
-- Table structure for table `purchases`
--

CREATE TABLE `purchases` (
  `id` int(10) UNSIGNED NOT NULL,
  `purchase_type_id` int(11) NOT NULL,
  `purchase_number` varchar(60) DEFAULT NULL,
  `bill_based` varchar(10) NOT NULL,
  `individual_id` int(9) UNSIGNED DEFAULT NULL,
  `ind_add_id` int(11) NOT NULL,
  `billing_address` text NOT NULL,
  `shiping_address` text NOT NULL,
  `status` varchar(1) NOT NULL COMMENT '0=>created,1=>executeing,2=>paid ,3=>Cancel,',
  `purchased_on` datetime NOT NULL,
  `cgst` decimal(10,2) NOT NULL DEFAULT 0.00,
  `sgst` decimal(10,2) NOT NULL DEFAULT 0.00,
  `igst` decimal(10,2) NOT NULL DEFAULT 0.00,
  `total` float(10,2) NOT NULL,
  `subtotal` float(10,2) NOT NULL,
  `coupon_discount` float(10,2) NOT NULL,
  `frieght` decimal(10,2) NOT NULL,
  `notes` text DEFAULT NULL,
  `purchase_started` timestamp NOT NULL DEFAULT current_timestamp() ON UPDATE current_timestamp(),
  `is_deleted` tinyint(1) NOT NULL DEFAULT 0,
  `is_return` tinyint(1) NOT NULL DEFAULT 0,
  `sgstrs` decimal(10,2) NOT NULL,
  `cgstrs` decimal(10,2) NOT NULL,
  `igstrs` decimal(10,2) NOT NULL,
  `cess` decimal(10,2) NOT NULL,
  `cessrs` decimal(10,2) NOT NULL,
  `taxrs` decimal(10,2) NOT NULL,
  `executed_by` int(11) NOT NULL,
  `created_by` int(11) NOT NULL,
  `receive_qty` int(11) NOT NULL DEFAULT 0,
  `left_qty` int(11) NOT NULL DEFAULT 0,
  `cancel_by` int(11) NOT NULL,
  `deleted_by` int(11) NOT NULL
) ENGINE=MyISAM DEFAULT CHARSET=utf8;

--
-- Dumping data for table `purchases`
--

INSERT INTO `purchases` (`id`, `purchase_type_id`, `purchase_number`, `bill_based`, `individual_id`, `ind_add_id`, `billing_address`, `shiping_address`, `status`, `purchased_on`, `cgst`, `sgst`, `igst`, `total`, `subtotal`, `coupon_discount`, `frieght`, `notes`, `purchase_started`, `is_deleted`, `is_return`, `sgstrs`, `cgstrs`, `igstrs`, `cess`, `cessrs`, `taxrs`, `executed_by`, `created_by`, `receive_qty`, `left_qty`, `cancel_by`, `deleted_by`) VALUES
(1, 0, '1001', 'unit', 6, 5, 'Barakpore Wieless  barackpore 223433', 'NULL', '1', '2023-11-08 00:00:00', '0.00', '0.00', '0.00', 15930.00, 15930.00, 100.00, '100.00', NULL, '2023-11-08 07:56:02', 0, 0, '1215.00', '1215.00', '0.00', '0.00', '0.00', '2430.00', 1, 1, 0, 0, 0, 0),
(2, 0, '1002', 'unit', 6, 5, 'Barakpore Wieless  barackpore 223433', 'NULL', '1', '2023-11-08 00:00:00', '0.00', '0.00', '0.00', 6372.00, 6372.00, 100.00, '100.00', NULL, '2023-11-14 03:07:22', 0, 0, '0.00', '0.00', '972.00', '0.00', '0.00', '972.00', 1, 1, 0, 0, 0, 0),
(3, 0, '1006', 'unit', 6, 5, 'Barakpore Wieless  barackpore 223433', 'NULL', '1', '2023-11-08 00:00:00', '0.00', '0.00', '0.00', 5310.00, 5310.00, 100.00, '100.00', NULL, '2023-11-08 08:35:25', 0, 0, '0.00', '0.00', '810.00', '0.00', '0.00', '810.00', 1, 1, 0, 0, 0, 0),
(4, 0, '1008', 'unit', 6, 5, 'Barakpore Wieless  barackpore 223433', 'NULL', '1', '2023-11-16 00:00:00', '0.00', '0.00', '0.00', 5310.00, 5310.00, 0.00, '0.00', NULL, '2023-11-16 09:37:36', 0, 0, '0.00', '0.00', '810.00', '0.00', '0.00', '810.00', 1, 1, 0, 0, 0, 0);

-- --------------------------------------------------------

--
-- Table structure for table `purchase_items`
--

CREATE TABLE `purchase_items` (
  `id` int(9) UNSIGNED NOT NULL,
  `purchase_id` int(9) UNSIGNED DEFAULT NULL,
  `bill_based` varchar(10) DEFAULT NULL,
  `item_type_id` int(11) DEFAULT NULL,
  `item_id` int(9) UNSIGNED DEFAULT NULL,
  `quantity` int(11) DEFAULT NULL,
  `receive_qty` int(11) DEFAULT NULL,
  `left_qty` int(11) DEFAULT NULL,
  `name` varchar(128) DEFAULT NULL,
  `mrp` decimal(10,2) DEFAULT NULL,
  `cgst` decimal(10,2) DEFAULT NULL,
  `sgst` decimal(10,2) DEFAULT NULL,
  `igst` decimal(10,2) DEFAULT NULL,
  `saleprice_wot` decimal(10,2) DEFAULT NULL COMMENT 'saleprice_without tax',
  `discount` decimal(10,2) DEFAULT NULL,
  `dis_type` varchar(1) DEFAULT NULL,
  `remarks` text DEFAULT NULL,
  `order_item_priority` varchar(255) DEFAULT NULL,
  `grey_quality` varchar(255) DEFAULT NULL,
  `dyeing_color` varchar(255) DEFAULT NULL,
  `coated_pvc` varchar(255) DEFAULT NULL,
  `extra_job` varchar(255) DEFAULT NULL,
  `print_job` varchar(255) DEFAULT NULL,
  `expect_delivery_date` date DEFAULT NULL,
  `saleprice` decimal(10,2) DEFAULT NULL,
  `total_price` decimal(10,2) DEFAULT NULL,
  `is_deleted` tinyint(1) DEFAULT 0,
  `is_return` tinyint(1) DEFAULT 0,
  `sgstrs` decimal(10,2) DEFAULT NULL,
  `cgstrs` decimal(10,2) DEFAULT NULL,
  `igstrs` decimal(10,2) DEFAULT NULL,
  `cess` decimal(10,2) DEFAULT NULL,
  `cessrs` decimal(10,2) DEFAULT NULL,
  `taxrs` decimal(10,2) DEFAULT NULL,
  `hsn` varchar(55) DEFAULT NULL,
  `unit` varchar(55) DEFAULT NULL,
  `pcs` decimal(10,2) DEFAULT NULL,
  `cut` decimal(10,2) DEFAULT NULL,
  `meter` decimal(10,2) DEFAULT NULL
) ENGINE=MyISAM DEFAULT CHARSET=utf8;

--
-- Dumping data for table `purchase_items`
--

INSERT INTO `purchase_items` (`id`, `purchase_id`, `bill_based`, `item_type_id`, `item_id`, `quantity`, `receive_qty`, `left_qty`, `name`, `mrp`, `cgst`, `sgst`, `igst`, `saleprice_wot`, `discount`, `dis_type`, `remarks`, `order_item_priority`, `grey_quality`, `dyeing_color`, `coated_pvc`, `extra_job`, `print_job`, `expect_delivery_date`, `saleprice`, `total_price`, `is_deleted`, `is_return`, `sgstrs`, `cgstrs`, `igstrs`, `cess`, `cessrs`, `taxrs`, `hsn`, `unit`, `pcs`, `cut`, `meter`) VALUES
(1, 1, 'unit', 1, 2, 10, 10, 0, '300/96/1 HIM  BD BLACK', '500.00', '9.00', '9.00', '0.00', NULL, '10.00', '%', 'rftg', NULL, 'INT HIM  BD BLACK', NULL, NULL, NULL, NULL, '2023-11-11', '450.00', '5310.00', 0, 0, '405.00', '405.00', '0.00', '0.00', '0.00', '810.00', '54023300', '4', NULL, NULL, '0.00'),
(2, 1, 'unit', 1, 4, 10, 10, 0, '300/96/1 NIM SD.WHITE', '1000.00', '9.00', '9.00', '0.00', NULL, '10.00', '%', 'wed', NULL, 'INT NIM SD.WHITE', NULL, NULL, NULL, NULL, '2023-11-11', '900.00', '10620.00', 0, 0, '810.00', '810.00', '0.00', '0.00', '0.00', '1620.00', '5402961', '4', NULL, NULL, '1.00'),
(3, 2, 'unit', 1, 4, 1, 0, 0, '300/96/1 NIM SD.WHITE', '1000.00', '0.00', '0.00', '0.00', NULL, '10.00', '%', 'test', NULL, 'INT NIM SD.WHITE', NULL, NULL, NULL, NULL, '2023-11-11', '900.00', '1062.00', 0, 0, '0.00', '0.00', '162.00', '0.00', '0.00', '162.00', '5402961', '4', NULL, NULL, '0.00'),
(4, 2, 'unit', 1, 8, 10, 0, 0, '150/48/1 SIM SD WHITE', '500.00', '0.00', '0.00', '0.00', NULL, '10.00', '%', 'test', NULL, 'INT SIM SD WHITE', NULL, NULL, NULL, NULL, '2023-11-11', '450.00', '5310.00', 0, 0, '0.00', '0.00', '810.00', '0.00', '0.00', '810.00', '3007211', '4', NULL, NULL, '1.00'),
(5, 3, 'unit', 1, 5, 10, 0, 0, '300/72/1 SIM SD.WHITE', '500.00', '0.00', '0.00', '18.00', NULL, '10.00', '%', 'test', NULL, 'INT SIM SD.WHITE', NULL, NULL, NULL, NULL, '2023-11-11', '450.00', '5310.00', 0, 0, '0.00', '0.00', '810.00', '0.00', '0.00', '810.00', '300/72/11', '4', NULL, NULL, '0.00'),
(6, 4, 'unit', 1, 7, 10, 10, 0, '150/48/1 NIM BD.BLACK', '500.00', '0.00', '0.00', '18.00', NULL, '10.00', '%', 'edf', NULL, 'INT NIM  BD.BLACK 1', NULL, NULL, NULL, NULL, '2023-11-16', '450.00', '5310.00', 0, 0, '0.00', '0.00', '810.00', '0.00', '0.00', '810.00', '150481', '4', NULL, NULL, '0.00');

-- --------------------------------------------------------

--
-- Table structure for table `purchase_orders`
--

CREATE TABLE `purchase_orders` (
  `id` int(10) UNSIGNED NOT NULL,
  `po_id` int(11) NOT NULL DEFAULT 0,
  `purchase_type_id` int(11) NOT NULL,
  `ind_add_id` int(11) NOT NULL,
  `purchase_number` varchar(60) DEFAULT NULL,
  `bill_based` varchar(10) NOT NULL,
  `individual_id` int(9) UNSIGNED DEFAULT NULL,
  `billing_address` text NOT NULL,
  `shiping_address` text NOT NULL,
  `status` varchar(1) NOT NULL COMMENT '0=>created,1=>executeing,2=>paid ,3=>Cancel,',
  `purchased_on` datetime NOT NULL,
  `total` float(10,2) NOT NULL,
  `subtotal` float(10,2) NOT NULL,
  `coupon_discount` float(10,2) NOT NULL,
  `frieght` decimal(10,2) NOT NULL,
  `notes` text DEFAULT NULL,
  `purchase_started` timestamp NOT NULL DEFAULT current_timestamp() ON UPDATE current_timestamp(),
  `is_deleted` tinyint(1) NOT NULL DEFAULT 0,
  `is_return` tinyint(1) NOT NULL DEFAULT 0,
  `sgstrs` decimal(10,2) NOT NULL,
  `cgstrs` decimal(10,2) NOT NULL,
  `igstrs` decimal(10,2) NOT NULL,
  `cess` decimal(10,2) NOT NULL,
  `cessrs` decimal(10,2) NOT NULL,
  `taxrs` decimal(10,2) NOT NULL,
  `executed_by` int(11) NOT NULL,
  `created_by` int(11) NOT NULL,
  `cancel_by` int(11) NOT NULL,
  `deleted_by` int(11) NOT NULL
) ENGINE=MyISAM DEFAULT CHARSET=utf8;

--
-- Dumping data for table `purchase_orders`
--

INSERT INTO `purchase_orders` (`id`, `po_id`, `purchase_type_id`, `ind_add_id`, `purchase_number`, `bill_based`, `individual_id`, `billing_address`, `shiping_address`, `status`, `purchased_on`, `total`, `subtotal`, `coupon_discount`, `frieght`, `notes`, `purchase_started`, `is_deleted`, `is_return`, `sgstrs`, `cgstrs`, `igstrs`, `cess`, `cessrs`, `taxrs`, `executed_by`, `created_by`, `cancel_by`, `deleted_by`) VALUES
(1, 0, 8, 5, '123456', 'unit', 6, 'Barakpore Wieless West Bengal barackpore 223433', 'NULL', '1', '2023-11-01 00:00:00', 10469.70, 10369.70, 200.00, '100.00', NULL, '2023-11-01 03:08:24', 0, 0, '527.85', '527.85', '0.00', '0.00', '0.00', '1055.70', 17, 17, 0, 0),
(2, 0, 0, 5, '1001', 'unit', 6, 'Barakpore Wieless  barackpore 223433', 'NULL', '1', '2023-11-08 00:00:00', 10620.00, 10620.00, 10.00, '10.00', NULL, '2023-11-08 05:31:04', 0, 0, '810.00', '810.00', '0.00', '0.00', '0.00', '1620.00', 1, 1, 0, 0);

-- --------------------------------------------------------

--
-- Table structure for table `purchase_order_items`
--

CREATE TABLE `purchase_order_items` (
  `id` int(9) UNSIGNED NOT NULL,
  `purchase_id` int(9) UNSIGNED NOT NULL,
  `bill_based` varchar(10) NOT NULL,
  `item_id` int(9) UNSIGNED NOT NULL,
  `item_type_id` int(11) DEFAULT NULL,
  `quantity` int(11) NOT NULL,
  `name` varchar(128) NOT NULL,
  `mrp` decimal(10,2) NOT NULL,
  `cgst` decimal(10,2) NOT NULL,
  `sgst` decimal(10,2) NOT NULL,
  `igst` decimal(10,2) NOT NULL,
  `saleprice_wot` decimal(10,2) NOT NULL COMMENT 'saleprice_without tax',
  `discount` decimal(10,2) NOT NULL,
  `dis_type` varchar(1) NOT NULL,
  `saleprice` decimal(10,2) NOT NULL,
  `total_price` decimal(10,2) NOT NULL,
  `is_deleted` tinyint(1) NOT NULL DEFAULT 0,
  `is_return` tinyint(1) NOT NULL DEFAULT 0,
  `sgstrs` decimal(10,2) NOT NULL,
  `cgstrs` decimal(10,2) NOT NULL,
  `igstrs` decimal(10,2) NOT NULL,
  `cess` decimal(10,2) NOT NULL,
  `cessrs` decimal(10,2) NOT NULL,
  `taxrs` decimal(10,2) NOT NULL,
  `hsn` varchar(55) NOT NULL,
  `unit` varchar(55) NOT NULL,
  `meter` decimal(10,2) DEFAULT NULL,
  `left_qty` int(11) NOT NULL,
  `receive_qty` int(11) NOT NULL,
  `pur_item_ids` text DEFAULT NULL
) ENGINE=MyISAM DEFAULT CHARSET=utf8;

--
-- Dumping data for table `purchase_order_items`
--

INSERT INTO `purchase_order_items` (`id`, `purchase_id`, `bill_based`, `item_id`, `item_type_id`, `quantity`, `name`, `mrp`, `cgst`, `sgst`, `igst`, `saleprice_wot`, `discount`, `dis_type`, `saleprice`, `total_price`, `is_deleted`, `is_return`, `sgstrs`, `cgstrs`, `igstrs`, `cess`, `cessrs`, `taxrs`, `hsn`, `unit`, `meter`, `left_qty`, `receive_qty`, `pur_item_ids`) VALUES
(1, 1, 'unit', 3, 1, 10, '300/96/1 NIM BD.BLACK TEX30096', '500.00', '9.00', '9.00', '0.00', '4500.00', '10.00', '%', '450.00', '5310.00', 0, 0, '405.00', '405.00', '0.00', '0.00', '0.00', '810.00', '54023311', 'Kg', '1.00', 0, 0, '1'),
(2, 1, 'unit', 27, 2, 10, 'Gene Twill 566/7/8', '546.00', '2.50', '2.50', '0.00', '4914.00', '10.00', '%', '491.40', '5159.70', 0, 0, '122.85', '122.85', '0.00', '0.00', '0.00', '245.70', '6645', 'Meter', '100.00', 0, 0, '8'),
(3, 2, 'unit', 4, 1, 10, '300/96/1 NIM SD.WHITE 300/96/1NIM', '1000.00', '9.00', '9.00', '0.00', '9000.00', '10.00', '%', '900.00', '10620.00', 0, 0, '810.00', '810.00', '0.00', '0.00', '0.00', '1620.00', '5402961', 'Kg', '1.00', 0, 10, '1,2');

-- --------------------------------------------------------

--
-- Table structure for table `qualities`
--

CREATE TABLE `qualities` (
  `id` bigint(20) UNSIGNED NOT NULL,
  `name` varchar(255) COLLATE utf8mb4_unicode_ci DEFAULT NULL,
  `internal_name` varchar(255) COLLATE utf8mb4_unicode_ci DEFAULT NULL,
  `external_name` varchar(255) COLLATE utf8mb4_unicode_ci DEFAULT NULL,
  `created` datetime DEFAULT NULL,
  `modified` datetime DEFAULT NULL,
  `status` tinyint(4) NOT NULL DEFAULT 1
) ENGINE=MyISAM DEFAULT CHARSET=utf8mb4 COLLATE=utf8mb4_unicode_ci;

--
-- Dumping data for table `qualities`
--

INSERT INTO `qualities` (`id`, `name`, `internal_name`, `external_name`, `created`, `modified`, `status`) VALUES
(1, 'Cotton', 'Cotton Internal', 'Cotton External', '2023-09-12 08:36:00', '2023-09-12 08:36:00', 1);

-- --------------------------------------------------------

--
-- Table structure for table `quality_types`
--

CREATE TABLE `quality_types` (
  `id` bigint(20) UNSIGNED NOT NULL,
  `qualitytype_name` varchar(100) COLLATE utf8mb4_unicode_ci NOT NULL,
  `created` datetime DEFAULT NULL,
  `modified` datetime DEFAULT NULL,
  `status` tinyint(4) NOT NULL DEFAULT 1
) ENGINE=InnoDB DEFAULT CHARSET=utf8mb4 COLLATE=utf8mb4_unicode_ci;

--
-- Dumping data for table `quality_types`
--

INSERT INTO `quality_types` (`id`, `qualitytype_name`, `created`, `modified`, `status`) VALUES
(1, 'A1', '2023-08-11 11:02:42', '2023-08-11 11:02:42', 1),
(2, 'A2', '2023-08-11 11:03:03', '2023-08-11 11:03:03', 1);

-- --------------------------------------------------------

--
-- Table structure for table `sale_entries`
--

CREATE TABLE `sale_entries` (
  `sale_entry_id` int(11) NOT NULL,
  `sale_entry_type_id` int(11) NOT NULL,
  `sale_order_number` varchar(255) NOT NULL,
  `billing_address` text NOT NULL,
  `shipping_address` text NOT NULL,
  `agent_id` varchar(60) NOT NULL,
  `individual_id` int(11) NOT NULL,
  `sale_entry_on` date NOT NULL,
  `bill_based` varchar(11) NOT NULL,
  `subtotal` float(10,2) NOT NULL,
  `frieght` decimal(10,2) NOT NULL,
  `coupon_discount` decimal(10,2) NOT NULL,
  `total` float(10,2) NOT NULL,
  `status` tinyint(1) NOT NULL DEFAULT 1,
  `is_deleted` tinyint(1) NOT NULL DEFAULT 0,
  `created_by` int(11) NOT NULL,
  `modified_by` int(11) NOT NULL,
  `executed_by` int(11) NOT NULL,
  `cancel_by` int(11) NOT NULL,
  `deleted_by` int(11) NOT NULL,
  `created` datetime NOT NULL,
  `modified` datetime NOT NULL
) ENGINE=InnoDB DEFAULT CHARSET=utf8mb4;

--
-- Dumping data for table `sale_entries`
--

INSERT INTO `sale_entries` (`sale_entry_id`, `sale_entry_type_id`, `sale_order_number`, `billing_address`, `shipping_address`, `agent_id`, `individual_id`, `sale_entry_on`, `bill_based`, `subtotal`, `frieght`, `coupon_discount`, `total`, `status`, `is_deleted`, `created_by`, `modified_by`, `executed_by`, `cancel_by`, `deleted_by`, `created`, `modified`) VALUES
(1, 0, '30', 'Barakpore Wieless West Bengal barackpore 223433', 'kolkata kolkata Gujarat kolkata 700001', 'none', 1, '2023-08-24', 'unit', 500.00, '0.00', '0.00', 500.00, 1, 0, 1, 1, 1, 0, 0, '2023-08-24 09:36:00', '2023-08-24 09:36:00'),
(2, 0, '2', 'Barakpore Wieless West Bengal barackpore 223433', '178/20 Erly Qtr Gulmohar Tripura Kolkata 24552433', 'none', 1, '2023-09-19', 'unit', 1000.00, '200.00', '100.00', 900.00, 1, 0, 17, 17, 17, 0, 0, '2023-09-20 08:43:09', '2023-09-20 08:43:09');

-- --------------------------------------------------------

--
-- Table structure for table `sale_entry_items`
--

CREATE TABLE `sale_entry_items` (
  `sale_entry_item_id` int(11) NOT NULL,
  `sale_entry_id` int(11) NOT NULL,
  `bill_based` varchar(10) NOT NULL,
  `item_id` int(10) NOT NULL,
  `name` varchar(128) NOT NULL,
  `total_price` decimal(10,2) NOT NULL,
  `is_deleted` tinyint(1) NOT NULL DEFAULT 0,
  `is_return` tinyint(1) NOT NULL DEFAULT 0,
  `unit` varchar(25) NOT NULL,
  `pcs` decimal(10,2) NOT NULL,
  `cut` decimal(10,2) NOT NULL,
  `meter` int(10) NOT NULL,
  `rate` decimal(10,2) NOT NULL,
  `amount` decimal(10,2) NOT NULL,
  `discount` decimal(10,2) NOT NULL,
  `discount_amount` decimal(10,2) NOT NULL,
  `net_amount` decimal(10,2) NOT NULL,
  `remarks` text NOT NULL,
  `status` tinyint(1) NOT NULL DEFAULT 1,
  `created_by` int(11) NOT NULL,
  `modified_by` int(11) NOT NULL,
  `created` date NOT NULL,
  `modified` date NOT NULL
) ENGINE=InnoDB DEFAULT CHARSET=utf8mb4;

--
-- Dumping data for table `sale_entry_items`
--

INSERT INTO `sale_entry_items` (`sale_entry_item_id`, `sale_entry_id`, `bill_based`, `item_id`, `name`, `total_price`, `is_deleted`, `is_return`, `unit`, `pcs`, `cut`, `meter`, `rate`, `amount`, `discount`, `discount_amount`, `net_amount`, `remarks`, `status`, `created_by`, `modified_by`, `created`, `modified`) VALUES
(1, 1, 'unit', 2, 'cotton', '500.00', 0, 0, 'Miter', '10.00', '10.00', 100, '10.00', '1000.00', '50.00', '500.00', '500.00', 'ghj', 1, 1, 1, '2023-08-24', '2023-08-24'),
(2, 2, 'unit', 2, '300/96/1 HIM  BD BLACK', '900.00', 0, 0, 'Kg', '1.00', '1.00', 1, '1000.00', '1000.00', '10.00', '100.00', '900.00', 'Test', 1, 1, 1, '2023-09-20', '2023-09-20');

-- --------------------------------------------------------

--
-- Table structure for table `sale_orders`
--

CREATE TABLE `sale_orders` (
  `sale_order_id` int(11) NOT NULL,
  `sale_order_type` int(11) NOT NULL,
  `ind_add_id` int(11) NOT NULL,
  `individual_id` int(11) NOT NULL,
  `sale_order_date` date NOT NULL,
  `sales_order` varchar(60) NOT NULL,
  `order_priority` varchar(20) NOT NULL,
  `bill_based` varchar(11) DEFAULT NULL,
  `billing_address` text NOT NULL,
  `shiping_address` text NOT NULL,
  `total` float(10,2) NOT NULL,
  `subtotal` float(10,2) NOT NULL,
  `frieght` decimal(10,2) NOT NULL,
  `sale_order_number` varchar(60) DEFAULT NULL,
  `lot_number` int(11) NOT NULL,
  `ind_agent_id` varchar(60) NOT NULL,
  `sale_order_from` varchar(255) NOT NULL,
  `items` int(11) NOT NULL,
  `amount` decimal(10,2) NOT NULL,
  `discount_amount` decimal(10,2) NOT NULL,
  `total_amount_without_roundoff` decimal(10,2) NOT NULL,
  `roundoff` int(11) NOT NULL,
  `total_amount_after_roundoff` int(11) NOT NULL,
  `status` varchar(1) NOT NULL DEFAULT '1' COMMENT '0=>created,1=>executeing,2=>paid ,3=>Cancel,',
  `created_by` int(11) NOT NULL,
  `modified_by` int(11) NOT NULL,
  `executed_by` int(11) NOT NULL,
  `created` datetime NOT NULL,
  `modified` datetime NOT NULL,
  `is_deleted` int(11) NOT NULL,
  `is_return` tinyint(1) NOT NULL,
  `cancel_by` int(11) NOT NULL,
  `deleted_by` int(11) NOT NULL,
  `order_by_employee` int(11) NOT NULL
) ENGINE=InnoDB DEFAULT CHARSET=utf8mb4;

--
-- Dumping data for table `sale_orders`
--

INSERT INTO `sale_orders` (`sale_order_id`, `sale_order_type`, `ind_add_id`, `individual_id`, `sale_order_date`, `sales_order`, `order_priority`, `bill_based`, `billing_address`, `shiping_address`, `total`, `subtotal`, `frieght`, `sale_order_number`, `lot_number`, `ind_agent_id`, `sale_order_from`, `items`, `amount`, `discount_amount`, `total_amount_without_roundoff`, `roundoff`, `total_amount_after_roundoff`, `status`, `created_by`, `modified_by`, `executed_by`, `created`, `modified`, `is_deleted`, `is_return`, `cancel_by`, `deleted_by`, `order_by_employee`) VALUES
(1, 0, 4, 1, '2023-10-05', 'email', 'High', NULL, 'Barakpore Wieless West Bengal barackpore 223433', '178/20 Erly Qtr Gulmohar Tripura Kolkata 24552433', 545920.00, 545820.00, '100.00', '321456', 1, 'Select Agent', '', 0, '0.00', '0.00', '545920.00', 0, 545920, '1', 1, 1, 1, '2023-10-05 09:46:05', '2023-10-05 09:46:05', 0, 0, 1, 1, 0),
(2, 0, 4, 1, '2023-10-05', 'phone', 'Extreme', NULL, 'Barakpore Wieless West Bengal barackpore 223433', '178/20 Erly Qtr Gulmohar Tripura Kolkata 24552433', 6441.60, 6200.00, '200.00', '987456', 2, 'Select Agent', '', 0, '0.00', '0.00', '6441.60', 0, 6442, '1', 1, 1, 1, '2023-10-05 09:54:07', '2023-10-05 09:54:07', 0, 0, 1, 1, 0),
(3, 0, 4, 1, '2023-10-05', 'agent', 'Normal', NULL, 'Barakpore Wieless West Bengal barackpore 223433', '178/20 Erly Qtr Gulmohar Tripura Kolkata 24552433', 22980.00, 22980.00, '10.00', '123456', 3, '9', '', 0, '0.00', '0.00', '22980.00', 0, 22980, '1', 1, 1, 1, '2023-10-05 13:09:09', '2023-10-05 13:09:09', 0, 0, 1, 1, 0),
(4, 0, 4, 1, '2023-10-10', 'email', 'High', NULL, 'Barakpore Wieless West Bengal barackpore 223433', '178/20 Erly Qtr Gulmohar Tripura Kolkata 24552433', 1350000.00, 1350000.00, '0.00', '1231321', 4, '9', '', 0, '0.00', '0.00', '1350000.00', 0, 1350000, '1', 1, 1, 1, '2023-10-10 14:49:15', '2023-10-10 14:49:15', 0, 0, 1, 1, 0),
(5, 0, 4, 1, '2023-11-08', 'agent', 'Low', NULL, '37A G T Road its test West Bengal hooghly 223434', '178/20 Erly Qtr Gulmohar Tripura Kolkata 245524', 60000.00, 60000.00, '100.00', '1002', 5, '9', '', 0, '0.00', '0.00', '60000.00', 0, 60000, '1', 1, 1, 1, '2023-11-08 14:13:03', '2023-11-08 14:13:03', 0, 0, 1, 1, 0);

-- --------------------------------------------------------

--
-- Table structure for table `sale_order_items`
--

CREATE TABLE `sale_order_items` (
  `sale_order_item_id` int(11) NOT NULL,
  `sale_order_id` int(11) NOT NULL,
  `item_id` int(10) NOT NULL,
  `item_type_id` int(11) NOT NULL,
  `name` varchar(128) NOT NULL,
  `dis_type` varchar(1) NOT NULL,
  `total_price` decimal(10,2) NOT NULL,
  `is_deleted` tinyint(1) NOT NULL DEFAULT 0,
  `is_return` tinyint(1) NOT NULL DEFAULT 0,
  `unit` varchar(25) NOT NULL,
  `pcs` decimal(10,2) NOT NULL,
  `cut` decimal(10,2) NOT NULL,
  `meter` decimal(10,2) NOT NULL,
  `rate` decimal(10,2) NOT NULL,
  `amount` decimal(10,2) NOT NULL,
  `discount` decimal(10,2) NOT NULL,
  `discount_amount` decimal(10,2) NOT NULL,
  `net_amount` decimal(10,2) NOT NULL,
  `remarks` text DEFAULT NULL,
  `order_item_priority` varchar(55) NOT NULL,
  `grey_quality` varchar(555) NOT NULL,
  `dyeing_color` varchar(555) NOT NULL,
  `coated_pvc` varchar(555) NOT NULL,
  `extra_job` text NOT NULL,
  `print_job` varchar(555) DEFAULT NULL,
  `expect_delivery_date` date DEFAULT NULL,
  `status` tinyint(1) NOT NULL DEFAULT 1,
  `created_by` int(11) NOT NULL,
  `modified_by` int(11) NOT NULL,
  `is_work_order_created` tinyint(1) NOT NULL DEFAULT 0,
  `is_work_completed` enum('0','1') NOT NULL DEFAULT '0',
  `created` date NOT NULL,
  `modified` date NOT NULL
) ENGINE=InnoDB DEFAULT CHARSET=utf8mb4;

--
-- Dumping data for table `sale_order_items`
--

INSERT INTO `sale_order_items` (`sale_order_item_id`, `sale_order_id`, `item_id`, `item_type_id`, `name`, `dis_type`, `total_price`, `is_deleted`, `is_return`, `unit`, `pcs`, `cut`, `meter`, `rate`, `amount`, `discount`, `discount_amount`, `net_amount`, `remarks`, `order_item_priority`, `grey_quality`, `dyeing_color`, `coated_pvc`, `extra_job`, `print_job`, `expect_delivery_date`, `status`, `created_by`, `modified_by`, `is_work_order_created`, `is_work_completed`, `created`, `modified`) VALUES
(1, 1, 37, 8, 'Platinum', '1', '443520.00', 0, 0, 'Miter', '12.00', '6.00', '72.00', '7700.00', '554400.00', '20.00', '110880.00', '443520.00', 'Test 1', 'High', 'Platinum', 'Pink', 'Pink PVC', 'Finish Polish', 'Rose Print', '2023-10-10', 1, 1, 1, 0, '0', '2023-10-05', '2023-10-05'),
(2, 1, 27, 8, 'Gene Twill', '1', '76800.00', 0, 0, 'Miter', '4.00', '4.00', '16.00', '6000.00', '96000.00', '20.00', '19200.00', '76800.00', 'test 2', 'High', 'Gene Twill', 'Swiral Blue', 'PU Coated', 'Finish Flower', 'Rose Print', '2023-10-10', 1, 1, 1, 1, '0', '2023-10-05', '2023-10-05'),
(3, 1, 28, 8, 'Star Dobby', '1', '25600.00', 0, 0, 'Miter', '2.00', '2.00', '4.00', '8000.00', '32000.00', '20.00', '6400.00', '25600.00', 'test 3', 'High', 'Star Dobby', 'Swiral Red', 'PU Coated', 'Flower  multi', 'Flower Print', '2023-10-10', 1, 1, 1, 0, '0', '2023-10-05', '2023-10-05'),
(4, 2, 27, 8, 'Gene Twill', '1', '4800.00', 0, 0, 'Miter', '1.00', '1.00', '1.00', '6000.00', '6000.00', '20.00', '1200.00', '4800.00', 'test11', 'Extreme', 'Gene Twill', 'Swiral Blue', 'PVC Coated', 'setup packaging', 'Animal', '2023-10-10', 1, 1, 1, 1, '0', '2023-10-05', '2023-10-05'),
(5, 2, 34, 8, 'Bolt Twill', '1', '1641.60', 0, 0, 'Miter', '2.00', '2.00', '4.00', '456.00', '1824.00', '10.00', '182.40', '1641.60', 'tyest', 'Extreme', 'Bolt Twill', 'Digital Royal', 'Digital Royal PU', 'Packing Coat', 'Animal Flower', '2023-10-10', 1, 1, 1, 0, '0', '2023-10-05', '2023-10-05'),
(6, 3, 27, 8, 'Gene Twill', '1', '19200.00', 0, 0, 'Meter', '2.00', '2.00', '4.00', '6000.00', '24000.00', '20.00', '4800.00', '19200.00', 'Test', 'Normal', 'INT Gene Twill', 'Rainbow', 'pvc', 'Fine Print', 'Flower', '2023-10-10', 1, 1, 1, 1, '0', '2023-10-05', '2023-10-05'),
(7, 3, 32, 8, 'Silver Checks', '1', '3780.00', 0, 0, 'Meter', '2.00', '3.00', '6.00', '700.00', '4200.00', '10.00', '420.00', '3780.00', 'test2', 'Normal', 'INT Silver Checks', 'Sunny Shine', 'PVC', '', NULL, '2023-10-10', 1, 1, 1, 0, '0', '2023-10-05', '2023-10-05'),
(8, 4, 28, 8, 'Star Dobby', '1', '1000000.00', 0, 0, 'Meter', '10.00', '100.00', '1000.00', '1000.00', '1000000.00', '0.00', '0.00', '1000000.00', '5rweer', 'Low', 'INT Star Dobby', 'red', '', '', NULL, '2023-10-13', 1, 1, 1, 0, '0', '2023-10-10', '2023-10-10'),
(9, 4, 32, 8, 'Silver Checks', '1', '350000.00', 0, 0, 'Meter', '10.00', '50.00', '500.00', '700.00', '350000.00', '0.00', '0.00', '350000.00', 'tesat', 'Normal', 'INT Silver Checks', 'blue', 'pu', 'extra', NULL, '2023-10-13', 1, 1, 1, 0, '0', '2023-10-10', '2023-10-10'),
(10, 5, 27, 8, 'Gene Twill', '1', '60000.00', 0, 0, 'Meter', '1.00', '100.00', '100.00', '6000.00', '600000.00', '90.00', '540000.00', '60000.00', 'test', 'Low', 'INT Gene Twill', 'No', 'No', 'No', 'No', '2023-12-15', 1, 1, 1, 1, '0', '2023-11-08', '2023-11-08');

-- --------------------------------------------------------

--
-- Table structure for table `sample_folders`
--

CREATE TABLE `sample_folders` (
  `id` bigint(20) UNSIGNED NOT NULL,
  `name` varchar(255) COLLATE utf8mb4_unicode_ci DEFAULT NULL,
  `created` datetime DEFAULT NULL,
  `modified` datetime DEFAULT NULL,
  `status` tinyint(4) NOT NULL DEFAULT 1
) ENGINE=InnoDB DEFAULT CHARSET=utf8mb4 COLLATE=utf8mb4_unicode_ci;

-- --------------------------------------------------------

--
-- Table structure for table `states`
--

CREATE TABLE `states` (
  `id` int(11) NOT NULL,
  `name` varchar(30) NOT NULL,
  `country_id` int(11) NOT NULL DEFAULT 1,
  `created` datetime DEFAULT NULL,
  `modified` datetime DEFAULT NULL,
  `status` int(4) NOT NULL DEFAULT 1
) ENGINE=InnoDB DEFAULT CHARSET=latin1;

--
-- Dumping data for table `states`
--

INSERT INTO `states` (`id`, `name`, `country_id`, `created`, `modified`, `status`) VALUES
(1, 'Andaman and Nicobar Islands', 101, NULL, NULL, 1),
(2, 'Andhra Pradesh', 101, NULL, NULL, 1),
(3, 'Arunachal Pradesh', 101, NULL, NULL, 1),
(4, 'Assam', 101, NULL, NULL, 1),
(5, 'Bihar', 101, NULL, NULL, 1),
(6, 'Chandigarh', 101, NULL, NULL, 1),
(7, 'Chhattisgarh', 101, NULL, NULL, 1),
(8, 'Dadra and Nagar Haveli', 101, NULL, NULL, 1),
(9, 'Daman and Diu', 101, NULL, NULL, 1),
(10, 'Delhi-NCR', 101, NULL, NULL, 1),
(11, 'Goa', 101, NULL, NULL, 1),
(12, 'Gujarat', 101, NULL, NULL, 1),
(13, 'Haryana', 101, NULL, NULL, 1),
(14, 'Himachal Pradesh', 101, NULL, NULL, 1),
(15, 'Jammu and Kashmir', 101, NULL, NULL, 1),
(16, 'Jharkhand', 101, NULL, NULL, 1),
(17, 'Karnataka', 101, NULL, NULL, 1),
(18, 'Kenmore', 101, NULL, NULL, 1),
(19, 'Kerala', 101, NULL, NULL, 1),
(20, 'Lakshadweep', 101, NULL, NULL, 1),
(21, 'Madhya Pradesh', 101, NULL, NULL, 1),
(22, 'Maharashtra', 101, NULL, NULL, 1),
(23, 'Manipur', 101, NULL, NULL, 1),
(24, 'Meghalaya', 101, NULL, NULL, 1),
(25, 'Mizoram', 101, NULL, NULL, 1),
(26, 'Nagaland', 101, NULL, NULL, 1),
(27, 'Narora', 101, NULL, NULL, 1),
(28, 'Natwar', 101, NULL, NULL, 1),
(29, 'Odisha', 101, NULL, NULL, 1),
(30, 'Paschim Medinipur', 101, NULL, NULL, 1),
(31, 'Pondicherry', 101, NULL, NULL, 1),
(32, 'Punjab', 101, NULL, NULL, 1),
(33, 'Rajasthan', 101, NULL, NULL, 1),
(34, 'Sikkim', 101, NULL, NULL, 1),
(35, 'Tamil Nadu', 101, NULL, NULL, 1),
(36, 'Telangana', 101, NULL, NULL, 1),
(37, 'Tripura', 101, NULL, NULL, 1),
(39, 'UP', 101, NULL, NULL, 1),
(40, 'West Bengal', 101, NULL, NULL, 1);

-- --------------------------------------------------------

--
-- Table structure for table `stationaries`
--

CREATE TABLE `stationaries` (
  `id` bigint(20) UNSIGNED NOT NULL,
  `name` varchar(255) COLLATE utf8mb4_unicode_ci DEFAULT NULL,
  `created` datetime DEFAULT NULL,
  `modified` datetime DEFAULT NULL,
  `status` tinyint(4) NOT NULL DEFAULT 1
) ENGINE=MyISAM DEFAULT CHARSET=utf8mb4 COLLATE=utf8mb4_unicode_ci;

--
-- Dumping data for table `stationaries`
--

INSERT INTO `stationaries` (`id`, `name`, `created`, `modified`, `status`) VALUES
(1, 'pencils', '2023-08-11 07:24:19', '2023-08-11 07:24:19', 1),
(2, 'pen', '2023-08-11 07:29:35', '2023-08-11 07:29:35', 1);

-- --------------------------------------------------------

--
-- Table structure for table `stations`
--

CREATE TABLE `stations` (
  `id` int(11) NOT NULL,
  `name` varchar(30) NOT NULL,
  `state_id` int(11) NOT NULL,
  `created` datetime DEFAULT NULL,
  `modified` datetime DEFAULT NULL,
  `status` tinyint(4) NOT NULL DEFAULT 1
) ENGINE=InnoDB DEFAULT CHARSET=latin1;

--
-- Dumping data for table `stations`
--

INSERT INTO `stations` (`id`, `name`, `state_id`, `created`, `modified`, `status`) VALUES
(1397, 'burra bazar', 41, '2023-08-16 08:16:35', '2023-08-16 08:16:35', 1),
(1398, 'kolkata', 41, '2023-08-16 08:16:52', '2023-08-16 08:16:52', 1),
(1399, 'jaunpur', 42, '2023-08-16 08:46:28', '2023-08-16 08:46:28', 1);

-- --------------------------------------------------------

--
-- Table structure for table `transports`
--

CREATE TABLE `transports` (
  `id` int(11) NOT NULL,
  `individual_id` int(11) NOT NULL DEFAULT 0,
  `transport_from` varchar(255) NOT NULL,
  `transport_to` varchar(255) NOT NULL,
  `created_by` int(11) NOT NULL,
  `modified_by` int(11) NOT NULL,
  `created` datetime NOT NULL,
  `modified` datetime NOT NULL,
  `status` tinyint(4) NOT NULL DEFAULT 1
) ENGINE=InnoDB DEFAULT CHARSET=latin1;

--
-- Dumping data for table `transports`
--

INSERT INTO `transports` (`id`, `individual_id`, `transport_from`, `transport_to`, `created_by`, `modified_by`, `created`, `modified`, `status`) VALUES
(1, 14, 'kolkata', 'mumbai', 1, 1, '2023-08-16 14:15:02', '2023-08-16 14:15:02', 0),
(2, 14, 'Kolkata', 'Surat', 1, 1, '2023-08-16 14:38:43', '2023-08-16 14:38:43', 0),
(3, 14, 'Surat', 'kolkata', 1, 1, '2023-08-16 14:37:42', '2023-08-16 14:37:42', 0),
(4, 14, 'mumbai', 'Kolkata', 1, 1, '2023-08-17 10:22:11', '2023-08-17 10:22:11', 1),
(5, 14, 'kolkata', 'Surat', 1, 1, '2023-08-25 09:55:02', '2023-08-25 09:55:02', 1);

-- --------------------------------------------------------

--
-- Table structure for table `unit_type`
--

CREATE TABLE `unit_type` (
  `unit_type_id` int(11) NOT NULL,
  `unit_type_name` varchar(255) NOT NULL,
  `created` datetime NOT NULL,
  `modified` datetime NOT NULL,
  `status` tinyint(1) NOT NULL DEFAULT 1
) ENGINE=InnoDB DEFAULT CHARSET=utf8mb4;

--
-- Dumping data for table `unit_type`
--

INSERT INTO `unit_type` (`unit_type_id`, `unit_type_name`, `created`, `modified`, `status`) VALUES
(1, 'PCS', '2023-08-21 08:53:00', '2023-08-21 08:53:00', 1),
(2, 'Meter', '2023-08-21 08:53:12', '2023-08-21 08:53:12', 1),
(3, 'Line', '2023-08-21 08:53:24', '2023-08-21 08:53:24', 0),
(4, 'Kg', '2023-08-21 08:53:37', '2023-08-21 08:53:37', 1),
(5, 'TP', '2023-08-21 08:53:53', '2023-08-21 08:53:53', 0);

-- --------------------------------------------------------

--
-- Table structure for table `users`
--

CREATE TABLE `users` (
  `id` bigint(20) UNSIGNED NOT NULL,
  `individual_id` int(11) DEFAULT NULL,
  `name` varchar(191) COLLATE utf8mb4_unicode_ci NOT NULL,
  `email` varchar(191) COLLATE utf8mb4_unicode_ci NOT NULL,
  `email_verified_at` timestamp NULL DEFAULT NULL,
  `password` varchar(191) COLLATE utf8mb4_unicode_ci DEFAULT NULL,
  `remember_token` varchar(100) COLLATE utf8mb4_unicode_ci DEFAULT NULL,
  `created_at` timestamp NULL DEFAULT NULL,
  `updated_at` timestamp NULL DEFAULT NULL,
  `status` tinyint(1) NOT NULL DEFAULT 1
) ENGINE=InnoDB DEFAULT CHARSET=utf8mb4 COLLATE=utf8mb4_unicode_ci;

--
-- Dumping data for table `users`
--

INSERT INTO `users` (`id`, `individual_id`, `name`, `email`, `email_verified_at`, `password`, `remember_token`, `created_at`, `updated_at`, `status`) VALUES
(1, 18, 'sanjay kumar', 'sanjay2666@gmail.com', NULL, '$2y$10$o8gimqhp/pIg85.Ai/2An./OkclN2cw8Yoi1cHy4KJ4KNQa2TcC5W', NULL, NULL, '2023-11-22 03:35:30', 0),
(2, 16, 'Amit Kumar', 'amit2@gmail.com', NULL, '$2y$10$joICciS9uS0GRAMdy6mPNuNa1fOWiAqRSwhh7/eWO2ntar4cfDeJ6', NULL, '2023-11-06 21:28:09', '2023-11-06 21:28:09', 1),
(4, 15, 'Amit Kumar Singh', 'amit@gmail.com', NULL, '$2y$10$iEoN8rfcjrh1IznlJRjrWuKQUoDJP504t/tiCqpaOAikPnNV5UrbS', NULL, '2023-11-06 23:36:39', '2023-11-06 23:36:39', 1);

-- --------------------------------------------------------

--
-- Table structure for table `user_module_assignment`
--

CREATE TABLE `user_module_assignment` (
  `id` int(11) NOT NULL,
  `user_id` int(11) NOT NULL,
  `page_name` text NOT NULL,
  `created` datetime DEFAULT NULL,
  `modified` datetime DEFAULT NULL,
  `status` tinyint(1) NOT NULL DEFAULT 1
) ENGINE=InnoDB DEFAULT CHARSET=utf8mb4;

--
-- Dumping data for table `user_module_assignment`
--

INSERT INTO `user_module_assignment` (`id`, `user_id`, `page_name`, `created`, `modified`, `status`) VALUES
(1, 1, 'add-module', '2023-08-26 11:11:07', '2023-08-26 11:11:07', 0),
(2, 1, 'Home', '2023-08-26 11:11:07', '2023-08-26 11:11:07', 0),
(3, 17, 'add-module', '2023-09-08 06:28:52', '2023-09-08 06:28:52', 0),
(4, 17, 'Home', '2023-09-08 06:28:52', '2023-09-08 06:28:52', 0),
(5, 17, 'Home', '2023-09-08 06:32:36', '2023-09-08 06:32:36', 0),
(6, 17, 'Home', '2023-09-08 06:33:56', '2023-09-08 06:33:56', 0),
(7, 17, 'Home', '2023-09-08 06:34:37', '2023-09-08 06:34:37', 0),
(8, 17, 'Home', '2023-09-08 06:36:07', '2023-09-08 06:36:07', 0),
(9, 17, 'Home', '2023-09-08 06:38:56', '2023-09-08 06:38:56', 0),
(10, 17, 'Home', '2023-09-08 06:41:25', '2023-09-08 06:41:25', 0),
(11, 17, 'Home', '2023-09-08 06:42:24', '2023-09-08 06:42:24', 0),
(12, 17, 'Home', '2023-09-08 06:42:57', '2023-09-08 06:42:57', 0),
(13, 17, 'add-module', '2023-10-25 14:08:04', '2023-10-25 14:08:04', 0),
(14, 17, 'add-module', '2023-10-30 06:25:15', '2023-10-30 06:25:15', 1),
(15, 17, 'Home', '2023-10-30 06:25:15', '2023-10-30 06:25:15', 1);

-- --------------------------------------------------------

--
-- Table structure for table `user_web_pages`
--

CREATE TABLE `user_web_pages` (
  `id` int(11) NOT NULL,
  `user_id` int(11) NOT NULL,
  `page_id` int(11) NOT NULL,
  `created` datetime NOT NULL,
  `modified` datetime NOT NULL,
  `status` tinyint(1) DEFAULT 1
) ENGINE=InnoDB DEFAULT CHARSET=latin1;

--
-- Dumping data for table `user_web_pages`
--

INSERT INTO `user_web_pages` (`id`, `user_id`, `page_id`, `created`, `modified`, `status`) VALUES
(1, 1, 1, '2023-11-03 08:27:16', '2023-11-03 08:27:16', 1),
(2, 1, 2, '2023-11-03 08:27:16', '2023-11-03 08:27:16', 1),
(3, 1, 6, '2023-11-03 08:27:16', '2023-11-03 08:27:16', 1),
(4, 1, 10, '2023-11-03 08:27:16', '2023-11-03 08:27:16', 1),
(5, 1, 30, '2023-11-03 08:27:16', '2023-11-03 08:27:16', 1),
(6, 1, 34, '2023-11-03 08:27:16', '2023-11-03 08:27:16', 1),
(7, 1, 36, '2023-11-03 08:27:16', '2023-11-03 08:27:16', 1),
(8, 1, 40, '2023-11-03 08:27:16', '2023-11-03 08:27:16', 1),
(9, 1, 42, '2023-11-03 08:27:16', '2023-11-03 08:27:16', 1),
(10, 1, 46, '2023-11-03 08:27:16', '2023-11-03 08:27:16', 1),
(11, 1, 48, '2023-11-03 08:27:16', '2023-11-03 08:27:16', 1),
(12, 1, 52, '2023-11-03 08:27:16', '2023-11-03 08:27:16', 1),
(13, 1, 54, '2023-11-03 08:27:16', '2023-11-03 08:27:16', 1),
(14, 1, 58, '2023-11-03 08:27:16', '2023-11-03 08:27:16', 1),
(15, 1, 60, '2023-11-03 08:27:16', '2023-11-03 08:27:16', 1),
(16, 1, 64, '2023-11-03 08:27:16', '2023-11-03 08:27:16', 1),
(17, 1, 66, '2023-11-03 08:27:16', '2023-11-03 08:27:16', 1),
(18, 1, 70, '2023-11-03 08:27:16', '2023-11-03 08:27:16', 1),
(19, 2, 1, '2023-11-03 08:31:01', '2023-11-03 08:31:01', 1),
(20, 2, 2, '2023-11-03 08:31:01', '2023-11-03 08:31:01', 1),
(21, 2, 6, '2023-11-03 08:31:01', '2023-11-03 08:31:01', 1),
(22, 2, 30, '2023-11-03 08:31:01', '2023-11-03 08:31:01', 1),
(23, 2, 40, '2023-11-03 08:31:01', '2023-11-03 08:31:01', 1),
(24, 2, 42, '2023-11-03 08:31:01', '2023-11-03 08:31:01', 1),
(25, 2, 52, '2023-11-03 08:31:01', '2023-11-03 08:31:01', 1),
(26, 2, 60, '2023-11-03 08:31:01', '2023-11-03 08:31:01', 1),
(27, 2, 66, '2023-11-03 08:31:01', '2023-11-03 08:31:01', 1);

-- --------------------------------------------------------

--
-- Table structure for table `vehicles`
--

CREATE TABLE `vehicles` (
  `id` bigint(20) UNSIGNED NOT NULL,
  `lorry_type` enum('I','L','B') COLLATE utf8mb4_unicode_ci NOT NULL DEFAULT 'I',
  `lorry_owner` enum('C','H') COLLATE utf8mb4_unicode_ci NOT NULL DEFAULT 'H',
  `vehicle_type` varchar(55) COLLATE utf8mb4_unicode_ci DEFAULT NULL,
  `body_type` varchar(55) COLLATE utf8mb4_unicode_ci NOT NULL DEFAULT 'Open',
  `lorry_number` varchar(55) COLLATE utf8mb4_unicode_ci DEFAULT NULL,
  `brand_id` int(11) NOT NULL DEFAULT 0,
  `gvw` int(11) NOT NULL DEFAULT 0,
  `chasis_weight` int(11) NOT NULL DEFAULT 0,
  `lorryowner_id` int(11) NOT NULL DEFAULT 0,
  `owner_name` varchar(55) COLLATE utf8mb4_unicode_ci NOT NULL DEFAULT '0',
  `owner_address` varchar(255) COLLATE utf8mb4_unicode_ci NOT NULL DEFAULT '0',
  `owner_phone` varchar(55) COLLATE utf8mb4_unicode_ci NOT NULL DEFAULT '0',
  `pan_number` varchar(55) COLLATE utf8mb4_unicode_ci NOT NULL DEFAULT '0',
  `engine_no` varchar(55) COLLATE utf8mb4_unicode_ci NOT NULL DEFAULT '0',
  `chassis_no` varchar(55) COLLATE utf8mb4_unicode_ci NOT NULL DEFAULT '0',
  `modeltype` varchar(55) COLLATE utf8mb4_unicode_ci NOT NULL DEFAULT '0',
  `tds_declare` varchar(55) COLLATE utf8mb4_unicode_ci NOT NULL DEFAULT '0',
  `npno` varchar(255) COLLATE utf8mb4_unicode_ci NOT NULL DEFAULT '0',
  `policy_no` varchar(255) COLLATE utf8mb4_unicode_ci NOT NULL DEFAULT '1',
  `policy_date` date NOT NULL,
  `valid_date` date NOT NULL,
  `colour` varchar(255) COLLATE utf8mb4_unicode_ci NOT NULL DEFAULT '0',
  `created_by` int(11) NOT NULL DEFAULT 0,
  `modified_by` int(11) NOT NULL DEFAULT 0,
  `created` datetime DEFAULT NULL,
  `modified` datetime DEFAULT NULL,
  `status` tinyint(4) NOT NULL DEFAULT 1
) ENGINE=MyISAM DEFAULT CHARSET=utf8mb4 COLLATE=utf8mb4_unicode_ci;

-- --------------------------------------------------------

--
-- Table structure for table `vendors`
--

CREATE TABLE `vendors` (
  `id` int(11) NOT NULL,
  `individual_id` int(11) NOT NULL DEFAULT 0,
  `vendor_from` varchar(255) NOT NULL,
  `vendor_to` varchar(255) NOT NULL,
  `created_by` int(11) NOT NULL,
  `modified_by` int(11) NOT NULL,
  `created` datetime NOT NULL,
  `modified` datetime NOT NULL,
  `status` tinyint(4) NOT NULL DEFAULT 1
) ENGINE=InnoDB DEFAULT CHARSET=latin1;

--
-- Dumping data for table `vendors`
--

INSERT INTO `vendors` (`id`, `individual_id`, `vendor_from`, `vendor_to`, `created_by`, `modified_by`, `created`, `modified`, `status`) VALUES
(1, 5, 'surat', 'kolkata', 1, 1, '2023-08-17 08:06:23', '2023-08-17 08:06:23', 1),
(2, 5, 'surat', 'mumbai5', 1, 1, '2023-08-17 11:14:22', '2023-08-17 11:14:22', 0),
(3, 6, 'surat6', 'mumbai6', 1, 1, '2023-08-25 09:53:08', '2023-08-25 09:53:08', 1);

-- --------------------------------------------------------

--
-- Table structure for table `warehouses`
--

CREATE TABLE `warehouses` (
  `id` bigint(20) UNSIGNED NOT NULL,
  `warehouse_name` varchar(255) COLLATE utf8mb4_unicode_ci NOT NULL,
  `location` varchar(191) COLLATE utf8mb4_unicode_ci NOT NULL,
  `capacity` varchar(191) COLLATE utf8mb4_unicode_ci NOT NULL,
  `supervisor_name` varchar(255) COLLATE utf8mb4_unicode_ci NOT NULL,
  `contact_number` varchar(191) COLLATE utf8mb4_unicode_ci NOT NULL,
  `process_type_id` tinyint(1) NOT NULL,
  `created` datetime DEFAULT NULL,
  `modified` datetime DEFAULT NULL,
  `status` tinyint(4) NOT NULL DEFAULT 1
) ENGINE=MyISAM DEFAULT CHARSET=utf8mb4 COLLATE=utf8mb4_unicode_ci;

--
-- Dumping data for table `warehouses`
--

INSERT INTO `warehouses` (`id`, `warehouse_name`, `location`, `capacity`, `supervisor_name`, `contact_number`, `process_type_id`, `created`, `modified`, `status`) VALUES
(2, 'Beam Warehouse', 'Surat', '1000', '4', '9874563210', 1, '2023-11-07 14:31:17', '2023-11-07 14:31:17', 1),
(3, 'Greige Warehouse', 'Surat', '1000', '2', '9804994398', 2, '2023-11-07 14:31:31', '2023-11-07 14:31:31', 1),
(4, 'Dyed Warehouse', 'Surat', '1000', '4', '9804994398', 3, '2023-11-07 14:31:39', '2023-11-07 14:31:39', 1),
(1, 'Yarn Warehouse', 'Surat', '1000', '4', '9874563210', 0, '2023-11-07 14:31:47', '2023-11-07 14:31:47', 1),
(5, 'Coated Warehouse', 'Surat', '1000', '4', '9804994398', 4, '2023-11-07 14:31:39', '2023-11-07 14:31:39', 1),
(6, 'Colour Warehouse', 'Surat', '500', '4', '9804994398', 0, '2023-12-12 06:49:18', '2023-12-12 06:49:18', 1),
(7, 'Chemical Warehouse', 'Surat', '500', '4', '9804994398', 0, '2023-12-12 06:49:18', '2023-12-12 06:49:18', 1);

-- --------------------------------------------------------

--
-- Table structure for table `warehouse_balance_items`
--

CREATE TABLE `warehouse_balance_items` (
  `id` int(11) NOT NULL,
  `ware_in_item_id` int(11) DEFAULT NULL,
  `ware_out_item_id` int(11) DEFAULT NULL,
  `warehouse_id` int(11) DEFAULT NULL,
  `ware_comp_id` int(11) DEFAULT NULL,
  `receiver_id` int(11) DEFAULT NULL,
  `receive_date` date DEFAULT NULL,
  `item_id` int(11) DEFAULT NULL,
  `item_type_id` int(11) DEFAULT NULL,
  `unit_type_id` int(11) DEFAULT NULL,
  `master_id` int(11) DEFAULT NULL,
  `machine_id` int(11) DEFAULT NULL,
  `op_item_qty` float(10,2) DEFAULT NULL,
  `in_item_qty` int(11) DEFAULT NULL,
  `out_item_qty` int(11) DEFAULT NULL,
  `item_qty` int(11) DEFAULT NULL,
  `item_remark` text DEFAULT NULL,
  `grey_quality` varchar(5552) DEFAULT NULL,
  `dyeing_color` varchar(555) DEFAULT NULL,
  `coated_pvc` varchar(555) DEFAULT NULL,
  `print_job` varchar(555) DEFAULT NULL,
  `extra_job` text DEFAULT NULL,
  `balance_status` tinyint(1) DEFAULT 1,
  `created` date DEFAULT NULL,
  `status` tinyint(1) NOT NULL DEFAULT 1
) ENGINE=InnoDB DEFAULT CHARSET=utf8mb4;

--
-- Dumping data for table `warehouse_balance_items`
--

INSERT INTO `warehouse_balance_items` (`id`, `ware_in_item_id`, `ware_out_item_id`, `warehouse_id`, `ware_comp_id`, `receiver_id`, `receive_date`, `item_id`, `item_type_id`, `unit_type_id`, `master_id`, `machine_id`, `op_item_qty`, `in_item_qty`, `out_item_qty`, `item_qty`, `item_remark`, `grey_quality`, `dyeing_color`, `coated_pvc`, `print_job`, `extra_job`, `balance_status`, `created`, `status`) VALUES
(1, 1, 0, 1, 1, 18, '2023-12-18', 24, 1, 4, NULL, NULL, 0.00, 10, 0, 10, NULL, NULL, NULL, NULL, NULL, NULL, 0, '2023-12-18', 1),
(2, 2, 0, 1, 1, 18, '2023-12-18', 23, 1, 4, NULL, NULL, 0.00, 10, 0, 10, NULL, NULL, NULL, NULL, NULL, NULL, 0, '2023-12-18', 1),
(3, 3, 0, 1, 1, 18, '2023-12-18', 40, 7, 4, NULL, NULL, 0.00, 10, 0, 10, NULL, NULL, NULL, NULL, NULL, NULL, 1, '2023-12-18', 1),
(4, 4, 0, 1, 1, 18, '2023-12-18', 41, 7, 4, NULL, NULL, 0.00, 10, 0, 10, NULL, NULL, NULL, NULL, NULL, NULL, 1, '2023-12-18', 1),
(5, 0, 1, 1, 1, NULL, NULL, 24, 1, 4, NULL, NULL, 10.00, 0, 1, 9, NULL, NULL, NULL, NULL, NULL, NULL, 1, '2023-12-18', 1),
(6, 5, 0, 2, NULL, 18, '2023-12-18', 27, 2, 4, 10, 1, 0.00, 100, 0, 100, NULL, NULL, NULL, NULL, NULL, NULL, 0, '2023-12-18', 1),
(7, 0, 2, 2, NULL, NULL, NULL, 27, 2, 4, NULL, NULL, 100.00, 0, 100, 0, NULL, NULL, NULL, NULL, NULL, NULL, 1, '2023-12-18', 1),
(8, 0, 3, 1, 1, NULL, NULL, 23, 1, 4, NULL, NULL, 10.00, 0, 1, 9, NULL, NULL, NULL, NULL, NULL, NULL, 1, '2023-12-18', 1);

-- --------------------------------------------------------

--
-- Table structure for table `warehouse_in_items`
--

CREATE TABLE `warehouse_in_items` (
  `id` int(11) NOT NULL,
  `entry_type` varchar(60) NOT NULL,
  `insp_id` int(11) DEFAULT NULL,
  `process_type_id` int(11) DEFAULT NULL,
  `purchase_id` int(11) DEFAULT NULL,
  `warehouse_id` int(11) DEFAULT NULL,
  `ware_comp_id` int(11) DEFAULT NULL,
  `receiver_id` int(11) DEFAULT NULL,
  `ind_emp_id` int(11) DEFAULT NULL,
  `emp_name` varchar(255) DEFAULT NULL,
  `receive_date` date DEFAULT NULL,
  `invoice_number` varchar(11) DEFAULT NULL,
  `pur_item_id` int(11) DEFAULT NULL,
  `item_id` int(11) DEFAULT NULL,
  `item_type_id` int(11) DEFAULT NULL,
  `unit_type_id` int(11) DEFAULT NULL,
  `pur_item_name` varchar(255) DEFAULT NULL,
  `item_qty` decimal(10,2) DEFAULT NULL,
  `allotted_qty` int(11) NOT NULL DEFAULT 0,
  `unit` varchar(11) DEFAULT NULL,
  `pcs` float(10,2) DEFAULT NULL,
  `cut` float(10,2) DEFAULT NULL,
  `meter` float(10,2) DEFAULT NULL,
  `individual_id` int(11) DEFAULT NULL,
  `purchase_date` date DEFAULT NULL,
  `work_order_id` int(11) DEFAULT NULL,
  `master_id` int(11) DEFAULT NULL,
  `machine_id` int(11) DEFAULT NULL,
  `item_remark` varchar(555) DEFAULT NULL,
  `grey_quality` varchar(555) DEFAULT NULL,
  `dyeing_color` varchar(555) DEFAULT NULL,
  `coated_pvc` varchar(555) DEFAULT NULL,
  `print_job` varchar(555) DEFAULT NULL,
  `extra_job` text DEFAULT NULL,
  `report_document` varchar(255) DEFAULT NULL,
  `created` date NOT NULL,
  `modified` datetime NOT NULL DEFAULT current_timestamp(),
  `status` tinyint(1) NOT NULL DEFAULT 1
) ENGINE=InnoDB DEFAULT CHARSET=utf8mb4;

--
-- Dumping data for table `warehouse_in_items`
--

INSERT INTO `warehouse_in_items` (`id`, `entry_type`, `insp_id`, `process_type_id`, `purchase_id`, `warehouse_id`, `ware_comp_id`, `receiver_id`, `ind_emp_id`, `emp_name`, `receive_date`, `invoice_number`, `pur_item_id`, `item_id`, `item_type_id`, `unit_type_id`, `pur_item_name`, `item_qty`, `allotted_qty`, `unit`, `pcs`, `cut`, `meter`, `individual_id`, `purchase_date`, `work_order_id`, `master_id`, `machine_id`, `item_remark`, `grey_quality`, `dyeing_color`, `coated_pvc`, `print_job`, `extra_job`, `report_document`, `created`, `modified`, `status`) VALUES
(1, 'IN', NULL, NULL, NULL, 1, 1, 18, 7, 'Sanjay Employee', '2023-12-18', '1001', NULL, 24, 1, 4, '150/108/1 LIM RECYLE SD WHITE', '9.00', 1, NULL, NULL, NULL, NULL, 6, NULL, NULL, NULL, NULL, 'test', NULL, NULL, NULL, NULL, NULL, NULL, '2023-12-18', '2023-12-18 17:42:29', 1),
(2, 'IN', NULL, NULL, NULL, 1, 1, 18, 7, 'Sanjay Employee', '2023-12-18', '1001', NULL, 23, 1, 4, '150/108/1 HIM RECYLE SD WHITE', '9.00', 1, NULL, NULL, NULL, NULL, 6, NULL, NULL, NULL, NULL, '10', NULL, NULL, NULL, NULL, NULL, NULL, '2023-12-18', '2023-12-18 17:42:30', 1),
(3, 'IN', NULL, NULL, NULL, 1, 1, 18, 7, 'Sanjay Employee', '2023-12-18', '1001', NULL, 40, 7, 4, 'Levoco Efbol Count', '10.00', 0, NULL, NULL, NULL, NULL, 6, NULL, NULL, NULL, NULL, 'test', NULL, NULL, NULL, NULL, NULL, NULL, '2023-12-18', '2023-12-18 17:42:30', 1),
(4, 'IN', NULL, NULL, NULL, 1, 1, 18, 7, 'Sanjay Employee', '2023-12-18', '1001', NULL, 41, 7, 4, 'Levocol Csq Count', '10.00', 0, NULL, NULL, NULL, NULL, 6, NULL, NULL, NULL, NULL, 'test', NULL, NULL, NULL, NULL, NULL, NULL, '2023-12-18', '2023-12-18 17:42:30', 1),
(5, 'IN', NULL, 2, NULL, 2, NULL, 18, NULL, NULL, '2023-12-18', NULL, NULL, 27, 2, 4, 'Gene Twill', '0.00', 100, NULL, NULL, NULL, NULL, NULL, NULL, NULL, 10, 1, NULL, NULL, NULL, NULL, NULL, NULL, NULL, '2023-12-18', '2023-12-18 17:48:56', 1);

-- --------------------------------------------------------

--
-- Table structure for table `warehouse_item_stocks`
--

CREATE TABLE `warehouse_item_stocks` (
  `wis_id` int(11) NOT NULL,
  `warehouse_item_id` int(11) DEFAULT NULL,
  `work_order_id` int(11) DEFAULT NULL,
  `gate_pass_id` int(11) DEFAULT NULL,
  `work_pro_req_id` int(11) DEFAULT NULL,
  `quantity` int(11) DEFAULT NULL,
  `insp_quan_size` decimal(10,2) DEFAULT NULL,
  `insp_allot_quan_size` decimal(10,2) DEFAULT NULL,
  `insp_bal_quan_size` decimal(10,2) DEFAULT NULL,
  `quan_size_unit` varchar(22) DEFAULT NULL,
  `entry_type` enum('IN','OUT') DEFAULT 'IN',
  `receive_date` date DEFAULT NULL,
  `invoice_number` int(11) DEFAULT NULL,
  `purchase_date` date DEFAULT NULL,
  `item_type_id` int(11) DEFAULT NULL,
  `unit_type_id` int(11) DEFAULT NULL,
  `item_id` int(11) DEFAULT NULL,
  `is_allotted_stock` enum('Yes','No') DEFAULT 'No',
  `stock_alloted_by` int(11) DEFAULT 0,
  `alloted_remark` text DEFAULT NULL,
  `packet_number` varchar(22) DEFAULT NULL,
  `item_remark` varchar(555) DEFAULT NULL,
  `grey_quality` varchar(555) DEFAULT NULL,
  `dyeing_color` varchar(555) DEFAULT NULL,
  `coated_pvc` varchar(555) DEFAULT NULL,
  `extra_job` tinytext DEFAULT NULL,
  `print_job` varchar(555) DEFAULT NULL,
  `inspected_by` int(11) DEFAULT NULL,
  `insp_comment` tinytext DEFAULT NULL,
  `created` datetime DEFAULT current_timestamp(),
  `modified` date DEFAULT NULL,
  `status` tinyint(1) NOT NULL DEFAULT 1
) ENGINE=InnoDB DEFAULT CHARSET=utf8mb4;

--
-- Dumping data for table `warehouse_item_stocks`
--

INSERT INTO `warehouse_item_stocks` (`wis_id`, `warehouse_item_id`, `work_order_id`, `gate_pass_id`, `work_pro_req_id`, `quantity`, `insp_quan_size`, `insp_allot_quan_size`, `insp_bal_quan_size`, `quan_size_unit`, `entry_type`, `receive_date`, `invoice_number`, `purchase_date`, `item_type_id`, `unit_type_id`, `item_id`, `is_allotted_stock`, `stock_alloted_by`, `alloted_remark`, `packet_number`, `item_remark`, `grey_quality`, `dyeing_color`, `coated_pvc`, `extra_job`, `print_job`, `inspected_by`, `insp_comment`, `created`, `modified`, `status`) VALUES
(1, 1, 1, NULL, 1, 1, '0.00', '1.00', '-1.00', NULL, 'IN', '2023-12-18', 1001, NULL, 1, 4, 24, 'No', 18, 'ok it\'s test for next process.', 'ya1/1', NULL, NULL, NULL, NULL, NULL, NULL, NULL, NULL, '2023-12-18 12:12:30', '2023-12-18', 1),
(2, 1, NULL, NULL, NULL, 1, '0.00', NULL, NULL, NULL, 'IN', '2023-12-18', 1001, NULL, 1, 4, 24, 'No', 0, NULL, 'ya1/2', NULL, NULL, NULL, NULL, NULL, NULL, NULL, NULL, '2023-12-18 12:12:30', '2023-12-18', 1),
(3, 1, NULL, NULL, NULL, 1, '0.00', NULL, NULL, NULL, 'IN', '2023-12-18', 1001, NULL, 1, 4, 24, 'No', 0, NULL, 'ya1/3', NULL, NULL, NULL, NULL, NULL, NULL, NULL, NULL, '2023-12-18 12:12:30', '2023-12-18', 1),
(4, 1, NULL, NULL, NULL, 1, '0.00', NULL, NULL, NULL, 'IN', '2023-12-18', 1001, NULL, 1, 4, 24, 'No', 0, NULL, 'ya1/4', NULL, NULL, NULL, NULL, NULL, NULL, NULL, NULL, '2023-12-18 12:12:30', '2023-12-18', 1),
(5, 1, NULL, NULL, NULL, 1, '0.00', NULL, NULL, NULL, 'IN', '2023-12-18', 1001, NULL, 1, 4, 24, 'No', 0, NULL, 'ya1/5', NULL, NULL, NULL, NULL, NULL, NULL, NULL, NULL, '2023-12-18 12:12:30', '2023-12-18', 1),
(6, 1, NULL, NULL, NULL, 1, '0.00', NULL, NULL, NULL, 'IN', '2023-12-18', 1001, NULL, 1, 4, 24, 'No', 0, NULL, 'ya1/6', NULL, NULL, NULL, NULL, NULL, NULL, NULL, NULL, '2023-12-18 12:12:30', '2023-12-18', 1),
(7, 1, NULL, NULL, NULL, 1, '0.00', NULL, NULL, NULL, 'IN', '2023-12-18', 1001, NULL, 1, 4, 24, 'No', 0, NULL, 'ya1/7', NULL, NULL, NULL, NULL, NULL, NULL, NULL, NULL, '2023-12-18 12:12:30', '2023-12-18', 1),
(8, 1, NULL, NULL, NULL, 1, '0.00', NULL, NULL, NULL, 'IN', '2023-12-18', 1001, NULL, 1, 4, 24, 'No', 0, NULL, 'ya1/8', NULL, NULL, NULL, NULL, NULL, NULL, NULL, NULL, '2023-12-18 12:12:30', '2023-12-18', 1),
(9, 1, NULL, NULL, NULL, 1, '0.00', NULL, NULL, NULL, 'IN', '2023-12-18', 1001, NULL, 1, 4, 24, 'No', 0, NULL, 'ya1/9', NULL, NULL, NULL, NULL, NULL, NULL, NULL, NULL, '2023-12-18 12:12:30', '2023-12-18', 1),
(10, 1, NULL, NULL, NULL, 1, '0.00', NULL, NULL, NULL, 'IN', '2023-12-18', 1001, NULL, 1, 4, 24, 'No', 0, NULL, 'ya1/10', NULL, NULL, NULL, NULL, NULL, NULL, NULL, NULL, '2023-12-18 12:12:30', '2023-12-18', 1),
(11, 2, 2, NULL, 3, 1, '0.00', '1.00', '-1.00', NULL, 'IN', '2023-12-18', 1001, NULL, 1, 4, 23, 'No', 18, 'yhg', 'ya2/1', NULL, NULL, NULL, NULL, NULL, NULL, NULL, NULL, '2023-12-18 12:12:30', '2023-12-18', 1),
(12, 2, NULL, NULL, NULL, 1, '0.00', NULL, NULL, NULL, 'IN', '2023-12-18', 1001, NULL, 1, 4, 23, 'No', 0, NULL, 'ya2/2', NULL, NULL, NULL, NULL, NULL, NULL, NULL, NULL, '2023-12-18 12:12:30', '2023-12-18', 1),
(13, 2, NULL, NULL, NULL, 1, '0.00', NULL, NULL, NULL, 'IN', '2023-12-18', 1001, NULL, 1, 4, 23, 'No', 0, NULL, 'ya2/3', NULL, NULL, NULL, NULL, NULL, NULL, NULL, NULL, '2023-12-18 12:12:30', '2023-12-18', 1),
(14, 2, NULL, NULL, NULL, 1, '0.00', NULL, NULL, NULL, 'IN', '2023-12-18', 1001, NULL, 1, 4, 23, 'No', 0, NULL, 'ya2/4', NULL, NULL, NULL, NULL, NULL, NULL, NULL, NULL, '2023-12-18 12:12:30', '2023-12-18', 1),
(15, 2, NULL, NULL, NULL, 1, '0.00', NULL, NULL, NULL, 'IN', '2023-12-18', 1001, NULL, 1, 4, 23, 'No', 0, NULL, 'ya2/5', NULL, NULL, NULL, NULL, NULL, NULL, NULL, NULL, '2023-12-18 12:12:30', '2023-12-18', 1),
(16, 2, NULL, NULL, NULL, 1, '0.00', NULL, NULL, NULL, 'IN', '2023-12-18', 1001, NULL, 1, 4, 23, 'No', 0, NULL, 'ya2/6', NULL, NULL, NULL, NULL, NULL, NULL, NULL, NULL, '2023-12-18 12:12:30', '2023-12-18', 1),
(17, 2, NULL, NULL, NULL, 1, '0.00', NULL, NULL, NULL, 'IN', '2023-12-18', 1001, NULL, 1, 4, 23, 'No', 0, NULL, 'ya2/7', NULL, NULL, NULL, NULL, NULL, NULL, NULL, NULL, '2023-12-18 12:12:30', '2023-12-18', 1),
(18, 2, NULL, NULL, NULL, 1, '0.00', NULL, NULL, NULL, 'IN', '2023-12-18', 1001, NULL, 1, 4, 23, 'No', 0, NULL, 'ya2/8', NULL, NULL, NULL, NULL, NULL, NULL, NULL, NULL, '2023-12-18 12:12:30', '2023-12-18', 1),
(19, 2, NULL, NULL, NULL, 1, '0.00', NULL, NULL, NULL, 'IN', '2023-12-18', 1001, NULL, 1, 4, 23, 'No', 0, NULL, 'ya2/9', NULL, NULL, NULL, NULL, NULL, NULL, NULL, NULL, '2023-12-18 12:12:30', '2023-12-18', 1),
(20, 2, NULL, NULL, NULL, 1, '0.00', NULL, NULL, NULL, 'IN', '2023-12-18', 1001, NULL, 1, 4, 23, 'No', 0, NULL, 'ya2/10', NULL, NULL, NULL, NULL, NULL, NULL, NULL, NULL, '2023-12-18 12:12:30', '2023-12-18', 1),
(21, 3, NULL, NULL, NULL, 1, '0.00', NULL, NULL, NULL, 'IN', '2023-12-18', 1001, NULL, 7, 4, 40, 'No', 0, NULL, 'ch3/1', NULL, NULL, NULL, NULL, NULL, NULL, NULL, NULL, '2023-12-18 12:12:30', '2023-12-18', 1),
(22, 3, NULL, NULL, NULL, 1, '0.00', NULL, NULL, NULL, 'IN', '2023-12-18', 1001, NULL, 7, 4, 40, 'No', 0, NULL, 'ch3/2', NULL, NULL, NULL, NULL, NULL, NULL, NULL, NULL, '2023-12-18 12:12:30', '2023-12-18', 1),
(23, 3, NULL, NULL, NULL, 1, '0.00', NULL, NULL, NULL, 'IN', '2023-12-18', 1001, NULL, 7, 4, 40, 'No', 0, NULL, 'ch3/3', NULL, NULL, NULL, NULL, NULL, NULL, NULL, NULL, '2023-12-18 12:12:30', '2023-12-18', 1),
(24, 3, NULL, NULL, NULL, 1, '0.00', NULL, NULL, NULL, 'IN', '2023-12-18', 1001, NULL, 7, 4, 40, 'No', 0, NULL, 'ch3/4', NULL, NULL, NULL, NULL, NULL, NULL, NULL, NULL, '2023-12-18 12:12:30', '2023-12-18', 1),
(25, 3, NULL, NULL, NULL, 1, '0.00', NULL, NULL, NULL, 'IN', '2023-12-18', 1001, NULL, 7, 4, 40, 'No', 0, NULL, 'ch3/5', NULL, NULL, NULL, NULL, NULL, NULL, NULL, NULL, '2023-12-18 12:12:30', '2023-12-18', 1),
(26, 3, NULL, NULL, NULL, 1, '0.00', NULL, NULL, NULL, 'IN', '2023-12-18', 1001, NULL, 7, 4, 40, 'No', 0, NULL, 'ch3/6', NULL, NULL, NULL, NULL, NULL, NULL, NULL, NULL, '2023-12-18 12:12:30', '2023-12-18', 1),
(27, 3, NULL, NULL, NULL, 1, '0.00', NULL, NULL, NULL, 'IN', '2023-12-18', 1001, NULL, 7, 4, 40, 'No', 0, NULL, 'ch3/7', NULL, NULL, NULL, NULL, NULL, NULL, NULL, NULL, '2023-12-18 12:12:30', '2023-12-18', 1),
(28, 3, NULL, NULL, NULL, 1, '0.00', NULL, NULL, NULL, 'IN', '2023-12-18', 1001, NULL, 7, 4, 40, 'No', 0, NULL, 'ch3/8', NULL, NULL, NULL, NULL, NULL, NULL, NULL, NULL, '2023-12-18 12:12:30', '2023-12-18', 1),
(29, 3, NULL, NULL, NULL, 1, '0.00', NULL, NULL, NULL, 'IN', '2023-12-18', 1001, NULL, 7, 4, 40, 'No', 0, NULL, 'ch3/9', NULL, NULL, NULL, NULL, NULL, NULL, NULL, NULL, '2023-12-18 12:12:30', '2023-12-18', 1),
(30, 3, NULL, NULL, NULL, 1, '0.00', NULL, NULL, NULL, 'IN', '2023-12-18', 1001, NULL, 7, 4, 40, 'No', 0, NULL, 'ch3/10', NULL, NULL, NULL, NULL, NULL, NULL, NULL, NULL, '2023-12-18 12:12:30', '2023-12-18', 1),
(31, 4, NULL, NULL, NULL, 1, '0.00', NULL, NULL, NULL, 'IN', '2023-12-18', 1001, NULL, 7, 4, 41, 'No', 0, NULL, 'ch4/1', NULL, NULL, NULL, NULL, NULL, NULL, NULL, NULL, '2023-12-18 12:12:30', '2023-12-18', 1),
(32, 4, NULL, NULL, NULL, 1, '0.00', NULL, NULL, NULL, 'IN', '2023-12-18', 1001, NULL, 7, 4, 41, 'No', 0, NULL, 'ch4/2', NULL, NULL, NULL, NULL, NULL, NULL, NULL, NULL, '2023-12-18 12:12:30', '2023-12-18', 1),
(33, 4, NULL, NULL, NULL, 1, '0.00', NULL, NULL, NULL, 'IN', '2023-12-18', 1001, NULL, 7, 4, 41, 'No', 0, NULL, 'ch4/3', NULL, NULL, NULL, NULL, NULL, NULL, NULL, NULL, '2023-12-18 12:12:30', '2023-12-18', 1),
(34, 4, NULL, NULL, NULL, 1, '0.00', NULL, NULL, NULL, 'IN', '2023-12-18', 1001, NULL, 7, 4, 41, 'No', 0, NULL, 'ch4/4', NULL, NULL, NULL, NULL, NULL, NULL, NULL, NULL, '2023-12-18 12:12:30', '2023-12-18', 1),
(35, 4, NULL, NULL, NULL, 1, '0.00', NULL, NULL, NULL, 'IN', '2023-12-18', 1001, NULL, 7, 4, 41, 'No', 0, NULL, 'ch4/5', NULL, NULL, NULL, NULL, NULL, NULL, NULL, NULL, '2023-12-18 12:12:30', '2023-12-18', 1),
(36, 4, NULL, NULL, NULL, 1, '0.00', NULL, NULL, NULL, 'IN', '2023-12-18', 1001, NULL, 7, 4, 41, 'No', 0, NULL, 'ch4/6', NULL, NULL, NULL, NULL, NULL, NULL, NULL, NULL, '2023-12-18 12:12:30', '2023-12-18', 1),
(37, 4, NULL, NULL, NULL, 1, '0.00', NULL, NULL, NULL, 'IN', '2023-12-18', 1001, NULL, 7, 4, 41, 'No', 0, NULL, 'ch4/7', NULL, NULL, NULL, NULL, NULL, NULL, NULL, NULL, '2023-12-18 12:12:30', '2023-12-18', 1),
(38, 4, NULL, NULL, NULL, 1, '0.00', NULL, NULL, NULL, 'IN', '2023-12-18', 1001, NULL, 7, 4, 41, 'No', 0, NULL, 'ch4/8', NULL, NULL, NULL, NULL, NULL, NULL, NULL, NULL, '2023-12-18 12:12:30', '2023-12-18', 1),
(39, 4, NULL, NULL, NULL, 1, '0.00', NULL, NULL, NULL, 'IN', '2023-12-18', 1001, NULL, 7, 4, 41, 'No', 0, NULL, 'ch4/9', NULL, NULL, NULL, NULL, NULL, NULL, NULL, NULL, '2023-12-18 12:12:30', '2023-12-18', 1),
(40, 4, NULL, NULL, NULL, 1, '0.00', NULL, NULL, NULL, 'IN', '2023-12-18', 1001, NULL, 7, 4, 41, 'No', 0, NULL, 'ch4/10', NULL, NULL, NULL, NULL, NULL, NULL, NULL, NULL, '2023-12-18 12:12:30', '2023-12-18', 1),
(41, 5, 2, NULL, 2, 1, '100.00', '100.00', '0.00', 'Kg', 'IN', '2023-12-18', NULL, NULL, 2, NULL, 27, 'Yes', 18, 'yhg', NULL, NULL, NULL, NULL, NULL, NULL, NULL, 18, 'test', '2023-12-18 12:18:56', '2023-12-18', 1);

-- --------------------------------------------------------

--
-- Table structure for table `warehouse_out_items`
--

CREATE TABLE `warehouse_out_items` (
  `id` int(11) NOT NULL,
  `process_type_id` int(11) DEFAULT NULL,
  `warehouse_id` int(11) DEFAULT NULL,
  `ware_comp_id` int(11) DEFAULT NULL,
  `item_id` int(11) DEFAULT NULL,
  `item_type_id` int(11) DEFAULT NULL,
  `unit_type_id` int(11) DEFAULT NULL,
  `item_qty` decimal(10,2) DEFAULT NULL,
  `pcs` float(10,2) DEFAULT 0.00,
  `cut` float(10,2) DEFAULT NULL,
  `meter` float(10,2) DEFAULT 0.00,
  `individual_id` int(11) DEFAULT NULL,
  `work_order_id` int(11) DEFAULT NULL,
  `item_remark` varchar(555) DEFAULT NULL,
  `grey_quality` varchar(555) DEFAULT NULL,
  `dyeing_color` varchar(555) DEFAULT NULL,
  `coated_pvc` varchar(555) DEFAULT NULL,
  `print_job` varchar(555) DEFAULT NULL,
  `extra_job` text DEFAULT NULL,
  `created` date NOT NULL,
  `status` tinyint(1) NOT NULL DEFAULT 1
) ENGINE=InnoDB DEFAULT CHARSET=utf8mb4;

--
-- Dumping data for table `warehouse_out_items`
--

INSERT INTO `warehouse_out_items` (`id`, `process_type_id`, `warehouse_id`, `ware_comp_id`, `item_id`, `item_type_id`, `unit_type_id`, `item_qty`, `pcs`, `cut`, `meter`, `individual_id`, `work_order_id`, `item_remark`, `grey_quality`, `dyeing_color`, `coated_pvc`, `print_job`, `extra_job`, `created`, `status`) VALUES
(1, 0, 1, 1, 24, 1, 4, '1.00', 0.00, NULL, 0.00, 18, 1, 'ok it\'s test for next process.', NULL, NULL, NULL, NULL, NULL, '2023-12-18', 1),
(2, 2, 2, NULL, 27, 2, 4, '100.00', 0.00, NULL, 0.00, 18, 2, 'yhg', NULL, NULL, NULL, NULL, NULL, '2023-12-18', 1),
(3, 0, 1, 1, 23, 1, 4, '1.00', 0.00, NULL, 0.00, 18, 2, 'yhg', NULL, NULL, NULL, NULL, NULL, '2023-12-18', 1);

-- --------------------------------------------------------

--
-- Table structure for table `ware_house_compartments`
--

CREATE TABLE `ware_house_compartments` (
  `id` bigint(20) UNSIGNED NOT NULL,
  `warehousename` varchar(255) COLLATE utf8mb4_unicode_ci DEFAULT NULL,
  `warehouseid` int(11) NOT NULL,
  `ind_emp_id` int(11) NOT NULL,
  `created` datetime DEFAULT NULL,
  `modified` datetime DEFAULT NULL,
  `status` tinyint(4) NOT NULL DEFAULT 1
) ENGINE=InnoDB DEFAULT CHARSET=utf8mb4 COLLATE=utf8mb4_unicode_ci;

--
-- Dumping data for table `ware_house_compartments`
--

INSERT INTO `ware_house_compartments` (`id`, `warehousename`, `warehouseid`, `ind_emp_id`, `created`, `modified`, `status`) VALUES
(1, 'Yarn Warehouse Compartment 1', 1, 7, '2023-10-02 07:59:29', '2023-10-02 07:59:29', 1),
(2, 'Yarn Warehouse Compartment 2', 1, 7, '2023-10-09 13:57:49', '2023-10-09 13:57:49', 1),
(3, 'Beam Warehouse Compartment 1', 2, 7, '2023-10-02 07:55:00', '2023-10-02 07:55:00', 1),
(4, 'Beam Warehouse Compartment 2', 2, 7, '2023-10-02 07:55:16', '2023-10-02 07:55:16', 1),
(5, 'Greige Warehouse Compartment 1', 3, 14, '2023-10-02 07:55:44', '2023-10-02 07:55:44', 1),
(6, 'Greige Warehouse Compartment 2', 3, 14, '2023-10-02 07:56:01', '2023-10-02 07:56:01', 1),
(7, 'Dyed Warehouse Compartment 1', 4, 14, '2023-10-02 07:56:20', '2023-10-02 07:56:20', 1),
(8, 'Dyed Warehouse Compartment 2', 4, 14, '2023-10-02 07:56:41', '2023-10-02 07:56:41', 1),
(9, 'Color Warehouse Compartment', 6, 18, '2023-12-12 06:49:48', '2023-12-12 06:49:48', 1),
(10, 'Chemical Warehouse Compartment', 7, 18, '2023-12-12 06:49:48', '2023-12-12 06:49:48', 1),
(11, 'Coated Warehouse Compartment', 5, 18, '2023-12-12 06:49:48', '2023-12-12 06:49:48', 1);

-- --------------------------------------------------------

--
-- Table structure for table `work_inspections`
--

CREATE TABLE `work_inspections` (
  `id` int(11) NOT NULL,
  `work_order_id` int(11) DEFAULT NULL,
  `insp_quantity` int(11) DEFAULT NULL,
  `insp_quan_size` int(11) DEFAULT NULL,
  `insp_comment` varchar(555) DEFAULT NULL,
  `insp_work_status` varchar(22) DEFAULT NULL,
  `insp_work_status_process` varchar(22) DEFAULT NULL,
  `fabric_fault_reason_id` int(11) DEFAULT NULL,
  `insp_work_warehouse_id` int(11) DEFAULT NULL,
  `insp_status` varchar(555) DEFAULT NULL,
  `is_warehouse_accepted` enum('Yes','No') DEFAULT 'No',
  `warehouse_accepted_by` int(11) DEFAULT NULL,
  `warehouse_accept_date` date DEFAULT NULL,
  `is_item_received_in_warehouse` enum('Yes','No') NOT NULL DEFAULT 'No',
  `item_received_in_warehouse_date` date DEFAULT NULL,
  `dyeing_color` varchar(255) DEFAULT NULL,
  `coated_pvc` varchar(255) DEFAULT NULL,
  `extra_job` varchar(255) DEFAULT NULL,
  `print_job` varchar(255) DEFAULT NULL,
  `inspected_by` int(11) DEFAULT NULL,
  `created` date NOT NULL DEFAULT current_timestamp(),
  `status` tinyint(1) NOT NULL DEFAULT 1,
  `item_interred_in_warehouse_by` int(11) DEFAULT NULL,
  `item_received_in_warehouse_by` int(11) DEFAULT NULL
) ENGINE=InnoDB DEFAULT CHARSET=utf8mb4;

--
-- Dumping data for table `work_inspections`
--

INSERT INTO `work_inspections` (`id`, `work_order_id`, `insp_quantity`, `insp_quan_size`, `insp_comment`, `insp_work_status`, `insp_work_status_process`, `fabric_fault_reason_id`, `insp_work_warehouse_id`, `insp_status`, `is_warehouse_accepted`, `warehouse_accepted_by`, `warehouse_accept_date`, `is_item_received_in_warehouse`, `item_received_in_warehouse_date`, `dyeing_color`, `coated_pvc`, `extra_job`, `print_job`, `inspected_by`, `created`, `status`, `item_interred_in_warehouse_by`, `item_received_in_warehouse_by`) VALUES
(1, 1, 1, 100, 'test', 'Completed', 'Yes', NULL, 2, 'Complete', 'Yes', 18, '2023-12-18', 'No', NULL, NULL, NULL, NULL, NULL, 18, '2023-12-18', 1, NULL, NULL),
(2, 2, 1, 1000, 'test', 'Completed', 'No', NULL, 3, 'Pending', 'No', NULL, NULL, 'No', NULL, NULL, NULL, NULL, NULL, 18, '2023-12-18', 1, NULL, NULL);

-- --------------------------------------------------------

--
-- Table structure for table `work_orders`
--

CREATE TABLE `work_orders` (
  `work_order_id` bigint(11) NOT NULL,
  `child_work_order_id` int(11) DEFAULT NULL,
  `process_type` varchar(4) NOT NULL,
  `process_sl_no` int(11) DEFAULT NULL,
  `user_id` int(11) NOT NULL,
  `process_type_id` int(11) NOT NULL,
  `item_type_id` int(11) NOT NULL,
  `item_id` int(11) NOT NULL,
  `item_name` varchar(555) NOT NULL,
  `pcs` int(11) NOT NULL,
  `cut` int(11) NOT NULL,
  `meter` int(11) NOT NULL,
  `process_started_by` int(11) NOT NULL,
  `process_ended_by` int(11) NOT NULL,
  `process_inspected_by` int(11) NOT NULL,
  `process_started_date` date DEFAULT NULL,
  `process_ended_date` date DEFAULT NULL,
  `process_inspected_date` date DEFAULT NULL,
  `process_started_remarks` varchar(555) NOT NULL,
  `process_ended_remarks` varchar(555) NOT NULL,
  `master_ind_id` int(11) DEFAULT NULL,
  `machine_id` int(11) DEFAULT NULL,
  `output_quantity` int(11) DEFAULT NULL,
  `output_process` int(11) DEFAULT NULL,
  `end_process_emp_id` int(11) DEFAULT NULL,
  `insp_status` enum('Complete','Pending') NOT NULL DEFAULT 'Pending',
  `is_warehouse_accepted` enum('Yes','No') NOT NULL DEFAULT 'No',
  `warehouse_accepted_by` int(11) DEFAULT NULL,
  `warehouse_accept_date` date DEFAULT NULL,
  `is_item_received_in_warehouse` enum('Yes','No') NOT NULL DEFAULT 'No',
  `item_received_in_warehouse_by` int(11) DEFAULT 0,
  `item_received_in_warehouse_date` date DEFAULT NULL,
  `item_interred_in_warehouse_by` int(11) DEFAULT NULL,
  `work_req_send_by` int(11) DEFAULT NULL,
  `work_req_send_date` date DEFAULT NULL,
  `is_work_require_request_accepted` enum('Yes','No','Null') DEFAULT 'Null',
  `is_gatepass_genrated_by_warehouse` enum('Yes','No') DEFAULT 'Yes',
  `gatepass_genrated_by_warehouse_user` int(11) DEFAULT NULL,
  `is_item_received_from_warehouse` enum('Yes','No') DEFAULT 'Yes',
  `item_received_in_department_by` int(11) DEFAULT NULL,
  `work_status` enum('Complete','Pending') NOT NULL DEFAULT 'Pending',
  `created` date NOT NULL,
  `modified` date DEFAULT NULL,
  `status` tinyint(1) NOT NULL
) ENGINE=InnoDB DEFAULT CHARSET=utf8mb4;

--
-- Dumping data for table `work_orders`
--

INSERT INTO `work_orders` (`work_order_id`, `child_work_order_id`, `process_type`, `process_sl_no`, `user_id`, `process_type_id`, `item_type_id`, `item_id`, `item_name`, `pcs`, `cut`, `meter`, `process_started_by`, `process_ended_by`, `process_inspected_by`, `process_started_date`, `process_ended_date`, `process_inspected_date`, `process_started_remarks`, `process_ended_remarks`, `master_ind_id`, `machine_id`, `output_quantity`, `output_process`, `end_process_emp_id`, `insp_status`, `is_warehouse_accepted`, `warehouse_accepted_by`, `warehouse_accept_date`, `is_item_received_in_warehouse`, `item_received_in_warehouse_by`, `item_received_in_warehouse_date`, `item_interred_in_warehouse_by`, `work_req_send_by`, `work_req_send_date`, `is_work_require_request_accepted`, `is_gatepass_genrated_by_warehouse`, `gatepass_genrated_by_warehouse_user`, `is_item_received_from_warehouse`, `item_received_in_department_by`, `work_status`, `created`, `modified`, `status`) VALUES
(1, NULL, 'W', 1001, 18, 1, 1, 27, 'Gene Twill', 8, 107, 121, 18, 0, 0, '2023-12-18', NULL, NULL, 'Process Remarks asd', '', 10, 1, NULL, NULL, NULL, 'Complete', 'Yes', 18, '2023-12-18', 'No', 0, NULL, NULL, 18, '2023-12-18', 'Yes', 'Yes', NULL, 'Yes', NULL, 'Pending', '2023-12-18', NULL, 1),
(2, 1, 'V', 1001, 18, 2, 2, 27, 'Gene Twill', 8, 107, 121, 18, 0, 0, '2023-12-18', NULL, NULL, 'sdv', '', 10, 3, NULL, NULL, NULL, 'Pending', 'No', NULL, NULL, 'No', 0, NULL, NULL, 18, '2023-12-18', 'Yes', 'Yes', NULL, 'Yes', NULL, 'Pending', '2023-12-18', NULL, 1);

-- --------------------------------------------------------

--
-- Table structure for table `work_order_items`
--

CREATE TABLE `work_order_items` (
  `woi_id` int(11) NOT NULL,
  `work_order_id` int(11) DEFAULT NULL,
  `customer_id` int(11) DEFAULT NULL,
  `sale_order_id` int(11) DEFAULT NULL,
  `sale_order_item_id` int(11) DEFAULT NULL,
  `item_type_id` int(11) DEFAULT NULL,
  `unit_type_id` int(11) DEFAULT NULL,
  `item_id` int(11) DEFAULT NULL,
  `pcs` int(11) NOT NULL,
  `cut` int(11) NOT NULL,
  `meter` int(11) NOT NULL,
  `grey_quality` varchar(555) DEFAULT NULL,
  `dyeing_color` varchar(555) DEFAULT NULL,
  `coated_pvc` varchar(555) DEFAULT NULL,
  `extra_job` varchar(555) DEFAULT NULL,
  `print_job` varchar(555) DEFAULT NULL,
  `expect_delivery_date` date DEFAULT NULL,
  `order_item_priority` varchar(222) NOT NULL,
  `quantity` int(11) DEFAULT NULL,
  `is_work_completed` enum('0','1') NOT NULL DEFAULT '0',
  `created` date DEFAULT NULL,
  `modified` date DEFAULT NULL,
  `status` tinyint(1) NOT NULL DEFAULT 0
) ENGINE=InnoDB DEFAULT CHARSET=utf8mb4;

--
-- Dumping data for table `work_order_items`
--

INSERT INTO `work_order_items` (`woi_id`, `work_order_id`, `customer_id`, `sale_order_id`, `sale_order_item_id`, `item_type_id`, `unit_type_id`, `item_id`, `pcs`, `cut`, `meter`, `grey_quality`, `dyeing_color`, `coated_pvc`, `extra_job`, `print_job`, `expect_delivery_date`, `order_item_priority`, `quantity`, `is_work_completed`, `created`, `modified`, `status`) VALUES
(1, 1, 1, 1, 2, 8, 2, 27, 4, 4, 16, 'Gene Twill', 'Swiral Blue', 'PU Coated', 'Finish Flower', 'Rose Print', '2023-10-10', 'High', NULL, '0', '2023-12-18', NULL, 1),
(2, 1, 1, 2, 4, 8, 2, 27, 1, 1, 1, 'Gene Twill', 'Swiral Blue', 'PVC Coated', 'setup packaging', 'Animal', '2023-10-10', 'Extreme', NULL, '0', '2023-12-18', NULL, 1),
(3, 1, 1, 3, 6, 8, 2, 27, 2, 2, 4, 'INT Gene Twill', 'Rainbow', 'pvc', 'Fine Print', 'Flower', '2023-10-10', 'Normal', NULL, '0', '2023-12-18', NULL, 1),
(4, 1, 1, 5, 10, 8, 2, 27, 1, 100, 100, 'INT Gene Twill', 'No', 'No', 'No', 'No', '2023-12-15', 'Low', NULL, '0', '2023-12-18', NULL, 1),
(5, 2, 1, 1, 2, 2, 2, 27, 4, 4, 16, 'Gene Twill', 'Swiral Blue', 'PU Coated', 'Finish Flower', 'Rose Print', '2023-10-10', 'High', NULL, '0', '2023-12-18', NULL, 1),
(6, 2, 1, 2, 4, 2, 2, 27, 1, 1, 1, 'Gene Twill', 'Swiral Blue', 'PVC Coated', 'setup packaging', 'Animal', '2023-10-10', 'Extreme', NULL, '0', '2023-12-18', NULL, 1),
(7, 2, 1, 3, 6, 2, 2, 27, 2, 2, 4, 'INT Gene Twill', 'Rainbow', 'pvc', 'Fine Print', 'Flower', '2023-10-10', 'Normal', NULL, '0', '2023-12-18', NULL, 1),
(8, 2, 1, 5, 10, 2, 2, 27, 1, 100, 100, 'INT Gene Twill', 'No', 'No', 'No', 'No', '2023-12-15', 'Low', NULL, '1', '2023-12-18', NULL, 1);

-- --------------------------------------------------------

--
-- Table structure for table `work_order_item_details`
--

CREATE TABLE `work_order_item_details` (
  `woid_id` int(11) NOT NULL,
  `insp_id` int(11) DEFAULT NULL,
  `work_order_id` int(11) DEFAULT NULL,
  `customer_id` int(11) DEFAULT NULL,
  `sale_order_id` int(11) DEFAULT NULL,
  `sale_order_item_id` int(11) DEFAULT NULL,
  `item_type_id` int(11) DEFAULT NULL,
  `unit_type_id` int(11) DEFAULT NULL,
  `item_id` int(11) DEFAULT NULL,
  `pcs` int(11) NOT NULL,
  `cut` int(11) NOT NULL,
  `meter` int(11) NOT NULL,
  `grey_quality` varchar(555) DEFAULT NULL,
  `dyeing_color` varchar(555) DEFAULT NULL,
  `coated_pvc` varchar(555) DEFAULT NULL,
  `extra_job` varchar(555) DEFAULT NULL,
  `print_job` varchar(555) DEFAULT NULL,
  `expect_delivery_date` date DEFAULT NULL,
  `order_item_priority` varchar(222) NOT NULL,
  `quantity` int(11) DEFAULT NULL,
  `created` date DEFAULT NULL,
  `modified` date DEFAULT NULL,
  `status` tinyint(1) NOT NULL DEFAULT 0
) ENGINE=InnoDB DEFAULT CHARSET=utf8mb4;

-- --------------------------------------------------------

--
-- Table structure for table `work_process_requirements`
--

CREATE TABLE `work_process_requirements` (
  `id` int(11) NOT NULL,
  `work_order_id` int(11) DEFAULT NULL,
  `warehouse_balance_item_id` int(11) DEFAULT NULL,
  `wis_id` int(11) DEFAULT NULL,
  `item_id` int(11) DEFAULT NULL,
  `process_type_id` int(11) DEFAULT NULL,
  `item_type_id` int(11) DEFAULT NULL,
  `work_req_send_by` int(11) DEFAULT NULL,
  `quantity` int(11) DEFAULT NULL,
  `is_pro_acc_by_warehouse` enum('Yes','No') DEFAULT NULL,
  `process_accepted_by` int(11) DEFAULT NULL,
  `process_deny_by` int(11) DEFAULT NULL,
  `acc_deny_date` date DEFAULT NULL,
  `is_accept` enum('0','1','2') DEFAULT '0' COMMENT '0=null,1=accept,2=deny',
  `created` date NOT NULL,
  `status` tinyint(1) NOT NULL DEFAULT 1
) ENGINE=InnoDB DEFAULT CHARSET=utf8mb4;

--
-- Dumping data for table `work_process_requirements`
--

INSERT INTO `work_process_requirements` (`id`, `work_order_id`, `warehouse_balance_item_id`, `wis_id`, `item_id`, `process_type_id`, `item_type_id`, `work_req_send_by`, `quantity`, `is_pro_acc_by_warehouse`, `process_accepted_by`, `process_deny_by`, `acc_deny_date`, `is_accept`, `created`, `status`) VALUES
(1, 1, NULL, NULL, 24, 1, 1, 18, 1, 'Yes', 18, NULL, '2023-12-18', '1', '2023-12-18', 1),
(2, 2, NULL, 41, 27, 2, 2, 18, 100, 'Yes', 18, NULL, '2023-12-18', '1', '2023-12-18', 1),
(3, 2, NULL, NULL, 23, 2, 1, 18, 1, 'Yes', 18, NULL, '2023-12-18', '1', '2023-12-18', 1);

-- --------------------------------------------------------

--
-- Table structure for table `work_purchase_requirements`
--

CREATE TABLE `work_purchase_requirements` (
  `id` int(11) NOT NULL,
  `work_order_id` int(11) NOT NULL,
  `item_id` int(11) NOT NULL,
  `item_name` varchar(255) DEFAULT NULL,
  `process_type_id` int(11) NOT NULL,
  `item_type_id` int(11) NOT NULL,
  `unit_type_id` int(11) DEFAULT NULL,
  `purchase_req_send_by` int(11) NOT NULL,
  `quantity` int(11) NOT NULL,
  `meter` decimal(10,2) DEFAULT NULL,
  `pur_remark` text NOT NULL,
  `is_pro_acc_by_manager` enum('Yes','No') DEFAULT NULL COMMENT 'is process accepted by manager',
  `process_accepted_by` int(11) DEFAULT NULL,
  `acc_deny_date` date DEFAULT NULL,
  `created` date NOT NULL,
  `status` tinyint(1) NOT NULL DEFAULT 1
) ENGINE=InnoDB DEFAULT CHARSET=utf8mb4;

--
-- Dumping data for table `work_purchase_requirements`
--

INSERT INTO `work_purchase_requirements` (`id`, `work_order_id`, `item_id`, `item_name`, `process_type_id`, `item_type_id`, `unit_type_id`, `purchase_req_send_by`, `quantity`, `meter`, `pur_remark`, `is_pro_acc_by_manager`, `process_accepted_by`, `acc_deny_date`, `created`, `status`) VALUES
(1, 2, 4, '300/96/1 HIM BD BLACK', 2, 2, 8, 4, 2, '10.00', 'test', NULL, NULL, NULL, '2023-12-19', 1);

-- --------------------------------------------------------

--
-- Table structure for table `yarns`
--

CREATE TABLE `yarns` (
  `id` bigint(20) UNSIGNED NOT NULL,
  `name` varchar(255) COLLATE utf8mb4_unicode_ci DEFAULT NULL,
  `created` datetime DEFAULT NULL,
  `modified` datetime DEFAULT NULL,
  `status` tinyint(4) NOT NULL DEFAULT 1
) ENGINE=InnoDB DEFAULT CHARSET=utf8mb4 COLLATE=utf8mb4_unicode_ci;

--
-- Indexes for dumped tables
--

--
-- Indexes for table `account_groups`
--
ALTER TABLE `account_groups`
  ADD PRIMARY KEY (`id`);

--
-- Indexes for table `agents`
--
ALTER TABLE `agents`
  ADD PRIMARY KEY (`id`);

--
-- Indexes for table `all_pages`
--
ALTER TABLE `all_pages`
  ADD PRIMARY KEY (`id`);

--
-- Indexes for table `bank`
--
ALTER TABLE `bank`
  ADD PRIMARY KEY (`id`);

--
-- Indexes for table `bank_accounts`
--
ALTER TABLE `bank_accounts`
  ADD PRIMARY KEY (`id`);

--
-- Indexes for table `bims`
--
ALTER TABLE `bims`
  ADD PRIMARY KEY (`id`);

--
-- Indexes for table `cities`
--
ALTER TABLE `cities`
  ADD PRIMARY KEY (`id`);

--
-- Indexes for table `coated_fabrics`
--
ALTER TABLE `coated_fabrics`
  ADD PRIMARY KEY (`id`);

--
-- Indexes for table `companies`
--
ALTER TABLE `companies`
  ADD PRIMARY KEY (`id`);

--
-- Indexes for table `countries`
--
ALTER TABLE `countries`
  ADD PRIMARY KEY (`id`);

--
-- Indexes for table `customers`
--
ALTER TABLE `customers`
  ADD PRIMARY KEY (`id`);

--
-- Indexes for table `debug_info_table`
--
ALTER TABLE `debug_info_table`
  ADD PRIMARY KEY (`id`);

--
-- Indexes for table `departments`
--
ALTER TABLE `departments`
  ADD PRIMARY KEY (`id`);

--
-- Indexes for table `dyed_fabrics`
--
ALTER TABLE `dyed_fabrics`
  ADD PRIMARY KEY (`id`);

--
-- Indexes for table `fabric_fault_reasons`
--
ALTER TABLE `fabric_fault_reasons`
  ADD PRIMARY KEY (`id`);

--
-- Indexes for table `gate_passes`
--
ALTER TABLE `gate_passes`
  ADD PRIMARY KEY (`id`);

--
-- Indexes for table `greys`
--
ALTER TABLE `greys`
  ADD PRIMARY KEY (`id`);

--
-- Indexes for table `gst_rates`
--
ALTER TABLE `gst_rates`
  ADD PRIMARY KEY (`gst_rate_id`);

--
-- Indexes for table `hsns`
--
ALTER TABLE `hsns`
  ADD PRIMARY KEY (`id`);

--
-- Indexes for table `individuals`
--
ALTER TABLE `individuals`
  ADD PRIMARY KEY (`id`);

--
-- Indexes for table `individual_address`
--
ALTER TABLE `individual_address`
  ADD PRIMARY KEY (`ind_add_id`);

--
-- Indexes for table `individual_types`
--
ALTER TABLE `individual_types`
  ADD PRIMARY KEY (`id`);

--
-- Indexes for table `items`
--
ALTER TABLE `items`
  ADD PRIMARY KEY (`item_id`);

--
-- Indexes for table `item_type`
--
ALTER TABLE `item_type`
  ADD PRIMARY KEY (`item_type_id`);

--
-- Indexes for table `item_yarn_requirements`
--
ALTER TABLE `item_yarn_requirements`
  ADD PRIMARY KEY (`iyr_id`);

--
-- Indexes for table `labourers`
--
ALTER TABLE `labourers`
  ADD PRIMARY KEY (`id`);

--
-- Indexes for table `machines`
--
ALTER TABLE `machines`
  ADD PRIMARY KEY (`id`);

--
-- Indexes for table `masters`
--
ALTER TABLE `masters`
  ADD PRIMARY KEY (`id`);

--
-- Indexes for table `migrations`
--
ALTER TABLE `migrations`
  ADD PRIMARY KEY (`id`);

--
-- Indexes for table `modules`
--
ALTER TABLE `modules`
  ADD PRIMARY KEY (`id`);

--
-- Indexes for table `notifications`
--
ALTER TABLE `notifications`
  ADD PRIMARY KEY (`id`);

--
-- Indexes for table `packaging`
--
ALTER TABLE `packaging`
  ADD PRIMARY KEY (`packaging_id`);

--
-- Indexes for table `paper_tubes`
--
ALTER TABLE `paper_tubes`
  ADD PRIMARY KEY (`id`);

--
-- Indexes for table `password_resets`
--
ALTER TABLE `password_resets`
  ADD KEY `password_resets_email_index` (`email`);

--
-- Indexes for table `people`
--
ALTER TABLE `people`
  ADD PRIMARY KEY (`id`);

--
-- Indexes for table `process_items`
--
ALTER TABLE `process_items`
  ADD PRIMARY KEY (`id`);

--
-- Indexes for table `process_requirements`
--
ALTER TABLE `process_requirements`
  ADD PRIMARY KEY (`id`);

--
-- Indexes for table `purchases`
--
ALTER TABLE `purchases`
  ADD PRIMARY KEY (`id`);

--
-- Indexes for table `purchase_items`
--
ALTER TABLE `purchase_items`
  ADD PRIMARY KEY (`id`);

--
-- Indexes for table `purchase_orders`
--
ALTER TABLE `purchase_orders`
  ADD PRIMARY KEY (`id`);

--
-- Indexes for table `purchase_order_items`
--
ALTER TABLE `purchase_order_items`
  ADD PRIMARY KEY (`id`);

--
-- Indexes for table `qualities`
--
ALTER TABLE `qualities`
  ADD PRIMARY KEY (`id`);

--
-- Indexes for table `quality_types`
--
ALTER TABLE `quality_types`
  ADD PRIMARY KEY (`id`);

--
-- Indexes for table `sale_entries`
--
ALTER TABLE `sale_entries`
  ADD PRIMARY KEY (`sale_entry_id`);

--
-- Indexes for table `sale_entry_items`
--
ALTER TABLE `sale_entry_items`
  ADD PRIMARY KEY (`sale_entry_item_id`);

--
-- Indexes for table `sale_orders`
--
ALTER TABLE `sale_orders`
  ADD PRIMARY KEY (`sale_order_id`);

--
-- Indexes for table `sale_order_items`
--
ALTER TABLE `sale_order_items`
  ADD PRIMARY KEY (`sale_order_item_id`);

--
-- Indexes for table `sample_folders`
--
ALTER TABLE `sample_folders`
  ADD PRIMARY KEY (`id`);

--
-- Indexes for table `states`
--
ALTER TABLE `states`
  ADD PRIMARY KEY (`id`);

--
-- Indexes for table `stationaries`
--
ALTER TABLE `stationaries`
  ADD PRIMARY KEY (`id`);

--
-- Indexes for table `stations`
--
ALTER TABLE `stations`
  ADD PRIMARY KEY (`id`);

--
-- Indexes for table `transports`
--
ALTER TABLE `transports`
  ADD PRIMARY KEY (`id`);

--
-- Indexes for table `unit_type`
--
ALTER TABLE `unit_type`
  ADD PRIMARY KEY (`unit_type_id`);

--
-- Indexes for table `users`
--
ALTER TABLE `users`
  ADD PRIMARY KEY (`id`),
  ADD UNIQUE KEY `users_email_unique` (`email`);

--
-- Indexes for table `user_module_assignment`
--
ALTER TABLE `user_module_assignment`
  ADD PRIMARY KEY (`id`);

--
-- Indexes for table `user_web_pages`
--
ALTER TABLE `user_web_pages`
  ADD PRIMARY KEY (`id`);

--
-- Indexes for table `vehicles`
--
ALTER TABLE `vehicles`
  ADD PRIMARY KEY (`id`);

--
-- Indexes for table `vendors`
--
ALTER TABLE `vendors`
  ADD PRIMARY KEY (`id`);

--
-- Indexes for table `warehouses`
--
ALTER TABLE `warehouses`
  ADD PRIMARY KEY (`id`);

--
-- Indexes for table `warehouse_balance_items`
--
ALTER TABLE `warehouse_balance_items`
  ADD PRIMARY KEY (`id`);

--
-- Indexes for table `warehouse_in_items`
--
ALTER TABLE `warehouse_in_items`
  ADD PRIMARY KEY (`id`);

--
-- Indexes for table `warehouse_item_stocks`
--
ALTER TABLE `warehouse_item_stocks`
  ADD PRIMARY KEY (`wis_id`);

--
-- Indexes for table `warehouse_out_items`
--
ALTER TABLE `warehouse_out_items`
  ADD PRIMARY KEY (`id`);

--
-- Indexes for table `ware_house_compartments`
--
ALTER TABLE `ware_house_compartments`
  ADD PRIMARY KEY (`id`);

--
-- Indexes for table `work_inspections`
--
ALTER TABLE `work_inspections`
  ADD PRIMARY KEY (`id`);

--
-- Indexes for table `work_orders`
--
ALTER TABLE `work_orders`
  ADD PRIMARY KEY (`work_order_id`);

--
-- Indexes for table `work_order_items`
--
ALTER TABLE `work_order_items`
  ADD PRIMARY KEY (`woi_id`);

--
-- Indexes for table `work_order_item_details`
--
ALTER TABLE `work_order_item_details`
  ADD PRIMARY KEY (`woid_id`);

--
-- Indexes for table `work_process_requirements`
--
ALTER TABLE `work_process_requirements`
  ADD PRIMARY KEY (`id`);

--
-- Indexes for table `work_purchase_requirements`
--
ALTER TABLE `work_purchase_requirements`
  ADD PRIMARY KEY (`id`);

--
-- Indexes for table `yarns`
--
ALTER TABLE `yarns`
  ADD PRIMARY KEY (`id`);

--
-- AUTO_INCREMENT for dumped tables
--

--
-- AUTO_INCREMENT for table `account_groups`
--
ALTER TABLE `account_groups`
  MODIFY `id` bigint(20) UNSIGNED NOT NULL AUTO_INCREMENT, AUTO_INCREMENT=3;

--
-- AUTO_INCREMENT for table `agents`
--
ALTER TABLE `agents`
  MODIFY `id` int(11) NOT NULL AUTO_INCREMENT, AUTO_INCREMENT=3;

--
-- AUTO_INCREMENT for table `all_pages`
--
ALTER TABLE `all_pages`
  MODIFY `id` int(11) NOT NULL AUTO_INCREMENT, AUTO_INCREMENT=145;

--
-- AUTO_INCREMENT for table `bank`
--
ALTER TABLE `bank`
  MODIFY `id` bigint(20) UNSIGNED NOT NULL AUTO_INCREMENT, AUTO_INCREMENT=7;

--
-- AUTO_INCREMENT for table `bank_accounts`
--
ALTER TABLE `bank_accounts`
  MODIFY `id` bigint(20) UNSIGNED NOT NULL AUTO_INCREMENT, AUTO_INCREMENT=3;

--
-- AUTO_INCREMENT for table `bims`
--
ALTER TABLE `bims`
  MODIFY `id` bigint(20) UNSIGNED NOT NULL AUTO_INCREMENT;

--
-- AUTO_INCREMENT for table `cities`
--
ALTER TABLE `cities`
  MODIFY `id` int(11) NOT NULL AUTO_INCREMENT, AUTO_INCREMENT=7355;

--
-- AUTO_INCREMENT for table `coated_fabrics`
--
ALTER TABLE `coated_fabrics`
  MODIFY `id` bigint(20) UNSIGNED NOT NULL AUTO_INCREMENT, AUTO_INCREMENT=2;

--
-- AUTO_INCREMENT for table `companies`
--
ALTER TABLE `companies`
  MODIFY `id` int(11) NOT NULL AUTO_INCREMENT, AUTO_INCREMENT=2;

--
-- AUTO_INCREMENT for table `countries`
--
ALTER TABLE `countries`
  MODIFY `id` int(11) NOT NULL AUTO_INCREMENT, AUTO_INCREMENT=247;

--
-- AUTO_INCREMENT for table `customers`
--
ALTER TABLE `customers`
  MODIFY `id` int(11) NOT NULL AUTO_INCREMENT, AUTO_INCREMENT=5;

--
-- AUTO_INCREMENT for table `debug_info_table`
--
ALTER TABLE `debug_info_table`
  MODIFY `id` int(11) NOT NULL AUTO_INCREMENT, AUTO_INCREMENT=5;

--
-- AUTO_INCREMENT for table `departments`
--
ALTER TABLE `departments`
  MODIFY `id` bigint(20) UNSIGNED NOT NULL AUTO_INCREMENT, AUTO_INCREMENT=7;

--
-- AUTO_INCREMENT for table `dyed_fabrics`
--
ALTER TABLE `dyed_fabrics`
  MODIFY `id` bigint(20) UNSIGNED NOT NULL AUTO_INCREMENT, AUTO_INCREMENT=2;

--
-- AUTO_INCREMENT for table `fabric_fault_reasons`
--
ALTER TABLE `fabric_fault_reasons`
  MODIFY `id` int(11) NOT NULL AUTO_INCREMENT, AUTO_INCREMENT=9;

--
-- AUTO_INCREMENT for table `gate_passes`
--
ALTER TABLE `gate_passes`
  MODIFY `id` int(11) NOT NULL AUTO_INCREMENT, AUTO_INCREMENT=3;

--
-- AUTO_INCREMENT for table `greys`
--
ALTER TABLE `greys`
  MODIFY `id` bigint(20) UNSIGNED NOT NULL AUTO_INCREMENT, AUTO_INCREMENT=3;

--
-- AUTO_INCREMENT for table `gst_rates`
--
ALTER TABLE `gst_rates`
  MODIFY `gst_rate_id` int(11) NOT NULL AUTO_INCREMENT, AUTO_INCREMENT=6;

--
-- AUTO_INCREMENT for table `hsns`
--
ALTER TABLE `hsns`
  MODIFY `id` bigint(20) UNSIGNED NOT NULL AUTO_INCREMENT;

--
-- AUTO_INCREMENT for table `individuals`
--
ALTER TABLE `individuals`
  MODIFY `id` bigint(20) UNSIGNED NOT NULL AUTO_INCREMENT, AUTO_INCREMENT=19;

--
-- AUTO_INCREMENT for table `individual_address`
--
ALTER TABLE `individual_address`
  MODIFY `ind_add_id` int(11) NOT NULL AUTO_INCREMENT, AUTO_INCREMENT=8;

--
-- AUTO_INCREMENT for table `individual_types`
--
ALTER TABLE `individual_types`
  MODIFY `id` int(11) NOT NULL AUTO_INCREMENT, AUTO_INCREMENT=4;

--
-- AUTO_INCREMENT for table `items`
--
ALTER TABLE `items`
  MODIFY `item_id` int(11) NOT NULL AUTO_INCREMENT, AUTO_INCREMENT=81;

--
-- AUTO_INCREMENT for table `item_type`
--
ALTER TABLE `item_type`
  MODIFY `item_type_id` int(11) NOT NULL AUTO_INCREMENT, AUTO_INCREMENT=10;

--
-- AUTO_INCREMENT for table `item_yarn_requirements`
--
ALTER TABLE `item_yarn_requirements`
  MODIFY `iyr_id` int(11) NOT NULL AUTO_INCREMENT, AUTO_INCREMENT=36;

--
-- AUTO_INCREMENT for table `labourers`
--
ALTER TABLE `labourers`
  MODIFY `id` int(11) NOT NULL AUTO_INCREMENT, AUTO_INCREMENT=3;

--
-- AUTO_INCREMENT for table `machines`
--
ALTER TABLE `machines`
  MODIFY `id` bigint(20) UNSIGNED NOT NULL AUTO_INCREMENT, AUTO_INCREMENT=9;

--
-- AUTO_INCREMENT for table `masters`
--
ALTER TABLE `masters`
  MODIFY `id` int(11) NOT NULL AUTO_INCREMENT, AUTO_INCREMENT=4;

--
-- AUTO_INCREMENT for table `migrations`
--
ALTER TABLE `migrations`
  MODIFY `id` int(10) UNSIGNED NOT NULL AUTO_INCREMENT, AUTO_INCREMENT=29;

--
-- AUTO_INCREMENT for table `modules`
--
ALTER TABLE `modules`
  MODIFY `id` bigint(20) UNSIGNED NOT NULL AUTO_INCREMENT, AUTO_INCREMENT=3;

--
-- AUTO_INCREMENT for table `notifications`
--
ALTER TABLE `notifications`
  MODIFY `id` bigint(20) UNSIGNED NOT NULL AUTO_INCREMENT, AUTO_INCREMENT=64;

--
-- AUTO_INCREMENT for table `packaging`
--
ALTER TABLE `packaging`
  MODIFY `packaging_id` bigint(20) UNSIGNED NOT NULL AUTO_INCREMENT, AUTO_INCREMENT=2;

--
-- AUTO_INCREMENT for table `paper_tubes`
--
ALTER TABLE `paper_tubes`
  MODIFY `id` bigint(20) UNSIGNED NOT NULL AUTO_INCREMENT, AUTO_INCREMENT=6;

--
-- AUTO_INCREMENT for table `people`
--
ALTER TABLE `people`
  MODIFY `id` bigint(20) UNSIGNED NOT NULL AUTO_INCREMENT, AUTO_INCREMENT=2;

--
-- AUTO_INCREMENT for table `process_items`
--
ALTER TABLE `process_items`
  MODIFY `id` bigint(20) UNSIGNED NOT NULL AUTO_INCREMENT, AUTO_INCREMENT=8;

--
-- AUTO_INCREMENT for table `process_requirements`
--
ALTER TABLE `process_requirements`
  MODIFY `id` int(11) NOT NULL AUTO_INCREMENT, AUTO_INCREMENT=6;

--
-- AUTO_INCREMENT for table `purchases`
--
ALTER TABLE `purchases`
  MODIFY `id` int(10) UNSIGNED NOT NULL AUTO_INCREMENT, AUTO_INCREMENT=5;

--
-- AUTO_INCREMENT for table `purchase_items`
--
ALTER TABLE `purchase_items`
  MODIFY `id` int(9) UNSIGNED NOT NULL AUTO_INCREMENT, AUTO_INCREMENT=7;

--
-- AUTO_INCREMENT for table `purchase_orders`
--
ALTER TABLE `purchase_orders`
  MODIFY `id` int(10) UNSIGNED NOT NULL AUTO_INCREMENT, AUTO_INCREMENT=3;

--
-- AUTO_INCREMENT for table `purchase_order_items`
--
ALTER TABLE `purchase_order_items`
  MODIFY `id` int(9) UNSIGNED NOT NULL AUTO_INCREMENT, AUTO_INCREMENT=4;

--
-- AUTO_INCREMENT for table `qualities`
--
ALTER TABLE `qualities`
  MODIFY `id` bigint(20) UNSIGNED NOT NULL AUTO_INCREMENT, AUTO_INCREMENT=2;

--
-- AUTO_INCREMENT for table `quality_types`
--
ALTER TABLE `quality_types`
  MODIFY `id` bigint(20) UNSIGNED NOT NULL AUTO_INCREMENT, AUTO_INCREMENT=3;

--
-- AUTO_INCREMENT for table `sale_entries`
--
ALTER TABLE `sale_entries`
  MODIFY `sale_entry_id` int(11) NOT NULL AUTO_INCREMENT, AUTO_INCREMENT=3;

--
-- AUTO_INCREMENT for table `sale_entry_items`
--
ALTER TABLE `sale_entry_items`
  MODIFY `sale_entry_item_id` int(11) NOT NULL AUTO_INCREMENT, AUTO_INCREMENT=3;

--
-- AUTO_INCREMENT for table `sale_orders`
--
ALTER TABLE `sale_orders`
  MODIFY `sale_order_id` int(11) NOT NULL AUTO_INCREMENT, AUTO_INCREMENT=6;

--
-- AUTO_INCREMENT for table `sale_order_items`
--
ALTER TABLE `sale_order_items`
  MODIFY `sale_order_item_id` int(11) NOT NULL AUTO_INCREMENT, AUTO_INCREMENT=34;

--
-- AUTO_INCREMENT for table `sample_folders`
--
ALTER TABLE `sample_folders`
  MODIFY `id` bigint(20) UNSIGNED NOT NULL AUTO_INCREMENT;

--
-- AUTO_INCREMENT for table `states`
--
ALTER TABLE `states`
  MODIFY `id` int(11) NOT NULL AUTO_INCREMENT, AUTO_INCREMENT=44;

--
-- AUTO_INCREMENT for table `stationaries`
--
ALTER TABLE `stationaries`
  MODIFY `id` bigint(20) UNSIGNED NOT NULL AUTO_INCREMENT, AUTO_INCREMENT=3;

--
-- AUTO_INCREMENT for table `stations`
--
ALTER TABLE `stations`
  MODIFY `id` int(11) NOT NULL AUTO_INCREMENT, AUTO_INCREMENT=1400;

--
-- AUTO_INCREMENT for table `transports`
--
ALTER TABLE `transports`
  MODIFY `id` int(11) NOT NULL AUTO_INCREMENT, AUTO_INCREMENT=6;

--
-- AUTO_INCREMENT for table `unit_type`
--
ALTER TABLE `unit_type`
  MODIFY `unit_type_id` int(11) NOT NULL AUTO_INCREMENT, AUTO_INCREMENT=10;

--
-- AUTO_INCREMENT for table `users`
--
ALTER TABLE `users`
  MODIFY `id` bigint(20) UNSIGNED NOT NULL AUTO_INCREMENT, AUTO_INCREMENT=6;

--
-- AUTO_INCREMENT for table `user_module_assignment`
--
ALTER TABLE `user_module_assignment`
  MODIFY `id` int(11) NOT NULL AUTO_INCREMENT, AUTO_INCREMENT=16;

--
-- AUTO_INCREMENT for table `user_web_pages`
--
ALTER TABLE `user_web_pages`
  MODIFY `id` int(11) NOT NULL AUTO_INCREMENT, AUTO_INCREMENT=28;

--
-- AUTO_INCREMENT for table `vehicles`
--
ALTER TABLE `vehicles`
  MODIFY `id` bigint(20) UNSIGNED NOT NULL AUTO_INCREMENT;

--
-- AUTO_INCREMENT for table `vendors`
--
ALTER TABLE `vendors`
  MODIFY `id` int(11) NOT NULL AUTO_INCREMENT, AUTO_INCREMENT=4;

--
-- AUTO_INCREMENT for table `warehouses`
--
ALTER TABLE `warehouses`
  MODIFY `id` bigint(20) UNSIGNED NOT NULL AUTO_INCREMENT, AUTO_INCREMENT=8;

--
-- AUTO_INCREMENT for table `warehouse_balance_items`
--
ALTER TABLE `warehouse_balance_items`
  MODIFY `id` int(11) NOT NULL AUTO_INCREMENT, AUTO_INCREMENT=9;

--
-- AUTO_INCREMENT for table `warehouse_in_items`
--
ALTER TABLE `warehouse_in_items`
  MODIFY `id` int(11) NOT NULL AUTO_INCREMENT, AUTO_INCREMENT=6;

--
-- AUTO_INCREMENT for table `warehouse_item_stocks`
--
ALTER TABLE `warehouse_item_stocks`
  MODIFY `wis_id` int(11) NOT NULL AUTO_INCREMENT, AUTO_INCREMENT=42;

--
-- AUTO_INCREMENT for table `warehouse_out_items`
--
ALTER TABLE `warehouse_out_items`
  MODIFY `id` int(11) NOT NULL AUTO_INCREMENT, AUTO_INCREMENT=4;

--
-- AUTO_INCREMENT for table `ware_house_compartments`
--
ALTER TABLE `ware_house_compartments`
  MODIFY `id` bigint(20) UNSIGNED NOT NULL AUTO_INCREMENT, AUTO_INCREMENT=12;

--
-- AUTO_INCREMENT for table `work_inspections`
--
ALTER TABLE `work_inspections`
  MODIFY `id` int(11) NOT NULL AUTO_INCREMENT, AUTO_INCREMENT=3;

--
-- AUTO_INCREMENT for table `work_orders`
--
ALTER TABLE `work_orders`
  MODIFY `work_order_id` bigint(11) NOT NULL AUTO_INCREMENT, AUTO_INCREMENT=3;

--
-- AUTO_INCREMENT for table `work_order_items`
--
ALTER TABLE `work_order_items`
  MODIFY `woi_id` int(11) NOT NULL AUTO_INCREMENT, AUTO_INCREMENT=9;

--
-- AUTO_INCREMENT for table `work_order_item_details`
--
ALTER TABLE `work_order_item_details`
  MODIFY `woid_id` int(11) NOT NULL AUTO_INCREMENT;

--
-- AUTO_INCREMENT for table `work_process_requirements`
--
ALTER TABLE `work_process_requirements`
  MODIFY `id` int(11) NOT NULL AUTO_INCREMENT, AUTO_INCREMENT=4;

--
-- AUTO_INCREMENT for table `work_purchase_requirements`
--
ALTER TABLE `work_purchase_requirements`
  MODIFY `id` int(11) NOT NULL AUTO_INCREMENT, AUTO_INCREMENT=2;

--
-- AUTO_INCREMENT for table `yarns`
--
ALTER TABLE `yarns`
  MODIFY `id` bigint(20) UNSIGNED NOT NULL AUTO_INCREMENT;
COMMIT;

/*!40101 SET CHARACTER_SET_CLIENT=@OLD_CHARACTER_SET_CLIENT */;
/*!40101 SET CHARACTER_SET_RESULTS=@OLD_CHARACTER_SET_RESULTS */;
/*!40101 SET COLLATION_CONNECTION=@OLD_COLLATION_CONNECTION */;
